{"type":"FeatureCollection","name":"Núcleo Cidade de Deus — matriz do Bradesco","fontes":["Planta de implantação \"Módulos\" — DMDV Arquitetos (ArchDaily, 2020), georreferenciada sobre imagem Esri World Imagery z19 por 10 pontos de controle (RMS 4,5 m).","Mapa \"Cidade de Deus — Prédios e Facilidades\"","Google Earth 05/2024 (referência visual)","Esri World Imagery (copas)"],"features":[{"type":"Feature","properties":{"kind":"building","source":"planta oficial georreferenciada","planId":"b1","name":"Prédio Cinza","num":1,"levels":4,"height":16,"wall":"#c4c9cd","roof":"#8e949a","windows":"#26323f","roofItems":"skylights"},"geometry":{"type":"Polygon","coordinates":[[[-46.7745595,-23.5484729],[-46.774506,-23.5484675],[-46.7744971,-23.5484852],[-46.7745097,-23.5484927],[-46.7745091,-23.5485548],[-46.7745173,-23.5485991],[-46.77453,-23.5486066],[-46.7745248,-23.5486495],[-46.7745375,-23.548657],[-46.7745495,-23.5487265],[-46.7745526,-23.5488138],[-46.7745728,-23.5489277],[-46.7745847,-23.5489413],[-46.7745803,-23.5489781],[-46.774593,-23.5489856],[-46.7746043,-23.5491172],[-46.774617,-23.5491247],[-46.7746238,-23.5492372],[-46.7746321,-23.5492815],[-46.7746447,-23.549289],[-46.7746358,-23.5493067],[-46.7746605,-23.5493837],[-46.7746561,-23.5494206],[-46.7746717,-23.5494594],[-46.7746876,-23.5496101],[-46.7747002,-23.5496176],[-46.7746913,-23.5496353],[-46.774704,-23.5496428],[-46.7747033,-23.5497049],[-46.7747197,-23.5497376],[-46.7747153,-23.5497744],[-46.7747355,-23.5498323],[-46.7747393,-23.5499135],[-46.774772,-23.549923],[-46.7748828,-23.5499031],[-46.7748948,-23.5499167],[-46.7749083,-23.5500299],[-46.7749344,-23.5500387],[-46.77497,-23.5500237],[-46.7750519,-23.5500195],[-46.7750705,-23.5500897],[-46.7751576,-23.5500985],[-46.775159,-23.5500303],[-46.7751432,-23.5499355],[-46.7751306,-23.549928],[-46.7751035,-23.5497017],[-46.7750871,-23.549669],[-46.7750915,-23.5496321],[-46.7750788,-23.5496246],[-46.7750877,-23.5496069],[-46.7750751,-23.5495994],[-46.77506,-23.5494426],[-46.7750473,-23.5494351],[-46.775048,-23.5493731],[-46.775036,-23.5493035],[-46.7750233,-23.549296],[-46.7750322,-23.5492783],[-46.7750038,-23.5491761],[-46.7750082,-23.5491392],[-46.7749918,-23.5491065],[-46.7749925,-23.5490445],[-46.7749842,-23.5490002],[-46.7749716,-23.5489927],[-46.7749685,-23.5489054],[-46.7749483,-23.5488475],[-46.7749527,-23.5488106],[-46.774925,-23.5486463],[-46.7748922,-23.5486368],[-46.7748238,-23.5486424],[-46.7748119,-23.5486287],[-46.7748118,-23.5485728],[-46.7747917,-23.5485149],[-46.7746979,-23.5485054],[-46.7746927,-23.5484925],[-46.7745848,-23.5484878],[-46.7745595,-23.5484729]]]}},{"type":"Feature","properties":{"kind":"building","source":"planta oficial georreferenciada","planId":"b8","name":"Prédio Balança","num":2,"levels":2,"height":7,"wall":"#e6ded1","roof":"#8b5a3c","windows":"#2b3f55"},"geometry":{"type":"Polygon","coordinates":[[[-46.7738788,-23.5478763],[-46.7738446,-23.5478791],[-46.7738357,-23.5478968],[-46.7738143,-23.547963],[-46.7738113,-23.5479876],[-46.7738232,-23.5480012],[-46.7739609,-23.5480399],[-46.7739728,-23.5480535],[-46.774013,-23.5480576],[-46.7740182,-23.5480705],[-46.7741105,-23.5480922],[-46.7741417,-23.548114],[-46.7741626,-23.5481099],[-46.7741678,-23.5481228],[-46.774208,-23.5481269],[-46.7742199,-23.5481405],[-46.7744096,-23.5481969],[-46.7744409,-23.5482187],[-46.7744811,-23.5482227],[-46.774493,-23.5482363],[-46.7746567,-23.5482839],[-46.774688,-23.5483057],[-46.7747989,-23.5483417],[-46.7748256,-23.5483444],[-46.7748671,-23.5482243],[-46.7747555,-23.5481944],[-46.7747503,-23.5481815],[-46.7746461,-23.5481462],[-46.7746059,-23.5481421],[-46.7746007,-23.5481292],[-46.7744965,-23.5480938],[-46.7744564,-23.5480898],[-46.774373,-23.5480503],[-46.7742093,-23.5480028],[-46.7742041,-23.5479898],[-46.7740857,-23.5479593],[-46.7740545,-23.5479375],[-46.7738788,-23.5478763]]]}},{"type":"Feature","properties":{"kind":"building","source":"planta oficial georreferenciada","planId":"b6","name":"Prédio Prata","num":4,"levels":6,"height":22,"wall":"#eceae4","roof":"#c4c8cb","windows":"#2b3f55","accent":"banner","accentColor":"#c8102e","towerBox":{"at":0.32}},"geometry":{"type":"Polygon","coordinates":[[[-46.7734715,-23.5480527],[-46.7734246,-23.548048],[-46.7734053,-23.5480958],[-46.7733384,-23.548089],[-46.7732909,-23.5482023],[-46.7732851,-23.5482514],[-46.773268,-23.5482807],[-46.773271,-23.5483121],[-46.7741,-23.5485757],[-46.7741528,-23.5485872],[-46.7741908,-23.5486097],[-46.7742198,-23.548594],[-46.7742249,-23.548551],[-46.7742494,-23.5485162],[-46.7742546,-23.5484732],[-46.7742694,-23.5484623],[-46.7742916,-23.54839],[-46.7742343,-23.5483594],[-46.7742476,-23.5483048],[-46.774046,-23.5482348],[-46.7739991,-23.5482301],[-46.7739872,-23.5482165],[-46.7739023,-23.5481893],[-46.7738815,-23.5481934],[-46.7738696,-23.5481798],[-46.7736739,-23.5481166],[-46.7736531,-23.5481207],[-46.7736151,-23.5480983],[-46.7735682,-23.5480935],[-46.7735563,-23.5480799],[-46.7734715,-23.5480527]]]}},{"type":"Feature","properties":{"kind":"building","source":"planta oficial georreferenciada","planId":"b3","name":"Prédio Vermelho","num":5,"levels":4,"height":16,"wall":"#e8eaec","roof":"#b9bdc1","windows":"#2b3f55","accent":"frisos","accentColor":"#c8102e","glassSide":true,"volumes":[{"from":0.3,"to":0.76,"w":0.8,"height":24,"roof":"#c3c7ca"}],"helipad":{"vol":0,"at":0.66},"towerBox":{"vol":0,"at":0.38}},"geometry":{"type":"Polygon","coordinates":[[[-46.7729077,-23.5486296],[-46.7728742,-23.5486262],[-46.7727228,-23.548816],[-46.7726774,-23.5488549],[-46.7725735,-23.5489873],[-46.7725519,-23.5489975],[-46.7725341,-23.549033],[-46.7725126,-23.5490433],[-46.7725104,-23.5490617],[-46.7724806,-23.5490835],[-46.772471,-23.5491074],[-46.7724101,-23.5491634],[-46.7723923,-23.5491989],[-46.7723314,-23.5492549],[-46.7722742,-23.5493361],[-46.7722527,-23.5493463],[-46.772243,-23.5493702],[-46.7720559,-23.549575],[-46.7720641,-23.5496193],[-46.7721028,-23.5496356],[-46.772114,-23.5496554],[-46.7721341,-23.5496574],[-46.7721639,-23.5496914],[-46.7722458,-23.5497432],[-46.7722659,-23.5497452],[-46.7722881,-23.5497288],[-46.7722978,-23.5497049],[-46.7724218,-23.5495745],[-46.7724396,-23.5495391],[-46.7724849,-23.5495002],[-46.7725733,-23.5493848],[-46.7726104,-23.5493575],[-46.7726127,-23.5493391],[-46.772658,-23.5493002],[-46.7726758,-23.5492647],[-46.7727211,-23.5492258],[-46.7728488,-23.5490647],[-46.7729097,-23.5490087],[-46.7729275,-23.5489732],[-46.7729491,-23.548963],[-46.7729587,-23.5489391],[-46.7729959,-23.5489118],[-46.7730137,-23.5488763],[-46.7730828,-23.5488087],[-46.7730953,-23.5487603],[-46.7730566,-23.548744],[-46.7729896,-23.5486813],[-46.7729695,-23.5486793],[-46.7729583,-23.5486595],[-46.7729077,-23.5486296]]]}},{"type":"Feature","properties":{"kind":"building","source":"planta oficial georreferenciada","planId":"b5","name":"Prédio Rubi","num":6,"levels":4,"height":16,"wall":"#f0eee9","roof":"#cfd3d5","windows":"#2b3f55","accent":"frisos","accentColor":"#9b111e","roofItems":"solar"},"geometry":{"type":"Polygon","coordinates":[[[-46.7726623,-23.5481328],[-46.7726489,-23.5481314],[-46.7726185,-23.5481594],[-46.7725613,-23.5482406],[-46.7725241,-23.548268],[-46.7724982,-23.548315],[-46.7724692,-23.5483307],[-46.772467,-23.5483492],[-46.7724217,-23.5483881],[-46.7723571,-23.5484748],[-46.7723355,-23.548485],[-46.7723333,-23.5485034],[-46.772288,-23.5485423],[-46.7722783,-23.5485662],[-46.7722174,-23.5486222],[-46.7721996,-23.5486577],[-46.7721781,-23.5486679],[-46.7721684,-23.5486918],[-46.7720125,-23.5488625],[-46.7719999,-23.5489109],[-46.7720319,-23.5489265],[-46.7720431,-23.5489463],[-46.7721064,-23.5489837],[-46.7721614,-23.5489768],[-46.7721852,-23.5490041],[-46.7722113,-23.5490129],[-46.7722351,-23.5490402],[-46.7722552,-23.5490422],[-46.7722849,-23.5490203],[-46.7723421,-23.5489391],[-46.7723792,-23.5489118],[-46.7724914,-23.5487678],[-46.7725367,-23.5487289],[-46.7726406,-23.5485965],[-46.7726622,-23.5485862],[-46.7727349,-23.548488],[-46.7727959,-23.548432],[-46.7728137,-23.5483965],[-46.7728746,-23.5483405],[-46.7728857,-23.5483044],[-46.7728738,-23.5482907],[-46.7727546,-23.5482104],[-46.7727248,-23.5481763],[-46.7727048,-23.5481743],[-46.7726623,-23.5481328]]]}},{"type":"Feature","properties":{"kind":"building","source":"planta oficial georreferenciada","planId":"b15","name":"Estacionamento Coberto","num":7,"structure":"pergola","height":3.6},"geometry":{"type":"Polygon","coordinates":[[[-46.7720257,-23.5492613],[-46.771714,-23.549261],[-46.7716613,-23.5493054],[-46.7716353,-23.5493525],[-46.7716137,-23.5493627],[-46.7715803,-23.5494153],[-46.7715506,-23.5494371],[-46.7715491,-23.5494494],[-46.7716236,-23.5495066],[-46.7717181,-23.5495658],[-46.771742,-23.5495931],[-46.7717747,-23.5496026],[-46.7719701,-23.5493862],[-46.7720035,-23.5493337],[-46.772025,-23.5493234],[-46.772045,-23.5492695],[-46.7720257,-23.5492613]]]}},{"type":"Feature","properties":{"kind":"building","source":"planta oficial georreferenciada","planId":"b33","name":"Agência Prime CdD","num":8,"levels":2,"height":8,"wall":"#f2f1ed","roof":"#d9dadb","windows":"#2b3f55","accent":"faixa","accentColor":"#c8102e"},"geometry":{"type":"Polygon","coordinates":[[[-46.7715328,-23.5494726],[-46.7715046,-23.5494822],[-46.7714318,-23.5495805],[-46.7713865,-23.5496194],[-46.7713843,-23.5496378],[-46.7713955,-23.5496576],[-46.7714468,-23.5496814],[-46.7715919,-23.5497146],[-46.7716789,-23.5497234],[-46.7716967,-23.5496879],[-46.7717421,-23.549649],[-46.7717443,-23.5496306],[-46.7717331,-23.5496108],[-46.771713,-23.5496088],[-46.7717018,-23.549589],[-46.7716631,-23.5495727],[-46.7716333,-23.5495386],[-46.7715328,-23.5494726]]]}},{"type":"Feature","properties":{"kind":"building","source":"planta oficial georreferenciada","planId":"b24","name":"CGE — Central de Geração de Energia","num":9,"levels":3,"height":12,"wall":"#f1f1ef","roof":"#cfd3d6","windows":"#3a4a5a","accent":"faixaVertical","accentColor":"#c8102e","roofItems":"exhaust"},"geometry":{"type":"Polygon","coordinates":[[[-46.7700753,-23.5491954],[-46.7700411,-23.5491982],[-46.7700322,-23.5492719],[-46.7700174,-23.5492828],[-46.7700048,-23.5493312],[-46.7700085,-23.5493564],[-46.7703776,-23.5494433],[-46.7704044,-23.549446],[-46.77042,-23.5494289],[-46.7704162,-23.5494037],[-46.7704444,-23.5493382],[-46.7704443,-23.5492823],[-46.7700753,-23.5491954]]]}},{"type":"Feature","properties":{"kind":"building","source":"planta oficial georreferenciada","planId":"b4","name":"Estacionamento Coberto II","num":10,"levels":2,"height":8,"style":"garage","wall":"#d9dadb","roof":"#e6e8e9","roofShape":"ribbed"},"geometry":{"type":"Polygon","coordinates":[[[-46.7691589,-23.5486994],[-46.7691455,-23.5486981],[-46.7691218,-23.5487267],[-46.7690764,-23.5487097],[-46.7690675,-23.5487275],[-46.7690065,-23.5487275],[-46.7689701,-23.5488046],[-46.7689479,-23.548821],[-46.7689197,-23.5488865],[-46.7688551,-23.5489732],[-46.7688521,-23.5489977],[-46.7688009,-23.5490858],[-46.7690257,-23.5491892],[-46.7693576,-23.5493033],[-46.7694879,-23.5493475],[-46.7697016,-23.5489777],[-46.7696249,-23.5489389],[-46.7696197,-23.5489259],[-46.7695929,-23.5489232],[-46.769543,-23.5488872],[-46.7695036,-23.548877],[-46.7694983,-23.548864],[-46.7694269,-23.5488382],[-46.769409,-23.5488178],[-46.7693502,-23.5487994],[-46.769345,-23.5487865],[-46.7693182,-23.5487838],[-46.769313,-23.5487708],[-46.7691589,-23.5486994]]]}},{"type":"Feature","properties":{"kind":"building","source":"planta oficial georreferenciada","planId":"b38","name":"Prédio Hangar — Heliponto","num":11,"levels":2,"height":8,"wall":"#eef0f2","roof":"#e8d27a","windows":"#2b3f55","roofText":"131.675 MHz"},"geometry":{"type":"Polygon","coordinates":[[[-46.7689313,-23.5481112],[-46.7689104,-23.5481153],[-46.7688585,-23.5482095],[-46.7691563,-23.5483823],[-46.7691838,-23.5483789],[-46.769235,-23.5482909],[-46.7689313,-23.5481112]]]}},{"type":"Feature","properties":{"kind":"building","source":"planta oficial georreferenciada","planId":"b60","levels":2,"height":7,"wall":"#eef0f2","roof":"#d9dbdc","windows":"#2b3f55"},"geometry":{"type":"Polygon","coordinates":[[[-46.769267,-23.5483065],[-46.7692469,-23.5483045],[-46.7692061,-23.5483625],[-46.7692024,-23.5483932],[-46.7692359,-23.5483966],[-46.7692619,-23.5484054],[-46.7693013,-23.5483597],[-46.769305,-23.548329],[-46.769267,-23.5483065]]]}},{"type":"Feature","properties":{"kind":"building","source":"planta oficial georreferenciada","planId":"b21","name":"Prédio Amarelo","num":13,"levels":4,"height":15,"wall":"#f2e3a0","roof":"#e9e9e6","windows":"#3c4a58","towerBox":{"at":0.06}},"geometry":{"type":"Polygon","coordinates":[[[-46.769846,-23.5474889],[-46.7698051,-23.547491],[-46.7697048,-23.5475368],[-46.7696847,-23.5475348],[-46.7696691,-23.5475519],[-46.769649,-23.5475499],[-46.7694988,-23.5476155],[-46.7694007,-23.5476429],[-46.7693978,-23.5476674],[-46.7694694,-23.5478051],[-46.7695177,-23.5477975],[-46.7695474,-23.5477757],[-46.7695958,-23.5477681],[-46.7696114,-23.5477511],[-46.7696456,-23.5477483],[-46.7696537,-23.5477367],[-46.7699087,-23.5476443],[-46.769846,-23.5474889]]]}},{"type":"Feature","properties":{"kind":"building","source":"planta oficial georreferenciada","planId":"b28","name":"Prédio Terceiros","num":17,"levels":3,"height":11,"wall":"#efefed","roof":"#d6d8d9","windows":"#2b3f55"},"geometry":{"type":"Polygon","coordinates":[[[-46.7673561,-23.5477414],[-46.7673293,-23.5477387],[-46.7672795,-23.5477586],[-46.7672698,-23.5477824],[-46.7672267,-23.5478029],[-46.7671354,-23.5478869],[-46.7671331,-23.5479053],[-46.7671749,-23.547953],[-46.7671734,-23.5479653],[-46.7672002,-23.547968],[-46.7672225,-23.5479516],[-46.7672284,-23.5479584],[-46.7672032,-23.5479993],[-46.7672509,-23.5480538],[-46.767271,-23.5480559],[-46.7673378,-23.5480067],[-46.7673899,-23.5479684],[-46.7673995,-23.5479446],[-46.767433,-23.5479479],[-46.767456,-23.5479254],[-46.7675779,-23.5478694],[-46.7675794,-23.5478571],[-46.7675354,-23.5478278],[-46.7674485,-23.547875],[-46.7674001,-23.5478266],[-46.7673561,-23.5477414]]]}},{"type":"Feature","properties":{"kind":"building","source":"planta oficial georreferenciada","planId":"b52","name":null,"num":null,"levels":3,"height":11,"wall":"#efefed","roof":"#d6d8d9","windows":"#2b3f55"},"geometry":{"type":"Polygon","coordinates":[[[-46.7674226,-23.547978],[-46.7674025,-23.5479759],[-46.7672836,-23.5480634],[-46.7672799,-23.548094],[-46.7673023,-23.5481336],[-46.7673343,-23.5481492],[-46.7674503,-23.5480863],[-46.7674778,-23.5480829],[-46.7674807,-23.5480583],[-46.7674226,-23.547978]]]}},{"type":"Feature","properties":{"kind":"building","source":"planta oficial georreferenciada","planId":"b56","name":null,"num":null,"levels":3,"height":11,"wall":"#efefed","roof":"#d6d8d9","windows":"#2b3f55"},"geometry":{"type":"Polygon","coordinates":[[[-46.7672043,-23.5477075],[-46.7671768,-23.5477109],[-46.7670698,-23.547812],[-46.7670728,-23.5478433],[-46.7671108,-23.5478658],[-46.7671368,-23.5478746],[-46.7672356,-23.5477852],[-46.7672386,-23.5477606],[-46.7672043,-23.5477075]]]}},{"type":"Feature","properties":{"kind":"building","source":"planta oficial georreferenciada","planId":"b31","name":"Museu Histórico Bradesco","num":18,"levels":2,"height":8,"style":"school","wall":"#f2e8d5","roof":"#c25a2f","roofShape":"hip","windows":"#3a3226"},"geometry":{"type":"Polygon","coordinates":[[[-46.7688658,-23.5465082],[-46.7688323,-23.5465048],[-46.7687877,-23.5465376],[-46.7687468,-23.5465397],[-46.7687312,-23.5465567],[-46.7686747,-23.5465759],[-46.7686695,-23.546563],[-46.7686427,-23.5465603],[-46.7685922,-23.5465862],[-46.7685892,-23.5466108],[-46.7686101,-23.5466626],[-46.7685871,-23.5466851],[-46.7686615,-23.5466864],[-46.7686779,-23.5467191],[-46.7687248,-23.5467238],[-46.7687396,-23.5467129],[-46.7687449,-23.5467258],[-46.7687977,-23.5467374],[-46.7689397,-23.5466833],[-46.7688658,-23.5465082]]]}},{"type":"Feature","properties":{"kind":"building","source":"planta oficial georreferenciada","planId":"b53","name":null,"num":null,"levels":2,"height":8,"style":"school","wall":"#f2e8d5","roof":"#c25a2f","roofShape":"hip","windows":"#3a3226"},"geometry":{"type":"Polygon","coordinates":[[[-46.7689788,-23.5464699],[-46.7689104,-23.5464754],[-46.7689008,-23.5464993],[-46.7688814,-23.5464911],[-46.7688792,-23.5465095],[-46.7689553,-23.5466663],[-46.7689821,-23.546669],[-46.7689984,-23.5466458],[-46.7690386,-23.5466498],[-46.7690556,-23.5466205],[-46.7690571,-23.5466082],[-46.7690094,-23.5465537],[-46.7689788,-23.5464699]]]}},{"type":"Feature","properties":{"kind":"building","source":"planta oficial georreferenciada","planId":"b61","name":null,"num":null,"levels":2,"height":8,"style":"school","wall":"#f2e8d5","roof":"#c25a2f","roofShape":"hip","windows":"#3a3226"},"geometry":{"type":"Polygon","coordinates":[[[-46.7691119,-23.5464336],[-46.7690851,-23.5464309],[-46.7690561,-23.5464466],[-46.7690405,-23.5464636],[-46.7690503,-23.5464957],[-46.7690837,-23.5464991],[-46.7691216,-23.5464656],[-46.7691119,-23.5464336]]]}},{"type":"Feature","properties":{"kind":"building","source":"planta oficial georreferenciada","planId":"b17","name":"Prédio Azul","num":19,"levels":2,"height":8,"wall":"#e9dcd2","roof":"#c9cdd2","windows":"#2f6db5","volumes":[{"from":0.06,"to":0.94,"w":0.9,"height":37,"wall":"#eef2f6","windows":"#3c78c8","roof":"#c9cdd2"}],"sign":{"vol":0,"text":"BRADESCO"},"antenna":{"vol":0}},"geometry":{"type":"Polygon","coordinates":[[[-46.7709834,-23.5464232],[-46.7708926,-23.5464451],[-46.7708629,-23.546467],[-46.7707997,-23.5464855],[-46.7705343,-23.5466078],[-46.7705314,-23.5466324],[-46.7705687,-23.5467169],[-46.7705926,-23.5467441],[-46.7705963,-23.5467694],[-46.7706164,-23.5467714],[-46.7707026,-23.5467304],[-46.7707227,-23.5467324],[-46.7707383,-23.5467153],[-46.7710461,-23.5465786],[-46.7710483,-23.5465602],[-46.7709834,-23.5464232]]]}},{"type":"Feature","properties":{"kind":"building","source":"planta oficial georreferenciada","planId":"b34","name":"Agência CdD","num":20,"levels":1,"height":6,"wall":"#f4f3ef","roof":"#d8d9d9","windows":"#2b3f55","accent":"quina","accentColor":"#c8102e","flag":true},"geometry":{"type":"Polygon","coordinates":[[[-46.7718885,-23.5463342],[-46.771861,-23.5463376],[-46.7718506,-23.5463676],[-46.7718283,-23.546384],[-46.7718179,-23.546414],[-46.7717964,-23.5464243],[-46.7717207,-23.5465471],[-46.7718398,-23.5466274],[-46.771874,-23.5466247],[-46.7719193,-23.5465858],[-46.7719854,-23.5464868],[-46.7720203,-23.5464779],[-46.7720359,-23.5464608],[-46.7720396,-23.5464302],[-46.7720046,-23.5463831],[-46.7719696,-23.546392],[-46.7718885,-23.5463342]]]}},{"type":"Feature","properties":{"kind":"building","source":"medido na imagem de satélite","name":"Fundação Bradesco — Unid. II","num":21,"levels":3,"height":11,"style":"school","wall":"#f3efe6","roof":"#c9622f","roofShape":"hip","windows":"#33475b"},"geometry":{"type":"Polygon","coordinates":[[[-46.7717664,-23.5450471],[-46.7713306,-23.5452057],[-46.771392,-23.5455081],[-46.7718056,-23.5454823],[-46.7717664,-23.5450471]],[[-46.7716849,-23.5451393],[-46.7716905,-23.5453952],[-46.7714424,-23.5454188],[-46.7714255,-23.5452622],[-46.7716849,-23.5451393]]]}},{"type":"Feature","properties":{"kind":"building","source":"planta oficial georreferenciada","planId":"b22","levels":3,"height":10,"style":"school","wall":"#f3efe6","roof":"#c55a2b","roofShape":"hip","windows":"#33475b"},"geometry":{"type":"Polygon","coordinates":[[[-46.771726,-23.5455413],[-46.771459,-23.5455641],[-46.7714471,-23.5456064],[-46.7714576,-23.5456323],[-46.771381,-23.5456495],[-46.7714036,-23.5458567],[-46.7714155,-23.5458704],[-46.7714111,-23.5459072],[-46.7714788,-23.5459078],[-46.7714682,-23.545826],[-46.7714771,-23.5458082],[-46.7714824,-23.5458212],[-46.7715025,-23.5458232],[-46.7716051,-23.5458149],[-46.7716267,-23.5458047],[-46.7717561,-23.545799],[-46.7717478,-23.5456988],[-46.7716942,-23.5456934],[-46.771686,-23.545705],[-46.7716667,-23.5456969],[-46.7716243,-23.5457112],[-46.7715841,-23.5457072],[-46.7715693,-23.5457181],[-46.7714949,-23.5457168],[-46.7714644,-23.5457448],[-46.7714591,-23.545676],[-46.771529,-23.5456582],[-46.7715759,-23.5456629],[-46.7716458,-23.5456451],[-46.771741,-23.5456422],[-46.771726,-23.5455413]]]}},{"type":"Feature","properties":{"kind":"building","source":"planta oficial georreferenciada","planId":"b45","levels":3,"height":10,"style":"school","wall":"#f3efe6","roof":"#c55a2b","roofShape":"hip","windows":"#33475b"},"geometry":{"type":"Polygon","coordinates":[[[-46.7717703,-23.5458502],[-46.7715033,-23.545873],[-46.7714936,-23.5458969],[-46.7715042,-23.5459787],[-46.7716812,-23.5459717],[-46.7717645,-23.5459552],[-46.7717823,-23.5459197],[-46.7717703,-23.5458502]]]}},{"type":"Feature","properties":{"kind":"building","source":"planta oficial georreferenciada","planId":"b29","levels":2,"height":8,"style":"school","wall":"#f3f3f1","roof":"#e2e2df","windows":"#33475b","roofItems":"hvac"},"geometry":{"type":"Polygon","coordinates":[[[-46.7714892,-23.5459337],[-46.7713799,-23.5459413],[-46.7714055,-23.54618],[-46.7714167,-23.5461997],[-46.7714435,-23.5462024],[-46.7714985,-23.5461955],[-46.771529,-23.5461675],[-46.7715342,-23.5461805],[-46.7715878,-23.5461859],[-46.7716643,-23.5461687],[-46.7716702,-23.5461196],[-46.7716508,-23.5460556],[-46.7716552,-23.5460187],[-46.7716455,-23.5459867],[-46.771502,-23.5459971],[-46.7714892,-23.5459337]]]}},{"type":"Feature","properties":{"kind":"building","source":"planta oficial georreferenciada","planId":"b37","name":"Fundação Bradesco — Prédio Cristo","num":22,"levels":2,"height":8,"style":"school","wall":"#f4f2ec","roof":"#c9622f","roofShape":"hip","windows":"#33475b"},"geometry":{"type":"Polygon","coordinates":[[[-46.7699207,-23.5449993],[-46.7698939,-23.5449966],[-46.7698843,-23.5450205],[-46.7698471,-23.5450478],[-46.7698427,-23.5450846],[-46.7698174,-23.5450696],[-46.7697891,-23.5450792],[-46.7697847,-23.545116],[-46.7697639,-23.5451202],[-46.7697617,-23.5451386],[-46.7697409,-23.5451427],[-46.7696629,-23.545228],[-46.7696578,-23.545271],[-46.7697024,-23.5452941],[-46.7697203,-23.5453145],[-46.7697597,-23.5453247],[-46.7697969,-23.5452974],[-46.7697991,-23.545279],[-46.7699083,-23.5451595],[-46.7699112,-23.545135],[-46.7698926,-23.5451207],[-46.7699335,-23.5451186],[-46.7699758,-23.5450483],[-46.7699207,-23.5449993]]]}},{"type":"Feature","properties":{"kind":"building","source":"planta oficial georreferenciada","planId":"b39","name":null,"num":null,"levels":2,"height":8,"style":"school","wall":"#f4f2ec","roof":"#c9622f","roofShape":"hip","windows":"#33475b"},"geometry":{"type":"Polygon","coordinates":[[[-46.7702356,-23.5446893],[-46.7702156,-23.5446873],[-46.7701933,-23.5447037],[-46.7701227,-23.5447836],[-46.7700937,-23.5447993],[-46.7699325,-23.544957],[-46.7699222,-23.544987],[-46.7699773,-23.545036],[-46.7700122,-23.5450271],[-46.7702885,-23.5447568],[-46.77029,-23.5447445],[-46.7702356,-23.5446893]]]}},{"type":"Feature","properties":{"kind":"building","source":"planta oficial georreferenciada","planId":"b59","name":null,"num":null,"levels":2,"height":8,"style":"school","wall":"#f4f2ec","roof":"#c9622f","roofShape":"hip","windows":"#33475b"},"geometry":{"type":"Polygon","coordinates":[[[-46.7700451,-23.5451485],[-46.7700116,-23.5451451],[-46.7699552,-23.5452202],[-46.769953,-23.5452386],[-46.7699969,-23.5452679],[-46.7700304,-23.5452712],[-46.7700326,-23.5452528],[-46.7700861,-23.5452023],[-46.770089,-23.5451777],[-46.7700451,-23.5451485]]]}},{"type":"Feature","properties":{"kind":"building","source":"planta oficial georreferenciada","planId":"b7","name":"Ginásio de Esportes","num":23,"levels":2,"height":11,"wall":"#f2f2ef","roof":"#fbfbf9","roofShape":"tent","windows":"#3a4a5a"},"geometry":{"type":"Polygon","coordinates":[[[-46.7699654,-23.5455877],[-46.7699178,-23.5455891],[-46.7699082,-23.545613],[-46.7698368,-23.5456431],[-46.7697989,-23.5456765],[-46.7697417,-23.5457018],[-46.7697402,-23.5457141],[-46.7697521,-23.5457277],[-46.7697567,-23.5458027],[-46.7697813,-23.5458798],[-46.7697905,-23.5460298],[-46.7698329,-23.5460713],[-46.7698314,-23.5460836],[-46.7698664,-23.5460747],[-46.7699036,-23.5461033],[-46.7699259,-23.5460869],[-46.7699728,-23.5460916],[-46.7700442,-23.5461174],[-46.770097,-23.5460731],[-46.7701156,-23.5460874],[-46.7701505,-23.5460784],[-46.7701542,-23.5460478],[-46.7701832,-23.546032],[-46.77021,-23.5460347],[-46.7702196,-23.5460109],[-46.7699654,-23.5455877]]]}},{"type":"Feature","properties":{"kind":"building","source":"planta oficial georreferenciada","planId":"b0","name":"Prédio CTI","num":24,"levels":4,"height":17,"wall":"#eef0f1","roof":"#d5d9db","windows":"#2b3f55","roofShape":"terraced","accent":"faixa","accentColor":"#9aa3ab"},"geometry":{"type":"Polygon","coordinates":[[[-46.7692344,-23.5457502],[-46.7691846,-23.54577],[-46.7691178,-23.5458192],[-46.7690776,-23.5458151],[-46.7690724,-23.5458022],[-46.7689615,-23.5457662],[-46.7688209,-23.545752],[-46.7686639,-23.5457611],[-46.7686558,-23.5457727],[-46.768594,-23.5457789],[-46.7685859,-23.5457905],[-46.7685234,-23.5458028],[-46.7684075,-23.5458657],[-46.7683168,-23.5459435],[-46.7682597,-23.5460247],[-46.7682455,-23.5460295],[-46.7681818,-23.546166],[-46.7681589,-23.5463003],[-46.7680912,-23.5462997],[-46.7680407,-23.5463257],[-46.7680095,-23.5463598],[-46.7679909,-23.5464015],[-46.767991,-23.5464574],[-46.7680089,-23.5464778],[-46.7679903,-23.5465194],[-46.7680335,-23.5465548],[-46.7680864,-23.5465664],[-46.7681533,-23.5465731],[-46.7681645,-23.5465929],[-46.7681846,-23.5465949],[-46.7682411,-23.5465757],[-46.7682694,-23.5466221],[-46.7683036,-23.5466193],[-46.7687287,-23.5463515],[-46.7687421,-23.5463528],[-46.7690282,-23.5461704],[-46.769078,-23.5461506],[-46.7691085,-23.5461226],[-46.7691786,-23.5462166],[-46.7692276,-23.5462029],[-46.7692581,-23.546175],[-46.7693079,-23.5461551],[-46.7693748,-23.5461059],[-46.7693784,-23.5460753],[-46.7693248,-23.5460139],[-46.7693277,-23.5459894],[-46.7693783,-23.5459634],[-46.7693812,-23.5459389],[-46.7692344,-23.5457502]]]}},{"type":"Feature","properties":{"kind":"building","source":"planta oficial georreferenciada","planId":"b12","name":"Prédio Marrom","num":25,"levels":4,"height":15,"wall":"#e9e4dd","roof":"#d9dbdc","windows":"#4a3426","roofShape":"ribbed","accent":"faixa","accentColor":"#7b4a2c"},"geometry":{"type":"Polygon","coordinates":[[[-46.7682071,-23.5456716],[-46.7681722,-23.5456805],[-46.7681447,-23.5457398],[-46.768109,-23.5457549],[-46.7680539,-23.5457058],[-46.7680145,-23.5456957],[-46.7677687,-23.5459939],[-46.7677791,-23.5460198],[-46.7678424,-23.5460573],[-46.7679228,-23.5461213],[-46.7679563,-23.5461246],[-46.7679786,-23.5461083],[-46.7680202,-23.5460441],[-46.7680893,-23.5459765],[-46.7681071,-23.545941],[-46.7682801,-23.545741],[-46.7682816,-23.5457288],[-46.7682071,-23.5456716]]]}},{"type":"Feature","properties":{"kind":"building","source":"planta oficial georreferenciada","planId":"b25","name":"Prédio UniBrad","num":26,"levels":4,"height":15,"wall":"#f1f1ef","roof":"#e3e5e6","windows":"#2b3f55","roofShape":"ribbed"},"geometry":{"type":"Polygon","coordinates":[[[-46.7676908,-23.5461352],[-46.7673919,-23.5462542],[-46.7673942,-23.5462917],[-46.7674233,-23.5463319],[-46.7674591,-23.5464287],[-46.7674644,-23.5464416],[-46.7674844,-23.5464436],[-46.7675424,-23.5464122],[-46.7675625,-23.5464142],[-46.7675922,-23.5463924],[-46.7676413,-23.5463787],[-46.7676866,-23.5463398],[-46.7677587,-23.5463035],[-46.7677684,-23.5462797],[-46.7676908,-23.5461352]]]}},{"type":"Feature","properties":{"kind":"building","source":"planta oficial georreferenciada","planId":"b16","name":"Prédio Marfim","num":27,"levels":5,"height":18,"wall":"#efe5cf","roof":"#d9d6cc","windows":"#3c4a58"},"geometry":{"type":"Polygon","coordinates":[[[-46.767544,-23.5459465],[-46.7674823,-23.5459527],[-46.7674384,-23.5459793],[-46.7673827,-23.5459923],[-46.7673745,-23.5460039],[-46.7669626,-23.5461613],[-46.7669537,-23.546179],[-46.7670096,-23.5462778],[-46.7670074,-23.5462962],[-46.7670915,-23.5462736],[-46.7670996,-23.546262],[-46.7671197,-23.546264],[-46.7671353,-23.546247],[-46.7671554,-23.546249],[-46.7672491,-23.5462025],[-46.7673331,-23.5461799],[-46.7673628,-23.5461581],[-46.7673829,-23.5461601],[-46.7673911,-23.5461485],[-46.7675896,-23.5460753],[-46.7675709,-23.5460051],[-46.7675418,-23.5459649],[-46.767544,-23.5459465]]]}},{"type":"Feature","properties":{"kind":"building","source":"planta oficial georreferenciada","planId":"b10","name":"Prédio Verde","num":28,"levels":5,"height":19,"wall":"#e9efe9","roof":"#e8ebe9","windows":"#2e7d4f","roofShape":"ribbed","accent":"faixa","accentColor":"#2e8b57"},"geometry":{"type":"Polygon","coordinates":[[[-46.7673407,-23.5462863],[-46.7672507,-23.5463021],[-46.7672351,-23.5463191],[-46.7672009,-23.5463219],[-46.7671853,-23.546339],[-46.7671369,-23.5463465],[-46.7670715,-23.5463834],[-46.7668091,-23.5464812],[-46.7668069,-23.5464997],[-46.76683,-23.546533],[-46.7668278,-23.5465515],[-46.7668055,-23.5465678],[-46.7668182,-23.5466312],[-46.7668302,-23.5466449],[-46.7668711,-23.5466428],[-46.7669157,-23.5466659],[-46.7671016,-23.5465852],[-46.7671856,-23.5465626],[-46.7672012,-23.5465456],[-46.7672213,-23.5465476],[-46.7672651,-23.5465209],[-46.7672852,-23.546523],[-46.7673291,-23.5464963],[-46.7674205,-23.5464683],[-46.7674234,-23.5464437],[-46.7673407,-23.5462863]]]}},{"type":"Feature","properties":{"kind":"building","source":"planta oficial georreferenciada","planId":"b9","name":"Fundação Bradesco — Unid. I","num":30,"levels":2,"height":8,"style":"school","wall":"#f3efe6","roof":"#c9622f","roofShape":"hip","windows":"#33475b"},"geometry":{"type":"Polygon","coordinates":[[[-46.7661434,-23.546495],[-46.7661159,-23.5464984],[-46.7658908,-23.5466807],[-46.7658871,-23.5467114],[-46.765905,-23.5467319],[-46.7659422,-23.5467605],[-46.7659816,-23.5467706],[-46.7660353,-23.546832],[-46.7659713,-23.5468566],[-46.7659684,-23.5468811],[-46.7660056,-23.5469097],[-46.765698,-23.5471583],[-46.7656951,-23.5471828],[-46.7657085,-23.5471842],[-46.7657316,-23.5472176],[-46.7657517,-23.5472196],[-46.7658854,-23.5471212],[-46.7659471,-23.5470591],[-46.7660281,-23.5470052],[-46.7660518,-23.5469765],[-46.766054,-23.5469581],[-46.7660414,-23.5469506],[-46.7660704,-23.5469349],[-46.7660718,-23.5469226],[-46.7661484,-23.5469055],[-46.7663594,-23.5467279],[-46.7663371,-23.5466884],[-46.7662976,-23.5466782],[-46.7661185,-23.5468155],[-46.7661215,-23.5467909],[-46.766085,-23.5467562],[-46.7660865,-23.5467439],[-46.7660671,-23.5467358],[-46.7660507,-23.5467031],[-46.7660589,-23.5466915],[-46.7661035,-23.5466587],[-46.7661206,-23.5466852],[-46.7661712,-23.5467152],[-46.766253,-23.5466551],[-46.7662708,-23.5466196],[-46.7661434,-23.546495]]]}},{"type":"Feature","properties":{"kind":"building","source":"planta oficial georreferenciada","planId":"b32","levels":2,"height":9,"style":"school","wall":"#f3f3f1","roof":"#eceeee","roofShape":"ribbed","windows":"#33475b"},"geometry":{"type":"Polygon","coordinates":[[[-46.7658044,-23.5466099],[-46.7657769,-23.5466134],[-46.7657538,-23.5466359],[-46.7657003,-23.5466305],[-46.7656178,-23.5466967],[-46.765597,-23.5467009],[-46.765594,-23.5467254],[-46.7657602,-23.5469223],[-46.7657833,-23.5469557],[-46.7658034,-23.5469577],[-46.7658413,-23.5469242],[-46.7658375,-23.546899],[-46.7658888,-23.5468669],[-46.7658872,-23.5468233],[-46.7657866,-23.5467013],[-46.7657963,-23.5466774],[-46.765832,-23.5466624],[-46.7658289,-23.546631],[-46.7658044,-23.5466099]]]}},{"type":"Feature","properties":{"kind":"building","source":"planta oficial georreferenciada","planId":"b47","levels":1,"height":5,"style":"school","wall":"#f3efe6","roof":"#c9622f","roofShape":"hip","windows":"#33475b"},"geometry":{"type":"Polygon","coordinates":[[[-46.7662757,-23.5469742],[-46.7661567,-23.5470057],[-46.7661063,-23.5470876],[-46.7661033,-23.5471121],[-46.7660721,-23.5471463],[-46.7660677,-23.5471831],[-46.7660938,-23.5471919],[-46.7661057,-23.5472055],[-46.7661518,-23.5472164],[-46.7662639,-23.5470165],[-46.7662757,-23.5469742]]]}},{"type":"Feature","properties":{"kind":"building","source":"planta oficial georreferenciada","planId":"b14","name":"Fundação Bradesco — Prédio Adm.","num":31,"levels":8,"height":29,"wall":"#f0f0ee","roof":"#cfd2d4","windows":"#2b3f55"},"geometry":{"type":"Polygon","coordinates":[[[-46.7657113,-23.5459731],[-46.7656979,-23.5459718],[-46.765608,-23.5460435],[-46.7655946,-23.5460422],[-46.7654541,-23.5461398],[-46.7654519,-23.5461582],[-46.7654743,-23.5461978],[-46.7656345,-23.5463878],[-46.7657155,-23.5463339],[-46.7657289,-23.5463352],[-46.7657378,-23.5463175],[-46.7657586,-23.5463134],[-46.7658188,-23.5462635],[-46.7658322,-23.5462649],[-46.7658923,-23.546215],[-46.7658536,-23.5461428],[-46.7657113,-23.5459731]]]}},{"type":"Feature","properties":{"kind":"building","source":"planta oficial georreferenciada","planId":"b13","name":"Fundação Bradesco — Ensino Médio","num":32,"levels":4,"height":15,"style":"school","wall":"#f2f1ee","roof":"#d4d6d6","windows":"#33475b"},"geometry":{"type":"Polygon","coordinates":[[[-46.7650318,-23.5451966],[-46.7650117,-23.5451946],[-46.7647806,-23.5453701],[-46.7647837,-23.5454014],[-46.7649505,-23.5455922],[-46.7649758,-23.5456071],[-46.7649892,-23.5456085],[-46.7652203,-23.545433],[-46.7652225,-23.5454146],[-46.7650318,-23.5451966]]]}},{"type":"Feature","properties":{"kind":"building","source":"planta oficial georreferenciada","planId":"b30","levels":2,"height":8,"wall":"#f1f1ef","roof":"#e0e1e1","windows":"#2b3f55"},"geometry":{"type":"Polygon","coordinates":[[[-46.7669726,-23.5474357],[-46.7669525,-23.5474337],[-46.7669035,-23.5475033],[-46.7668507,-23.5475477],[-46.7668485,-23.5475661],[-46.7668649,-23.5475988],[-46.7669215,-23.5476355],[-46.7669193,-23.547654],[-46.7669543,-23.547701],[-46.766999,-23.5477241],[-46.7669961,-23.5477487],[-46.7670385,-23.5477902],[-46.7670437,-23.5478032],[-46.7670638,-23.5478052],[-46.7671626,-23.5477157],[-46.7671797,-23.5476864],[-46.7671335,-23.5476196],[-46.7671074,-23.5476108],[-46.7671097,-23.5475924],[-46.7670739,-23.5475515],[-46.76703,-23.5475222],[-46.7670389,-23.5475045],[-46.7669726,-23.5474357]]]}},{"type":"Feature","properties":{"kind":"building","source":"planta oficial georreferenciada","planId":"b40","levels":2,"height":7,"wall":"#efefec","roof":"#d8d9da","windows":"#2b3f55"},"geometry":{"type":"Polygon","coordinates":[[[-46.7676171,-23.5482212],[-46.7675829,-23.5482239],[-46.7675598,-23.5482465],[-46.7674379,-23.5483025],[-46.7673859,-23.5483408],[-46.767383,-23.5483653],[-46.7674157,-23.5483748],[-46.7674068,-23.5483926],[-46.7674523,-23.5484655],[-46.7674657,-23.5484668],[-46.7676961,-23.5483534],[-46.7676938,-23.5483159],[-46.7676201,-23.5482525],[-46.7676171,-23.5482212]]]}},{"type":"Feature","properties":{"kind":"building","source":"planta oficial georreferenciada","planId":"b41","levels":2,"height":7,"wall":"#f1f1ef","roof":"#d9dadb","windows":"#2b3f55"},"geometry":{"type":"Polygon","coordinates":[[[-46.7717818,-23.5498828],[-46.771755,-23.5498801],[-46.7717469,-23.5498917],[-46.7717417,-23.5499347],[-46.7716965,-23.5500295],[-46.7717002,-23.5500547],[-46.7716817,-23.5500964],[-46.7717025,-23.5500922],[-46.7717211,-23.5501065],[-46.771768,-23.5501113],[-46.7717784,-23.5500812],[-46.7717814,-23.5501126],[-46.7718007,-23.5501208],[-46.7718536,-23.5501323],[-46.7718684,-23.5501214],[-46.7718639,-23.5501023],[-46.7718788,-23.5500914],[-46.7718847,-23.5500423],[-46.7718995,-23.5500313],[-46.7719054,-23.5499822],[-46.7719329,-23.5499229],[-46.7717818,-23.5498828]]]}},{"type":"Feature","properties":{"kind":"building","source":"planta oficial georreferenciada","planId":"b50","levels":2,"height":7,"wall":"#f1f1ef","roof":"#d9dadb","windows":"#2b3f55"},"geometry":{"type":"Polygon","coordinates":[[[-46.7715526,-23.5498163],[-46.7714723,-23.5498082],[-46.7714508,-23.5498743],[-46.7714285,-23.5498907],[-46.7714286,-23.5499466],[-46.7714011,-23.550006],[-46.7714056,-23.5500251],[-46.7714927,-23.5500338],[-46.7715082,-23.5499609],[-46.7715231,-23.5499499],[-46.7715638,-23.549836],[-46.7715526,-23.5498163]]]}},{"type":"Feature","properties":{"kind":"building","source":"planta oficial georreferenciada","planId":"b51","levels":2,"height":7,"wall":"#f1f1ef","roof":"#d9dadb","windows":"#2b3f55"},"geometry":{"type":"Polygon","coordinates":[[[-46.7721643,-23.549971],[-46.7721375,-23.5499683],[-46.7721219,-23.5499854],[-46.772116,-23.5500345],[-46.7721011,-23.5500454],[-46.7720811,-23.5500993],[-46.7720856,-23.5501184],[-46.7720708,-23.5501293],[-46.7720634,-23.5501907],[-46.7721036,-23.5501947],[-46.7721229,-23.5502029],[-46.7721512,-23.5501933],[-46.7721971,-23.5500364],[-46.7722127,-23.5500194],[-46.7722104,-23.5499819],[-46.7721643,-23.549971]]]}},{"type":"Feature","properties":{"kind":"building","source":"planta oficial georreferenciada","planId":"b62","levels":1,"height":4,"wall":"#f2ece0","roof":"#c25a2f","roofShape":"hip","windows":"#3a3226"},"geometry":{"type":"Polygon","coordinates":[[[-46.7724213,-23.5475991],[-46.7724012,-23.5475971],[-46.7723901,-23.5476333],[-46.7724355,-23.5476503],[-46.7724556,-23.5476523],[-46.772466,-23.5476223],[-46.7724265,-23.5476121],[-46.7724213,-23.5475991]]]}},{"type":"Feature","properties":{"kind":"building","source":"planta oficial georreferenciada","planId":"b58","levels":1,"height":4,"wall":"#f2f2ef","roof":"#d9dadb","windows":"#2b3f55"},"geometry":{"type":"Polygon","coordinates":[[[-46.7723953,-23.5476462],[-46.7723753,-23.5476442],[-46.7723538,-23.5477104],[-46.772333,-23.5477145],[-46.7723218,-23.5477506],[-46.7723182,-23.5477813],[-46.7723636,-23.5477983],[-46.7723837,-23.5478003],[-46.7724007,-23.547771],[-46.7724044,-23.5477403],[-46.7723917,-23.5477328],[-46.7724193,-23.5477294],[-46.7724371,-23.5476939],[-46.77244,-23.5476694],[-46.7723953,-23.5476462]]]}},{"type":"Feature","properties":{"kind":"building","source":"planta oficial georreferenciada","planId":"m2","style":"pavilion","roofShape":"green","levels":1,"height":5,"wall":"#e9e6df","roof":"#6f8f3e","windows":"#28404f","name":"Espaço Bem Estar — Café e Serviços","num":34},"geometry":{"type":"Polygon","coordinates":[[[-46.7742789,-23.548836],[-46.7741554,-23.5488484],[-46.774151,-23.5488852],[-46.7741991,-23.5492193],[-46.7743225,-23.5492069],[-46.7742789,-23.548836]]]}},{"type":"Feature","properties":{"kind":"building","source":"planta oficial georreferenciada","planId":"m4","style":"pavilion","roofShape":"green","levels":1,"height":5,"wall":"#e9e6df","roof":"#6f8f3e","windows":"#28404f","name":"Espaço Bem Estar — Restaurantes","num":34},"geometry":{"type":"Polygon","coordinates":[[[-46.7737095,-23.5491203],[-46.7736626,-23.5491156],[-46.7732231,-23.5491645],[-46.7732382,-23.5493213],[-46.7732575,-23.5493295],[-46.7737246,-23.5492771],[-46.7737095,-23.5491203]]]}},{"type":"Feature","properties":{"kind":"building","source":"planta oficial georreferenciada","planId":"m3","style":"pavilion","roofShape":"green","levels":1,"height":5,"wall":"#e9e6df","roof":"#6f8f3e","windows":"#28404f","name":"Espaço Fitness — Lanchonete e Academia","num":35,"roofItems":"solar"},"geometry":{"type":"Polygon","coordinates":[[[-46.7708578,-23.5486592],[-46.7708147,-23.5486798],[-46.7706698,-23.5488143],[-46.7706655,-23.548907],[-46.7706789,-23.5489083],[-46.7706893,-23.5489342],[-46.770685,-23.549027],[-46.7707854,-23.5490371],[-46.7709275,-23.549039],[-46.7709297,-23.5490206],[-46.7708969,-23.5489551],[-46.7708387,-23.5488747],[-46.7708578,-23.5486592]]]}},{"type":"Feature","properties":{"kind":"building","source":"planta oficial georreferenciada","planId":"m0","style":"pavilion","roofShape":"green","levels":1,"height":5,"wall":"#e9e6df","roof":"#6f8f3e","windows":"#28404f","name":"Espaço Conviver — Restaurante e Serviços","num":36},"geometry":{"type":"Polygon","coordinates":[[[-46.769252,-23.547131],[-46.7690006,-23.5471367],[-46.7690006,-23.5471926],[-46.7690758,-23.5471878],[-46.7690877,-23.5472014],[-46.7690937,-23.5472641],[-46.7690722,-23.5472744],[-46.7689085,-23.5472827],[-46.7688996,-23.5472446],[-46.7689456,-23.5471995],[-46.7689321,-23.5471423],[-46.7688369,-23.5471451],[-46.7688303,-23.5472003],[-46.7686332,-23.5472053],[-46.7686117,-23.5472156],[-46.768614,-23.547309],[-46.7686542,-23.547313],[-46.7688319,-23.5472999],[-46.7688506,-23.5473142],[-46.7688974,-23.5473189],[-46.7691429,-23.5473063],[-46.7691443,-23.5472941],[-46.7691183,-23.5472852],[-46.7691175,-23.5472355],[-46.7692409,-23.547223],[-46.7692566,-23.5472619],[-46.7692455,-23.547298],[-46.7694359,-23.5472924],[-46.7694365,-23.5471744],[-46.7692602,-23.5471753],[-46.769252,-23.547131]]]}},{"type":"Feature","properties":{"kind":"building","source":"planta oficial georreferenciada","planId":"m1","style":"pavilion","roofShape":"green","levels":1,"height":5,"wall":"#e9e6df","roof":"#6f8f3e","windows":"#28404f","name":"Espaço Saúde CdD — Clínica","num":37},"geometry":{"type":"Polygon","coordinates":[[[-46.7693715,-23.5480561],[-46.7693373,-23.5480589],[-46.7692957,-23.5481231],[-46.7692995,-23.5481483],[-46.7697126,-23.5483762],[-46.7697967,-23.5484095],[-46.7702439,-23.5485229],[-46.7702767,-23.5485324],[-46.7703033,-23.5484233],[-46.7697973,-23.5482916],[-46.7693715,-23.5480561]]]}},{"type":"Feature","properties":{"kind":"helideck","source":"medido na imagem de satélite","height":4.5},"geometry":{"type":"Polygon","coordinates":[[[-46.7693058,-23.5483252],[-46.7688739,-23.5481211],[-46.7686459,-23.5482244],[-46.7685843,-23.5485072],[-46.7689544,-23.54864],[-46.769236,-23.5485834],[-46.7693058,-23.5483252]]]}},{"type":"Feature","properties":{"kind":"building","source":"medido na imagem de satélite","name":"Portaria Wenceslau Braz","gateBuilding":true,"levels":1,"height":5,"wall":"#f4f3ef","roof":"#dcdddd","windows":"#2b3f55","accent":"quina","accentColor":"#c8102e"},"geometry":{"type":"Polygon","coordinates":[[[-46.7712698,-23.5498518],[-46.7711036,-23.549841],[-46.7710968,-23.5499312],[-46.771263,-23.549942],[-46.7712698,-23.5498518]]]}},{"type":"Feature","properties":{"kind":"canopy","source":"medido na imagem de satélite","name":"Cobertura tensionada","height":4.2},"geometry":{"type":"Polygon","coordinates":[[[-46.7711811,-23.5492842],[-46.7707012,-23.5492687],[-46.7706973,-23.5493726],[-46.7711772,-23.5493881],[-46.7711811,-23.5492842]]]}},{"type":"Feature","properties":{"kind":"totem","source":"medido na imagem de satélite","height":26,"radius":1.1},"geometry":{"type":"Point","coordinates":[-46.7739245,-23.5489104]}},{"type":"Feature","properties":{"kind":"dish","source":"medido na imagem de satélite","diameter":8},"geometry":{"type":"Point","coordinates":[-46.7738843,-23.5487703]}},{"type":"Feature","properties":{"kind":"silo","source":"medido na imagem de satélite","height":9,"radius":1.6},"geometry":{"type":"Point","coordinates":[-46.7731333,-23.5482465]}},{"type":"Feature","properties":{"kind":"silo","source":"medido na imagem de satélite","height":9,"radius":1.6},"geometry":{"type":"Point","coordinates":[-46.7730957,-23.5482859]}},{"type":"Feature","properties":{"kind":"playground","source":"medido na imagem de satélite"},"geometry":{"type":"Point","coordinates":[-46.7704779,-23.5480252]}},{"type":"Feature","properties":{"kind":"lake","source":"planta oficial georreferenciada","name":"Lago"},"geometry":{"type":"Polygon","coordinates":[[[-46.7727238,-23.5473935],[-46.7727037,-23.5473915],[-46.7726643,-23.5474373],[-46.7726183,-23.5475382],[-46.7725382,-23.547642],[-46.7724944,-23.5477245],[-46.7724989,-23.5477436],[-46.7724691,-23.5477655],[-46.7723645,-23.5479599],[-46.7723884,-23.5479872],[-46.7725,-23.548017],[-46.7726412,-23.5479132],[-46.7727036,-23.5479009],[-46.7728241,-23.5478571],[-46.7731409,-23.5478145],[-46.7731788,-23.547781],[-46.7731691,-23.547749],[-46.7731073,-23.5476993],[-46.7730805,-23.5476966],[-46.77307,-23.5476707],[-46.772965,-23.5475856],[-46.7729122,-23.547574],[-46.7728786,-23.5475147],[-46.7728355,-23.5474793],[-46.7727953,-23.5474753],[-46.7727238,-23.5473935]]]}},{"type":"Feature","properties":{"kind":"lawn","source":"planta oficial georreferenciada"},"geometry":{"type":"Polygon","coordinates":[[[-46.7717697,-23.5448935],[-46.7717422,-23.5448969],[-46.7717378,-23.5449337],[-46.7716664,-23.5449638],[-46.7716493,-23.5449932],[-46.7716592,-23.545137],[-46.7716927,-23.5451404],[-46.7717418,-23.5451826],[-46.7717891,-23.5454669],[-46.7717452,-23.5454936],[-46.7717401,-23.5455365],[-46.7718024,-23.5459217],[-46.7717979,-23.5459586],[-46.771769,-23.5459743],[-46.7717765,-23.5460806],[-46.771755,-23.5460909],[-46.7717551,-23.5461468],[-46.7717209,-23.5462055],[-46.7716592,-23.5462117],[-46.7716429,-23.5462349],[-46.7713826,-23.5462584],[-46.7714089,-23.5464909],[-46.7714559,-23.5465515],[-46.7715071,-23.5465194],[-46.7716143,-23.5465302],[-46.7716381,-23.5465574],[-46.771685,-23.5465622],[-46.7717132,-23.5464967],[-46.771878,-23.5463083],[-46.7719491,-23.5460545],[-46.7720136,-23.5459119],[-46.7720142,-23.5458499],[-46.7718476,-23.5453175],[-46.7717697,-23.5448935]]]}},{"type":"Feature","properties":{"kind":"lawn","source":"planta oficial georreferenciada"},"geometry":{"type":"Polygon","coordinates":[[[-46.769459,-23.5462511],[-46.7692524,-23.5463918],[-46.7691557,-23.546351],[-46.769088,-23.5463504],[-46.768981,-23.5464514],[-46.76904,-23.5465816],[-46.7690712,-23.5466034],[-46.7690661,-23.5466464],[-46.768846,-23.5467298],[-46.7688401,-23.5467789],[-46.7688677,-23.5468314],[-46.7692218,-23.5468173],[-46.7695504,-23.5467324],[-46.7700351,-23.5465327],[-46.7699972,-23.5465103],[-46.7696988,-23.5464554],[-46.7696281,-23.5464234],[-46.7695462,-23.5463717],[-46.769459,-23.5462511]]]}},{"type":"Feature","properties":{"kind":"lawn","source":"planta oficial georreferenciada"},"geometry":{"type":"Polygon","coordinates":[[[-46.7713956,-23.5465455],[-46.7713755,-23.5465434],[-46.7713758,-23.5467112],[-46.7713164,-23.5468108],[-46.7712205,-23.5468757],[-46.7709625,-23.5469367],[-46.7708741,-23.5469961],[-46.7708154,-23.5470896],[-46.7707903,-23.5471865],[-46.7708477,-23.5473289],[-46.7708805,-23.5473384],[-46.7710552,-23.547238],[-46.7716297,-23.5469107],[-46.7716214,-23.5468105],[-46.7717617,-23.5466569],[-46.7717371,-23.5466358],[-46.7717208,-23.546659],[-46.7716806,-23.5466549],[-46.7716657,-23.5466099],[-46.7715913,-23.5466086],[-46.7715548,-23.5465739],[-46.7715213,-23.5465705],[-46.7714552,-23.5466136],[-46.7713956,-23.5465455]]]}},{"type":"Feature","properties":{"kind":"lawn","source":"planta oficial georreferenciada"},"geometry":{"type":"Polygon","coordinates":[[[-46.7704943,-23.5467156],[-46.7704021,-23.5467498],[-46.770438,-23.5468466],[-46.7702783,-23.546992],[-46.7702492,-23.5469518],[-46.7703034,-23.5468952],[-46.7702654,-23.5468727],[-46.7699953,-23.5473176],[-46.7701685,-23.5477947],[-46.7701576,-23.5479427],[-46.7700173,-23.5481522],[-46.7700605,-23.5481876],[-46.7702115,-23.5482277],[-46.7704131,-23.5482418],[-46.7707083,-23.5481535],[-46.7708658,-23.5480265],[-46.7709281,-23.5479023],[-46.7709473,-23.5477427],[-46.7709344,-23.5475675],[-46.770912,-23.5475279],[-46.770775,-23.5474272],[-46.7707221,-23.5473597],[-46.7706915,-23.5472759],[-46.7706468,-23.5472528],[-46.7706831,-23.5471198],[-46.7705011,-23.5467722],[-46.7704943,-23.5467156]]]}},{"type":"Feature","properties":{"kind":"lawn","source":"planta oficial georreferenciada"},"geometry":{"type":"Polygon","coordinates":[[[-46.7720285,-23.5470316],[-46.7719884,-23.5470275],[-46.771932,-23.5471585],[-46.772197,-23.547266],[-46.7722364,-23.5472761],[-46.7722927,-23.5471452],[-46.7720285,-23.5470316]]]}},{"type":"Feature","properties":{"kind":"lawn","source":"planta oficial georreferenciada"},"geometry":{"type":"Polygon","coordinates":[[[-46.7699233,-23.5469004],[-46.7695346,-23.5470911],[-46.7692683,-23.5471078],[-46.7692691,-23.5471575],[-46.7693301,-23.5471575],[-46.7694461,-23.5471505],[-46.7694582,-23.547276],[-46.7694999,-23.5472677],[-46.7697064,-23.547127],[-46.7699233,-23.5469004]]]}},{"type":"Feature","properties":{"kind":"lawn","source":"planta oficial georreferenciada"},"geometry":{"type":"Polygon","coordinates":[[[-46.7719372,-23.5471715],[-46.771909,-23.5471811],[-46.7718608,-23.5473004],[-46.7721451,-23.547416],[-46.7721652,-23.5474181],[-46.7722208,-23.5472932],[-46.7719372,-23.5471715]]]}},{"type":"Feature","properties":{"kind":"lawn","source":"planta oficial georreferenciada"},"geometry":{"type":"Polygon","coordinates":[[[-46.7688191,-23.5471247],[-46.768291,-23.5471771],[-46.7681587,-23.5472632],[-46.7682183,-23.5472754],[-46.7685321,-23.5472573],[-46.7685961,-23.5472886],[-46.768593,-23.5472013],[-46.768805,-23.5471854],[-46.7688191,-23.5471247]]]}},{"type":"Feature","properties":{"kind":"lawn","source":"planta oficial georreferenciada"},"geometry":{"type":"Polygon","coordinates":[[[-46.7689933,-23.5477634],[-46.7689732,-23.5477614],[-46.7688322,-23.5480329],[-46.7693317,-23.5483317],[-46.7691818,-23.5485651],[-46.7693009,-23.5485895],[-46.7693817,-23.5484237],[-46.7694092,-23.5484202],[-46.7697009,-23.5485304],[-46.7697501,-23.5485726],[-46.7700313,-23.5486009],[-46.7700469,-23.5485838],[-46.7702284,-23.5485959],[-46.7703558,-23.5487205],[-46.7704866,-23.5486467],[-46.7706003,-23.5485464],[-46.7707004,-23.5483328],[-46.7706624,-23.5483103],[-46.7704453,-23.5483692],[-46.7703233,-23.5483694],[-46.77017,-23.5483477],[-46.7698947,-23.5482703],[-46.7695338,-23.548116],[-46.7698122,-23.5482807],[-46.7702467,-23.5483865],[-46.7703301,-23.548426],[-46.7702745,-23.5485508],[-46.7697231,-23.5484021],[-46.7692846,-23.5481592],[-46.7692675,-23.5481326],[-46.7693499,-23.5480105],[-46.7689933,-23.5477634]]]}},{"type":"Feature","properties":{"kind":"lawn","source":"planta oficial georreferenciada"},"geometry":{"type":"Polygon","coordinates":[[[-46.7710221,-23.5480795],[-46.7709812,-23.5480815],[-46.7708787,-23.5482017],[-46.7707615,-23.5484446],[-46.7707623,-23.5484943],[-46.7707155,-23.5485455],[-46.7707149,-23.5486076],[-46.770651,-23.5486322],[-46.7706094,-23.5486964],[-46.7704793,-23.548764],[-46.7704407,-23.5488036],[-46.7704072,-23.5488002],[-46.7703284,-23.5488358],[-46.7703047,-23.5488645],[-46.7702013,-23.5488789],[-46.7701433,-23.5489103],[-46.7699544,-23.5489037],[-46.7701992,-23.5490091],[-46.7703503,-23.5490492],[-46.7705958,-23.5490925],[-46.7706285,-23.5490461],[-46.7706746,-23.549057],[-46.7706664,-23.5490127],[-46.7706254,-23.5490148],[-46.7706157,-23.5489827],[-46.7705658,-23.5489467],[-46.7705545,-23.5488151],[-46.7706102,-23.5487461],[-46.7707061,-23.5487372],[-46.7707292,-23.5487146],[-46.7706719,-23.548684],[-46.7707045,-23.5486376],[-46.7707447,-23.5486416],[-46.7707804,-23.5486825],[-46.7708845,-23.548606],[-46.7709979,-23.5483379],[-46.7710082,-23.548252],[-46.7711018,-23.5481496],[-46.7711055,-23.5481189],[-46.7710221,-23.5480795]]]}},{"type":"Feature","properties":{"kind":"court","source":"planta oficial georreferenciada"},"geometry":{"type":"Polygon","coordinates":[[[-46.7713042,-23.5482135],[-46.7712685,-23.5482285],[-46.7711929,-23.5484072],[-46.7712896,-23.548448],[-46.7713246,-23.5484391],[-46.7714069,-23.5482611],[-46.7713042,-23.5482135]]]}},{"type":"Feature","properties":{"kind":"court","source":"planta oficial georreferenciada"},"geometry":{"type":"Polygon","coordinates":[[[-46.7714613,-23.5483162],[-46.7714263,-23.5483251],[-46.7713247,-23.548551],[-46.7714342,-23.5485993],[-46.7714758,-23.548591],[-46.7715767,-23.5483713],[-46.7714613,-23.5483162]]]}},{"type":"Feature","properties":{"kind":"court","source":"planta oficial georreferenciada"},"geometry":{"type":"Polygon","coordinates":[[[-46.7716719,-23.5483685],[-46.7716376,-23.5483713],[-46.7715539,-23.5485616],[-46.7716506,-23.5486024],[-46.7716848,-23.5485996],[-46.7717686,-23.5484093],[-46.7716719,-23.5483685]]]}},{"type":"Feature","properties":{"kind":"lawn","source":"planta oficial georreferenciada"},"geometry":{"type":"Polygon","coordinates":[[[-46.7736173,-23.5485892],[-46.7735399,-23.5486125],[-46.7724698,-23.5498527],[-46.7724587,-23.5498889],[-46.7725034,-23.549912],[-46.7727295,-23.5499472],[-46.7728811,-23.5498134],[-46.772991,-23.5496878],[-46.7730028,-23.5496455],[-46.7729909,-23.5496318],[-46.7731395,-23.5494667],[-46.7732361,-23.5493956],[-46.7733498,-23.5493512],[-46.7735699,-23.5493236],[-46.7735446,-23.5493087],[-46.7732352,-23.5493459],[-46.7731993,-23.5491932],[-46.7732112,-23.5491509],[-46.7733071,-23.5491419],[-46.7732565,-23.5491119],[-46.7732535,-23.5490806],[-46.7732832,-23.5490587],[-46.7733472,-23.54909],[-46.7733212,-23.5491371],[-46.773554,-23.5491171],[-46.7735359,-23.5489289],[-46.7736374,-23.5486471],[-46.7736173,-23.5485892]]]}},{"type":"Feature","properties":{"kind":"lawn","source":"planta oficial georreferenciada"},"geometry":{"type":"Polygon","coordinates":[[[-46.7737497,-23.548615],[-46.7736686,-23.548613],[-46.7736361,-23.5487712],[-46.7736928,-23.5488639],[-46.7738678,-23.549043],[-46.7739065,-23.5490594],[-46.7741542,-23.5490284],[-46.7741392,-23.5489275],[-46.7741339,-23.5488586],[-46.7740528,-23.5488567],[-46.7740512,-23.548813],[-46.774107,-23.5488],[-46.774171,-23.5488313],[-46.7742469,-23.5488203],[-46.7742424,-23.5488012],[-46.7737654,-23.5486538],[-46.7737497,-23.548615]]]}},{"type":"Feature","properties":{"kind":"lawn","source":"planta oficial georreferenciada"},"geometry":{"type":"Polygon","coordinates":[[[-46.7743138,-23.5488271],[-46.7742937,-23.548825],[-46.7742915,-23.5488434],[-46.7743448,-23.5491905],[-46.7743419,-23.549215],[-46.7742846,-23.5492403],[-46.7743322,-23.5492389],[-46.7744282,-23.5492299],[-46.7744355,-23.5491685],[-46.7743883,-23.5488842],[-46.7743138,-23.5488271]]]}},{"type":"Feature","properties":{"kind":"lawn","source":"planta oficial georreferenciada"},"geometry":{"type":"Polygon","coordinates":[[[-46.7736302,-23.5488204],[-46.7736094,-23.5488245],[-46.7735812,-23.54889],[-46.7735964,-23.5491027],[-46.7736782,-23.5490985],[-46.7737191,-23.5490964],[-46.7737377,-23.5490548],[-46.7738023,-23.549024],[-46.7736302,-23.5488204]]]}},{"type":"Feature","properties":{"kind":"parking","source":"medido na imagem de satélite","name":"Estacionamento"},"geometry":{"type":"Polygon","coordinates":[[[-46.7740345,-23.5494047],[-46.7729965,-23.5495448],[-46.772975,-23.5499603],[-46.7740345,-23.5499013],[-46.7740345,-23.5494047]]]}},{"type":"Feature","properties":{"kind":"parking","source":"medido na imagem de satélite","name":"Estacionamento"},"geometry":{"type":"Polygon","coordinates":[[[-46.7745548,-23.549385],[-46.7740774,-23.549385],[-46.7740774,-23.5502185],[-46.7745548,-23.5502185],[-46.7745548,-23.549385]]]}},{"type":"Feature","properties":{"kind":"parking","source":"medido na imagem de satélite","name":"Estacionamento"},"geometry":{"type":"Polygon","coordinates":[[[-46.7748365,-23.5476417],[-46.7736241,-23.5475605],[-46.7736027,-23.5478974],[-46.7748123,-23.5482146],[-46.7748365,-23.5476417]]]}},{"type":"Feature","properties":{"kind":"parking","source":"medido na imagem de satélite","name":"Estacionamento","palms":"sul"},"geometry":{"type":"Polygon","coordinates":[[[-46.7712289,-23.5492768],[-46.7698395,-23.5492768],[-46.7698395,-23.5498694],[-46.7712289,-23.5498694],[-46.7712289,-23.5492768]]]}},{"type":"Feature","properties":{"kind":"parking","source":"planta oficial georreferenciada","slab":true,"name":"Estacionamento 14 (antigo Prédio Branco)","num":14},"geometry":{"type":"Polygon","coordinates":[[[-46.7687001,-23.5476655],[-46.7686658,-23.5476683],[-46.7685895,-23.5478532],[-46.7686684,-23.5478735],[-46.7687136,-23.5477787],[-46.7687583,-23.5478018],[-46.7687694,-23.5478216],[-46.7687457,-23.5478503],[-46.768742,-23.547881],[-46.7687279,-23.5478857],[-46.768745,-23.5479123],[-46.7688105,-23.5479313],[-46.7688646,-23.5478188],[-46.7688683,-23.5477881],[-46.7688825,-23.5477833],[-46.7688869,-23.5477465],[-46.7688154,-23.5477206],[-46.7687746,-23.5477786],[-46.7687285,-23.5477678],[-46.768724,-23.5477487],[-46.7687447,-23.5476887],[-46.7687001,-23.5476655]]]}},{"type":"Feature","properties":{"kind":"parking","source":"planta oficial georreferenciada","slab":true,"name":"Estacionamento 15 (antigo Prédio Branco)","num":15},"geometry":{"type":"Polygon","coordinates":[[[-46.768491,-23.5476569],[-46.7684159,-23.5476618],[-46.7684055,-23.5476918],[-46.7684175,-23.5477054],[-46.7684138,-23.5477361],[-46.7683781,-23.5477511],[-46.768352,-23.5477423],[-46.7683453,-23.5476857],[-46.7682568,-23.5476892],[-46.7682658,-23.5477833],[-46.7682748,-23.5478215],[-46.7682875,-23.547829],[-46.7682875,-23.5478849],[-46.7683344,-23.5478896],[-46.768376,-23.5478814],[-46.7683707,-23.5478125],[-46.7683581,-23.547805],[-46.7683543,-23.5477798],[-46.7684242,-23.547762],[-46.7684459,-23.5478636],[-46.7685278,-23.5478594],[-46.768491,-23.5476569]]]}},{"type":"Feature","properties":{"kind":"parking","source":"planta oficial georreferenciada","slab":true,"name":"Estacionamento 16 (antigo Prédio Branco)","num":16},"geometry":{"type":"Polygon","coordinates":[[[-46.7681133,-23.5477555],[-46.7680486,-23.5477863],[-46.7680464,-23.5478047],[-46.7680889,-23.5478463],[-46.7680569,-23.5478865],[-46.7680361,-23.5478906],[-46.7679944,-23.547843],[-46.7679743,-23.5478409],[-46.7679238,-23.5478669],[-46.7679447,-23.5479187],[-46.7679581,-23.5479201],[-46.7679804,-23.5479596],[-46.7679492,-23.5479937],[-46.7679299,-23.5479855],[-46.7678896,-23.5479256],[-46.7678569,-23.5479161],[-46.7677009,-23.5480308],[-46.7677151,-23.5480819],[-46.7677285,-23.5480833],[-46.7677329,-23.5481024],[-46.7677814,-23.5481507],[-46.7677985,-23.5481773],[-46.767832,-23.5481807],[-46.7679115,-23.548139],[-46.7679532,-23.5481308],[-46.7679821,-23.548115],[-46.7679932,-23.5480789],[-46.7680215,-23.5480693],[-46.768023,-23.548057],[-46.7680898,-23.5480079],[-46.7681107,-23.5480037],[-46.7681136,-23.5479792],[-46.768048,-23.5479043],[-46.7680636,-23.5478872],[-46.7681053,-23.547879],[-46.7681656,-23.5479409],[-46.7681857,-23.547943],[-46.7682363,-23.547917],[-46.7682385,-23.5478986],[-46.768202,-23.5478639],[-46.7682034,-23.5478516],[-46.7681133,-23.5477555]]]}},{"type":"Feature","properties":{"kind":"parking","source":"planta oficial georreferenciada","name":"Estacionamento Coberto","underPergola":true},"geometry":{"type":"Polygon","coordinates":[[[-46.7720257,-23.5492613],[-46.771714,-23.549261],[-46.7716613,-23.5493054],[-46.7716353,-23.5493525],[-46.7716137,-23.5493627],[-46.7715803,-23.5494153],[-46.7715506,-23.5494371],[-46.7715491,-23.5494494],[-46.7716236,-23.5495066],[-46.7717181,-23.5495658],[-46.771742,-23.5495931],[-46.7717747,-23.5496026],[-46.7719701,-23.5493862],[-46.7720035,-23.5493337],[-46.772025,-23.5493234],[-46.772045,-23.5492695],[-46.7720257,-23.5492613]]]}},{"type":"Feature","properties":{"kind":"monkeyPark","source":"planta oficial georreferenciada","name":"Parque dos Macacos","num":12},"geometry":{"type":"Polygon","coordinates":[[[-46.7704943,-23.5467156],[-46.7704021,-23.5467498],[-46.770438,-23.5468466],[-46.7702783,-23.546992],[-46.7702492,-23.5469518],[-46.7703034,-23.5468952],[-46.7702654,-23.5468727],[-46.7699953,-23.5473176],[-46.7701685,-23.5477947],[-46.7701576,-23.5479427],[-46.7700173,-23.5481522],[-46.7700605,-23.5481876],[-46.7702115,-23.5482277],[-46.7704131,-23.5482418],[-46.7707083,-23.5481535],[-46.7708658,-23.5480265],[-46.7709281,-23.5479023],[-46.7709473,-23.5477427],[-46.7709344,-23.5475675],[-46.770912,-23.5475279],[-46.770775,-23.5474272],[-46.7707221,-23.5473597],[-46.7706915,-23.5472759],[-46.7706468,-23.5472528],[-46.7706831,-23.5471198],[-46.7705011,-23.5467722],[-46.7704943,-23.5467156]]]}},{"type":"Feature","properties":{"kind":"gate","type":"portaria","name":"Portaria Bussocaba","num":10},"geometry":{"type":"Point","coordinates":[-46.772295,-23.546572]}},{"type":"Feature","properties":{"kind":"gate","type":"portaria","name":"Portaria Bussocaba","num":10,"booth":false},"geometry":{"type":"Point","coordinates":[-46.772194,-23.546337]}},{"type":"Feature","properties":{"kind":"gate","type":"pedestre","name":"Portaria Bussocaba (pedestres)","num":6},"geometry":{"type":"Point","coordinates":[-46.773729,-23.547431]}},{"type":"Feature","properties":{"kind":"gate","type":"pedestre","name":"Portaria Goiabinha (pedestres)","num":7},"geometry":{"type":"Point","coordinates":[-46.7739968,-23.5498934]}},{"type":"Feature","properties":{"kind":"gate","type":"portaria","name":"Portaria Wenceslau Braz","num":8,"building":true},"geometry":{"type":"Point","coordinates":[-46.771147,-23.550003]}},{"type":"Feature","properties":{"kind":"gate","type":"portaria","name":"Portaria Vila Yara","num":9},"geometry":{"type":"Point","coordinates":[-46.766712,-23.547399]}},{"type":"Feature","properties":{"kind":"trees","source":"copas detectadas na imagem de satélite"},"geometry":{"type":"MultiPoint","coordinates":[[-46.770325,-23.544809],[-46.7702955,-23.5448631],[-46.7699844,-23.5448656],[-46.7717868,-23.5448976],[-46.7717412,-23.5448926],[-46.7702901,-23.5449123],[-46.7716956,-23.544959],[-46.7703009,-23.544959],[-46.7702419,-23.5449295],[-46.7702579,-23.5449664],[-46.7701963,-23.5450033],[-46.7717734,-23.5450353],[-46.7702392,-23.5450131],[-46.7702043,-23.5450426],[-46.770274,-23.5450648],[-46.7702124,-23.5450918],[-46.7701399,-23.5450893],[-46.7713282,-23.5451508],[-46.7702579,-23.5451115],[-46.7701721,-23.5451238],[-46.7701158,-23.5451459],[-46.7649499,-23.5451287],[-46.7718512,-23.545168],[-46.7712718,-23.5451877],[-46.7702177,-23.5451877],[-46.7648989,-23.5451828],[-46.7648533,-23.5451828],[-46.7648077,-23.5451877],[-46.7718244,-23.5452025],[-46.7701909,-23.5452393],[-46.764856,-23.5452443],[-46.7647353,-23.5452418],[-46.7646709,-23.5452197],[-46.7718619,-23.5452492],[-46.770156,-23.5452811],[-46.764805,-23.5452615],[-46.764687,-23.545259],[-46.7646414,-23.5452516],[-46.7718726,-23.5453057],[-46.7716312,-23.5453328],[-46.7715776,-23.5453352],[-46.771532,-23.5453131],[-46.7701346,-23.5453352],[-46.7700595,-23.545318],[-46.7699924,-23.5453279],[-46.7699495,-23.5453082],[-46.7698985,-23.5452959],[-46.769869,-23.5453328],[-46.7646843,-23.5453008],[-46.7718861,-23.5453795],[-46.7701077,-23.545377],[-46.77003,-23.5453746],[-46.7699736,-23.5453647],[-46.7698959,-23.545377],[-46.7689839,-23.545382],[-46.7688927,-23.5453721],[-46.7688498,-23.5453844],[-46.768764,-23.545382],[-46.7682704,-23.5453795],[-46.7699951,-23.5454188],[-46.7699522,-23.5454016],[-46.7698529,-23.5454213],[-46.7698127,-23.5453967],[-46.7697644,-23.5454311],[-46.7694399,-23.5454287],[-46.7690322,-23.5453943],[-46.7689303,-23.5453943],[-46.7688954,-23.5454287],[-46.7688069,-23.5454016],[-46.768721,-23.5454016],[-46.768662,-23.5453869],[-46.768654,-23.5454262],[-46.7682275,-23.5453967],[-46.7719263,-23.5454508],[-46.7713335,-23.5454434],[-46.7700353,-23.545468],[-46.7699441,-23.5454754],[-46.7695284,-23.5454729],[-46.7690161,-23.5454656],[-46.768941,-23.5454533],[-46.7679137,-23.5454779],[-46.7719182,-23.5455221],[-46.7701399,-23.5455024],[-46.7700541,-23.5455172],[-46.7699978,-23.5455098],[-46.7698959,-23.5454901],[-46.7698368,-23.5455147],[-46.7697322,-23.5454779],[-46.769574,-23.5455147],[-46.7694935,-23.5455],[-46.769405,-23.5455074],[-46.7693406,-23.5455074],[-46.7690161,-23.5455197],[-46.7689571,-23.5455246],[-46.7686111,-23.5455221],[-46.7678574,-23.5455024],[-46.76521,-23.5455123],[-46.7718807,-23.545559],[-46.7718244,-23.5455418],[-46.7715186,-23.5455467],[-46.7700058,-23.5455664],[-46.7699495,-23.545527],[-46.7699119,-23.5455639],[-46.7697993,-23.5455639],[-46.7697349,-23.5455541],[-46.7696357,-23.5455664],[-46.7694587,-23.5455565],[-46.769405,-23.5455664],[-46.7692816,-23.5455344],[-46.7692387,-23.5455541],[-46.7690402,-23.5455615],[-46.768772,-23.5455688],[-46.7687157,-23.5455541],[-46.7686594,-23.545559],[-46.768595,-23.5455688],[-46.7680049,-23.5455713],[-46.7679593,-23.5455467],[-46.7678466,-23.5455541],[-46.7677984,-23.5455369],[-46.771937,-23.545586],[-46.7718968,-23.5456057],[-46.7698851,-23.5456131],[-46.7697349,-23.5456057],[-46.7696732,-23.5455983],[-46.769582,-23.5456057],[-46.769456,-23.5456057],[-46.7694104,-23.5456106],[-46.7693648,-23.545586],[-46.7692816,-23.5455811],[-46.7688176,-23.5455811],[-46.7686647,-23.545618],[-46.7680666,-23.5456106],[-46.7679834,-23.545618],[-46.767903,-23.5456106],[-46.7678198,-23.5455885],[-46.7677474,-23.5455934],[-46.7718941,-23.5456574],[-46.7718378,-23.5456303],[-46.769692,-23.5456426],[-46.7696491,-23.5456598],[-46.7695954,-23.5456549],[-46.7690805,-23.54565],[-46.7687854,-23.5456475],[-46.7687184,-23.5456352],[-46.7680317,-23.54565],[-46.7678601,-23.5456475],[-46.7677984,-23.5456549],[-46.7677286,-23.5456475],[-46.7676857,-23.5456574],[-46.7718619,-23.5456918],[-46.7695498,-23.5456918],[-46.7694157,-23.5457016],[-46.7693594,-23.5457065],[-46.7687693,-23.5457041],[-46.7687157,-23.5456795],[-46.768662,-23.5456672],[-46.7686164,-23.5456918],[-46.7680237,-23.5456893],[-46.7679754,-23.5456721],[-46.7679057,-23.5456721],[-46.7678145,-23.5457065],[-46.7677367,-23.5456967],[-46.7676723,-23.5457016],[-46.7720014,-23.545741],[-46.7719075,-23.545736],[-46.7718297,-23.5457336],[-46.769456,-23.5457557],[-46.7690402,-23.5457188],[-46.7679566,-23.5457164],[-46.7679137,-23.5457311],[-46.7678708,-23.5457188],[-46.7677984,-23.5457533],[-46.7677152,-23.5457582],[-46.7676347,-23.5457336],[-46.7719933,-23.5458024],[-46.7719263,-23.5457729],[-46.7701453,-23.5457803],[-46.7694023,-23.5457975],[-46.7684019,-23.5457803],[-46.7679486,-23.5457606],[-46.7678654,-23.5457975],[-46.7678091,-23.5458049],[-46.7676401,-23.5457975],[-46.7675784,-23.5457828],[-46.7719853,-23.5458467],[-46.7719451,-23.5458172],[-46.7709661,-23.5458491],[-46.7708319,-23.5458467],[-46.7707354,-23.5458467],[-46.7706496,-23.5458418],[-46.7705745,-23.5458442],[-46.7704457,-23.5458442],[-46.7703813,-23.5458491],[-46.7702901,-23.5458491],[-46.7702097,-23.5458246],[-46.7701453,-23.5458491],[-46.7694452,-23.5458147],[-46.7683294,-23.5458393],[-46.767852,-23.5458369],[-46.7677984,-23.5458491],[-46.7677474,-23.5458344],[-46.7676508,-23.5458467],[-46.7675892,-23.5458344],[-46.7719799,-23.5458983],[-46.7719156,-23.5458836],[-46.7718539,-23.5458836],[-46.771068,-23.545886],[-46.7710197,-23.5458688],[-46.7709419,-23.545886],[-46.7708802,-23.5458639],[-46.7708346,-23.5458959],[-46.7707944,-23.5458688],[-46.7707461,-23.5458959],[-46.7705905,-23.5458836],[-46.770502,-23.5458688],[-46.7704457,-23.545886],[-46.7703465,-23.5458811],[-46.7702606,-23.5458885],[-46.7701963,-23.5458737],[-46.7677823,-23.5458909],[-46.7677152,-23.5458688],[-46.7675409,-23.5458959],[-46.7674899,-23.5458909],[-46.771009,-23.5459303],[-46.7709044,-23.5459082],[-46.7708105,-23.5459327],[-46.7707193,-23.5459327],[-46.770671,-23.545945],[-46.7706361,-23.5459082],[-46.7705798,-23.5459303],[-46.7705074,-23.5459352],[-46.7704162,-23.5459303],[-46.7702901,-23.5459303],[-46.7697483,-23.5459352],[-46.7697027,-23.5459278],[-46.7696357,-23.5459254],[-46.7695954,-23.5459426],[-46.7676803,-23.5459057],[-46.7718539,-23.545977],[-46.7712477,-23.5459819],[-46.7711672,-23.5459672],[-46.7711243,-23.5459893],[-46.7710787,-23.5459475],[-46.7710492,-23.5459868],[-46.7709687,-23.5459598],[-46.7709285,-23.5459795],[-46.7708561,-23.5459475],[-46.7707649,-23.5459868],[-46.770722,-23.5459795],[-46.7706361,-23.5459746],[-46.7705584,-23.5459893],[-46.7705128,-23.5459893],[-46.7696732,-23.545977],[-46.769582,-23.5459918],[-46.7719665,-23.5460016],[-46.771819,-23.5460114],[-46.7713496,-23.5460286],[-46.7712101,-23.5460065],[-46.7711833,-23.5460385],[-46.7711189,-23.5460385],[-46.7710599,-23.5460262],[-46.7709714,-23.5460041],[-46.7708802,-23.5460065],[-46.7708239,-23.5460311],[-46.77073,-23.5460213],[-46.7706791,-23.5460016],[-46.7706066,-23.5460041],[-46.7704457,-23.5460139],[-46.7703974,-23.5460139],[-46.7703465,-23.5460237],[-46.7702821,-23.5459942],[-46.7697349,-23.5460286],[-46.7696786,-23.5460336],[-46.7696223,-23.5460114],[-46.7720202,-23.546068],[-46.7719665,-23.5460827],[-46.7718458,-23.5460778],[-46.7711404,-23.5460778],[-46.7710653,-23.5460852],[-46.7710117,-23.5460434],[-46.7709634,-23.5460532],[-46.770907,-23.5460434],[-46.7708802,-23.5460803],[-46.7708078,-23.5460778],[-46.7707595,-23.5460754],[-46.7706871,-23.5460483],[-46.7706415,-23.5460434],[-46.7705396,-23.5460508],[-46.7704511,-23.5460852],[-46.7703572,-23.546068],[-46.7702606,-23.5460606],[-46.7695767,-23.5460459],[-46.771937,-23.5461122],[-46.7718914,-23.546127],[-46.7713818,-23.5461196],[-46.7713335,-23.5461073],[-46.7712799,-23.5461147],[-46.771194,-23.5461024],[-46.7711484,-23.5461196],[-46.7710653,-23.5461319],[-46.7710197,-23.5461221],[-46.7708936,-23.5461196],[-46.7707917,-23.5461172],[-46.7707086,-23.5461295],[-46.7703921,-23.5461295],[-46.7698905,-23.546127],[-46.7676079,-23.5461024],[-46.7675543,-23.546127],[-46.7719719,-23.5461663],[-46.7717814,-23.5461614],[-46.7713121,-23.546159],[-46.7711404,-23.546159],[-46.7709795,-23.5461491],[-46.7708373,-23.5461565],[-46.7707676,-23.5461614],[-46.770722,-23.5461737],[-46.7706469,-23.5461467],[-46.7705101,-23.5461762],[-46.7704645,-23.5461688],[-46.7700756,-23.5461639],[-46.7699897,-23.546159],[-46.7698744,-23.5461663],[-46.769692,-23.5461713],[-46.7696303,-23.5461663],[-46.7695579,-23.5461762],[-46.7694908,-23.5461614],[-46.7676374,-23.5461368],[-46.7675087,-23.5461688],[-46.7719477,-23.5462032],[-46.77187,-23.5461934],[-46.7717949,-23.546218],[-46.7717439,-23.5462229],[-46.7709848,-23.5461983],[-46.7709365,-23.5461909],[-46.7708963,-23.5462254],[-46.7705235,-23.546218],[-46.7704752,-23.5462131],[-46.7704028,-23.5461811],[-46.7703545,-23.5462204],[-46.7698342,-23.546186],[-46.7697001,-23.5462155],[-46.7696545,-23.5462204],[-46.7695928,-23.5462131],[-46.769523,-23.5462008],[-46.7694372,-23.5461909],[-46.7674604,-23.5462032],[-46.7719316,-23.5462622],[-46.7718512,-23.5462377],[-46.7717627,-23.5462598],[-46.7716956,-23.5462278],[-46.7716581,-23.5462524],[-46.7715776,-23.5462647],[-46.7715132,-23.5462573],[-46.7714408,-23.5462672],[-46.7710626,-23.5462303],[-46.7710224,-23.546245],[-46.7709553,-23.5462573],[-46.7709124,-23.5462721],[-46.7707622,-23.5462622],[-46.7706978,-23.5462672],[-46.7706656,-23.5462352],[-46.7704672,-23.5462524],[-46.7704189,-23.5462475],[-46.7703786,-23.5462696],[-46.7702526,-23.5462475],[-46.7701721,-23.5462573],[-46.770097,-23.5462721],[-46.7698905,-23.5462622],[-46.7698315,-23.5462549],[-46.7697832,-23.5462647],[-46.7696384,-23.5462622],[-46.7695713,-23.5462549],[-46.7694882,-23.5462598],[-46.7694479,-23.5462352],[-46.7691824,-23.5462499],[-46.7691368,-23.5462278],[-46.7690805,-23.5462475],[-46.7690107,-23.5462672],[-46.7672753,-23.5462499],[-46.7718109,-23.546309],[-46.7717278,-23.5463016],[-46.7716232,-23.5462942],[-46.771481,-23.5462844],[-46.7714167,-23.546304],[-46.7709634,-23.546309],[-46.7708614,-23.546304],[-46.7708132,-23.5462844],[-46.7707327,-23.5462991],[-46.7704993,-23.5462868],[-46.7704403,-23.5463065],[-46.7703626,-23.546309],[-46.7702982,-23.5462819],[-46.7701721,-23.546304],[-46.7701051,-23.5463114],[-46.7698637,-23.546304],[-46.7698127,-23.5463065],[-46.7695874,-23.5463114],[-46.7691824,-23.5463016],[-46.7691019,-23.5463163],[-46.7689678,-23.5462844],[-46.7689329,-23.546309],[-46.767962,-23.5463188],[-46.7679137,-23.546309],[-46.7678547,-23.5462844],[-46.767168,-23.5462967],[-46.7659771,-23.5463163],[-46.7659315,-23.546309],[-46.77176,-23.5463311],[-46.7716822,-23.5463631],[-46.771642,-23.5463409],[-46.7715964,-23.5463606],[-46.7715374,-23.5463237],[-46.7715105,-23.5463581],[-46.7714033,-23.5463557],[-46.7713094,-23.5463434],[-46.7709875,-23.5463532],[-46.7709339,-23.5463385],[-46.7705476,-23.5463237],[-46.7702928,-23.5463532],[-46.7702311,-23.5463631],[-46.7701587,-23.5463631],[-46.7699012,-23.5463508],[-46.7698127,-23.5463631],[-46.769743,-23.5463262],[-46.7696142,-23.5463631],[-46.7695472,-23.5463631],[-46.7695042,-23.5463213],[-46.7693433,-23.5463606],[-46.7692226,-23.5463409],[-46.7691502,-23.5463483],[-46.7690697,-23.5463606],[-46.7690027,-23.5463311],[-46.7689383,-23.5463508],[-46.768882,-23.5463557],[-46.7679244,-23.5463631],[-46.7678574,-23.5463434],[-46.767109,-23.5463286],[-46.7670527,-23.5463434],[-46.7659101,-23.5463557],[-46.7658699,-23.5463237],[-46.7721972,-23.5463926],[-46.771819,-23.5463753],[-46.7717734,-23.5463753],[-46.7715856,-23.5464122],[-46.7715535,-23.546368],[-46.7714649,-23.5464073],[-46.771422,-23.5463926],[-46.7710117,-23.5464024],[-46.7709419,-23.5463827],[-46.7708641,-23.5463704],[-46.7704806,-23.5464098],[-46.7703223,-23.5463901],[-46.7702767,-23.5464122],[-46.7701855,-23.5464122],[-46.770089,-23.5464073],[-46.7699388,-23.5463926],[-46.7698824,-23.546395],[-46.7698047,-23.5464122],[-46.7697671,-23.5463827],[-46.7697001,-23.5463901],[-46.7695847,-23.5464122],[-46.7695257,-23.5464098],[-46.7693809,-23.5464098],[-46.7692977,-23.5463827],[-46.769236,-23.5464024],[-46.7691904,-23.5463926],[-46.7690295,-23.546395],[-46.7689866,-23.5463852],[-46.7689517,-23.5464098],[-46.7688766,-23.5463999],[-46.7688149,-23.5464049],[-46.7679673,-23.5464122],[-46.7679191,-23.5464049],[-46.7678574,-23.5463999],[-46.767734,-23.5464024],[-46.7676616,-23.5463975],[-46.7658886,-23.5463926],[-46.7722321,-23.5464393],[-46.7717895,-23.5464221],[-46.7717385,-23.5464467],[-46.7716795,-23.5464442],[-46.7716366,-23.546459],[-46.77154,-23.5464368],[-46.7714757,-23.5464565],[-46.771363,-23.5464565],[-46.7709151,-23.5464245],[-46.7708749,-23.5464417],[-46.7703143,-23.5464565],[-46.7702445,-23.5464467],[-46.7701614,-23.5464516],[-46.7701212,-23.5464344],[-46.7700514,-23.5464491],[-46.7699066,-23.546459],[-46.7697912,-23.5464516],[-46.7697403,-23.5464196],[-46.7697027,-23.5464417],[-46.7696518,-23.5464467],[-46.7695418,-23.5464491],[-46.7694935,-23.5464491],[-46.7694372,-23.5464171],[-46.7693889,-23.5464516],[-46.7693433,-23.5464467],[-46.7692065,-23.5464417],[-46.7691636,-23.5464565],[-46.7690992,-23.5464171],[-46.7690295,-23.5464516],[-46.7689624,-23.5464516],[-46.7689115,-23.5464467],[-46.7688578,-23.5464393],[-46.7687827,-23.5464319],[-46.768705,-23.5464565],[-46.7679513,-23.5464565],[-46.7678279,-23.5464516],[-46.7677528,-23.546459],[-46.7676696,-23.546454],[-46.7675972,-23.5464516],[-46.7675489,-23.5464491],[-46.767498,-23.5464516],[-46.7722481,-23.5464811],[-46.7716393,-23.5465008],[-46.7715186,-23.5464958],[-46.7714167,-23.546486],[-46.7713711,-23.5465032],[-46.771237,-23.5464934],[-46.7704725,-23.5464786],[-46.7702848,-23.5464958],[-46.7702311,-23.5464909],[-46.7701104,-23.5464811],[-46.7699683,-23.5464688],[-46.7698905,-23.5465057],[-46.7697859,-23.5464958],[-46.7697349,-23.5464786],[-46.7696947,-23.5465032],[-46.769641,-23.546486],[-46.7695874,-23.5464958],[-46.7694747,-23.5465008],[-46.7694104,-23.5464885],[-46.7693621,-23.5464885],[-46.7693111,-23.5464737],[-46.7692682,-23.5464885],[-46.7692092,-23.5464983],[-46.7691234,-23.5464737],[-46.7690375,-23.5464958],[-46.7688954,-23.5464909],[-46.768831,-23.5464786],[-46.7686942,-23.5465057],[-46.7686352,-23.5464983],[-46.7679271,-23.5465008],[-46.7678681,-23.5464909],[-46.7677152,-23.5464811],[-46.7675838,-23.5464934],[-46.767498,-23.5465057],[-46.7674416,-23.546486],[-46.7717198,-23.5465278],[-46.7716071,-23.5465327],[-46.7714623,-23.5465475],[-46.7712182,-23.5465303],[-46.7706254,-23.5465426],[-46.7705745,-23.5465352],[-46.770215,-23.5465303],[-46.770089,-23.5465303],[-46.77003,-23.5465327],[-46.7699146,-23.5465524],[-46.7698476,-23.5465401],[-46.7697886,-23.546545],[-46.769684,-23.5465499],[-46.7695364,-23.5465401],[-46.7693755,-23.5465278],[-46.7693272,-23.5465303],[-46.7692682,-23.5465376],[-46.7691797,-23.5465524],[-46.76911,-23.5465475],[-46.7686245,-23.5465426],[-46.7679057,-23.5465475],[-46.7677528,-23.5465081],[-46.7677125,-23.5465376],[-46.767624,-23.5465475],[-46.7675409,-23.5465426],[-46.7674389,-23.5465327],[-46.767388,-23.5465081],[-46.7673075,-23.5465426],[-46.7663285,-23.5465499],[-46.7716768,-23.5465844],[-46.7716286,-23.5465966],[-46.771422,-23.546577],[-46.7713255,-23.5465991],[-46.7712075,-23.5465721],[-46.7705745,-23.5465794],[-46.7705074,-23.5465868],[-46.7703196,-23.5465942],[-46.7701212,-23.5465819],[-46.7700407,-23.5465745],[-46.7699897,-23.546577],[-46.7699307,-23.5465991],[-46.769861,-23.5465942],[-46.7697859,-23.5465942],[-46.7697376,-23.5465966],[-46.769684,-23.5465991],[-46.7694989,-23.5465794],[-46.7693782,-23.5465991],[-46.769346,-23.5465671],[-46.7693058,-23.5465893],[-46.7692414,-23.5465942],[-46.7690778,-23.5465844],[-46.7679593,-23.5465942],[-46.7679137,-23.5465966],[-46.7676777,-23.5465917],[-46.767616,-23.5465991],[-46.7675543,-23.5465844],[-46.7674389,-23.5465745],[-46.7673746,-23.5465942],[-46.7673156,-23.5465844],[-46.7672378,-23.5465794],[-46.7663795,-23.5465942],[-46.7663124,-23.5465966],[-46.7716393,-23.5466434],[-46.7714998,-23.5466384],[-46.7713711,-23.5466409],[-46.7713228,-23.5466458],[-46.7712772,-23.546636],[-46.7712235,-23.5466311],[-46.7704618,-23.5466237],[-46.7703223,-23.5466409],[-46.7702606,-23.5466311],[-46.7701882,-23.5466286],[-46.7701104,-23.5466384],[-46.7700648,-23.5466089],[-46.7700246,-23.5466237],[-46.7699683,-23.5466237],[-46.7699146,-23.5466458],[-46.7698342,-23.5466335],[-46.7697537,-23.546636],[-46.7696759,-23.5466434],[-46.7695391,-23.546636],[-46.7694882,-23.5466335],[-46.7693487,-23.5466335],[-46.7692655,-23.5466409],[-46.7691904,-23.5466434],[-46.7679754,-23.5466335],[-46.7678547,-23.5466409],[-46.7678064,-23.5466212],[-46.7673263,-23.5466262],[-46.7672458,-23.5466384],[-46.7671975,-23.5466114],[-46.7671332,-23.5466286],[-46.7670581,-23.5466409],[-46.7667872,-23.546636],[-46.7667013,-23.5466114],[-46.7663661,-23.5466409],[-46.7717278,-23.546663],[-46.7716822,-23.5466606],[-46.7715856,-23.5466507],[-46.7715293,-23.5466802],[-46.7714864,-23.5466925],[-46.771422,-23.5466753],[-46.7712262,-23.5466729],[-46.7703438,-23.5466876],[-46.7702794,-23.546668],[-46.7702204,-23.5466753],[-46.7700675,-23.5466778],[-46.7699978,-23.5466557],[-46.7699575,-23.5466778],[-46.7698449,-23.5466925],[-46.7697993,-23.5466581],[-46.7697349,-23.5466827],[-46.7695686,-23.5466802],[-46.769523,-23.5466827],[-46.7693326,-23.5466802],[-46.7692494,-23.5466876],[-46.7691824,-23.5466876],[-46.769067,-23.5466827],[-46.7680264,-23.5466852],[-46.7679593,-23.5466925],[-46.767911,-23.5466532],[-46.7678627,-23.5466802],[-46.7677957,-23.5466802],[-46.7677072,-23.5466876],[-46.7674175,-23.5466729],[-46.7673585,-23.5466876],[-46.7672834,-23.5466778],[-46.7672029,-23.5466655],[-46.7671412,-23.5466753],[-46.7670688,-23.5466925],[-46.7669857,-23.546668],[-46.7667791,-23.5466778],[-46.7667335,-23.5466778],[-46.7716849,-23.5467048],[-46.7714381,-23.5467319],[-46.7713872,-23.5467196],[-46.7713255,-23.5467343],[-46.7712745,-23.5466999],[-46.7705315,-23.5467368],[-46.7703491,-23.5467319],[-46.7702901,-23.5467343],[-46.770215,-23.5467319],[-46.7701426,-23.5467343],[-46.7699361,-23.546727],[-46.7698932,-23.546695],[-46.7697912,-23.5467196],[-46.7697108,-23.5467294],[-46.7696732,-23.5466999],[-46.7696062,-23.5467098],[-46.7695552,-23.5467368],[-46.7694774,-23.5467319],[-46.7692253,-23.5467368],[-46.7691663,-23.5467319],[-46.7691126,-23.5467073],[-46.7690268,-23.5467048],[-46.7689866,-23.5467245],[-46.7680559,-23.5467319],[-46.7679968,-23.5467171],[-46.7679083,-23.5466999],[-46.7678359,-23.5467245],[-46.7677554,-23.5467294],[-46.7674631,-23.5466999],[-46.7672861,-23.546727],[-46.7672485,-23.5467048],[-46.7671761,-23.5467343],[-46.7669883,-23.5467343],[-46.7669347,-23.5467319],[-46.7668784,-23.5467294],[-46.7667603,-23.5467221],[-46.7666879,-23.5467368],[-46.7664975,-23.546727],[-46.766417,-23.5467171],[-46.7723876,-23.5467417],[-46.7723715,-23.5467811],[-46.7723259,-23.5467688],[-46.7714703,-23.5467835],[-46.7713979,-23.5467712],[-46.7712852,-23.5467835],[-46.7704698,-23.5467737],[-46.770376,-23.5467688],[-46.7702177,-23.5467737],[-46.7701748,-23.5467614],[-46.770089,-23.5467466],[-46.7700031,-23.5467737],[-46.7699173,-23.546786],[-46.7698637,-23.5467737],[-46.7698207,-23.5467614],[-46.7697564,-23.5467491],[-46.7696276,-23.5467737],[-46.7695445,-23.546786],[-46.7695096,-23.5467589],[-46.769456,-23.5467688],[-46.7693809,-23.5467614],[-46.7693353,-23.546754],[-46.7691341,-23.5467688],[-46.769067,-23.5467835],[-46.769051,-23.5467442],[-46.7690027,-23.5467614],[-46.7689249,-23.5467737],[-46.768882,-23.5467614],[-46.768823,-23.5467614],[-46.7687479,-23.5467761],[-46.7681283,-23.5467663],[-46.7680693,-23.5467761],[-46.7679405,-23.5467835],[-46.7678708,-23.5467761],[-46.7678064,-23.5467565],[-46.7677045,-23.5467516],[-46.7676562,-23.5467786],[-46.7676026,-23.546754],[-46.7675409,-23.5467786],[-46.767498,-23.5467417],[-46.7674416,-23.5467417],[-46.7673397,-23.5467835],[-46.7672887,-23.5467811],[-46.7672351,-23.5467712],[-46.766932,-23.5467811],[-46.7668489,-23.5467835],[-46.7668059,-23.5467712],[-46.7667416,-23.5467688],[-46.766468,-23.5467589],[-46.7664251,-23.5467835],[-46.7663714,-23.5467737],[-46.7723849,-23.5468327],[-46.7723313,-23.5468204],[-46.7718753,-23.546813],[-46.7713872,-23.5468106],[-46.7713201,-23.5468278],[-46.7705584,-23.5468155],[-46.770502,-23.5468204],[-46.7704055,-23.5468057],[-46.7701721,-23.5468229],[-46.7700943,-23.5468204],[-46.7700434,-23.5468057],[-46.7699683,-23.5468057],[-46.7698368,-23.5468253],[-46.7697966,-23.5468081],[-46.7697001,-23.546813],[-46.7695928,-23.5468204],[-46.7695096,-23.5468155],[-46.769456,-23.5468278],[-46.7694131,-23.5468106],[-46.7693272,-23.5468106],[-46.7692789,-23.5468204],[-46.7692146,-23.546813],[-46.769118,-23.5468057],[-46.7690429,-23.5468179],[-46.7689678,-23.5468007],[-46.7688981,-23.5468106],[-46.7688337,-23.5468204],[-46.7683858,-23.5467983],[-46.7681605,-23.5468179],[-46.7681095,-23.5468229],[-46.7680639,-23.5468327],[-46.7679968,-23.5468229],[-46.7678627,-23.5468253],[-46.7677662,-23.5468057],[-46.7677072,-23.5468032],[-46.7676669,-23.5468204],[-46.7675918,-23.5467983],[-46.7675141,-23.5468229],[-46.7674416,-23.5468179],[-46.7673638,-23.5468179],[-46.7673129,-23.5468253],[-46.7672405,-23.5468229],[-46.7668837,-23.5468253],[-46.7668033,-23.5468204],[-46.7667389,-23.5468253],[-46.7665458,-23.5467958],[-46.7664814,-23.5468106],[-46.7664251,-23.5468278],[-46.7663205,-23.5468155],[-46.7724279,-23.546872],[-46.7723206,-23.5468622],[-46.7719799,-23.5468597],[-46.771768,-23.5468425],[-46.7717251,-23.5468696],[-46.7716661,-23.5468425],[-46.7714489,-23.5468548],[-46.7714086,-23.546877],[-46.7713577,-23.546877],[-46.7712665,-23.5468794],[-46.7712182,-23.5468696],[-46.7711726,-23.546877],[-46.7705289,-23.5468696],[-46.7704242,-23.5468425],[-46.770376,-23.546845],[-46.7703304,-23.546872],[-46.7701399,-23.5468671],[-46.7700863,-23.546872],[-46.7700112,-23.546872],[-46.7698985,-23.5468524],[-46.7697886,-23.5468745],[-46.7697322,-23.5468696],[-46.7696437,-23.5468475],[-46.7695257,-23.5468573],[-46.7694801,-23.5468671],[-46.7693835,-23.5468548],[-46.7693353,-23.5468597],[-46.7691958,-23.5468794],[-46.7691529,-23.5468622],[-46.76911,-23.5468696],[-46.7690241,-23.546872],[-46.7689705,-23.5468548],[-46.7689303,-23.546872],[-46.7688847,-23.5468745],[-46.7688149,-23.5468745],[-46.7687908,-23.5468376],[-46.7685816,-23.546877],[-46.768536,-23.5468794],[-46.7681578,-23.5468671],[-46.7679271,-23.5468401],[-46.7678547,-23.5468794],[-46.7678064,-23.5468597],[-46.7676267,-23.5468376],[-46.7675731,-23.5468696],[-46.7674631,-23.5468573],[-46.7673558,-23.5468622],[-46.7672485,-23.5468696],[-46.7671841,-23.5468647],[-46.7671064,-23.5468573],[-46.7670473,-23.5468696],[-46.7669266,-23.5468376],[-46.7668489,-23.5468622],[-46.7667845,-23.5468647],[-46.766519,-23.5468499],[-46.766468,-23.5468499],[-46.7664304,-23.546877],[-46.7663661,-23.5468475],[-46.7724842,-23.5468991],[-46.7724118,-23.5469212],[-46.7723313,-23.5469237],[-46.7722616,-23.5468843],[-46.7721516,-23.5469089],[-46.7720953,-23.546904],[-46.7720309,-23.5469237],[-46.7719531,-23.5468917],[-46.7717895,-23.5468917],[-46.7717332,-23.5469188],[-46.7715964,-23.5469065],[-46.7713818,-23.5469188],[-46.771304,-23.5469163],[-46.7712209,-23.5469188],[-46.7711297,-23.5468868],[-46.7709687,-23.5469212],[-46.7705128,-23.5469065],[-46.7703974,-23.546904],[-46.7703599,-23.5469261],[-46.7703062,-23.5469089],[-46.7701158,-23.5469114],[-46.7700729,-23.5469237],[-46.769987,-23.5469237],[-46.7697135,-23.5469089],[-46.7695257,-23.5469138],[-46.7692977,-23.5469015],[-46.7692307,-23.5469212],[-46.7691368,-23.5469015],[-46.7690912,-23.5469138],[-46.7689839,-23.5469138],[-46.7688257,-23.5469261],[-46.7687747,-23.5469261],[-46.7686459,-23.5469138],[-46.7685923,-23.5469188],[-46.7684475,-23.5469188],[-46.7683697,-23.5468966],[-46.7683214,-23.5469188],[-46.7682087,-23.5469188],[-46.7681256,-23.5468966],[-46.7679325,-23.5468893],[-46.7678037,-23.5469138],[-46.7677689,-23.5468819],[-46.7677179,-23.5468893],[-46.7676803,-23.5469163],[-46.7674899,-23.5469015],[-46.7674309,-23.5468893],[-46.7673612,-23.5469212],[-46.7673236,-23.5468893],[-46.7672646,-23.5469261],[-46.7672029,-23.5469212],[-46.7671332,-23.546904],[-46.7670822,-23.5469138],[-46.7669293,-23.5469163],[-46.7663687,-23.5468942],[-46.7725432,-23.5469655],[-46.7724842,-23.5469606],[-46.7722481,-23.5469507],[-46.771819,-23.5469458],[-46.7716178,-23.5469458],[-46.7715696,-23.5469507],[-46.7713255,-23.5469581],[-46.771237,-23.5469729],[-46.7711726,-23.5469458],[-46.7709848,-23.5469729],[-46.7708319,-23.5469556],[-46.7707729,-23.5469433],[-46.7705423,-23.5469483],[-46.7704806,-23.5469679],[-46.7702901,-23.5469679],[-46.7702097,-23.5469729],[-46.770148,-23.5469606],[-46.7700058,-23.546963],[-46.7699173,-23.5469729],[-46.7693219,-23.5469384],[-46.7692387,-23.5469729],[-46.7691931,-23.5469507],[-46.7690295,-23.5469507],[-46.7689678,-23.5469556],[-46.7688069,-23.5469679],[-46.7687318,-23.5469655],[-46.7686728,-23.5469729],[-46.7685065,-23.5469655],[-46.7684367,-23.5469679],[-46.7683831,-23.5469409],[-46.7683375,-23.5469556],[-46.7682919,-23.5469606],[-46.7681578,-23.5469409],[-46.7677501,-23.5469507],[-46.7676535,-23.5469581],[-46.7675865,-23.5469581],[-46.767506,-23.5469507],[-46.7674577,-23.5469507],[-46.7673934,-23.5469655],[-46.7673451,-23.5469679],[-46.7673102,-23.5469335],[-46.7671546,-23.5469433],[-46.767101,-23.5469679],[-46.7670366,-23.5469286],[-46.7669669,-23.5469384],[-46.7668784,-23.5469606],[-46.7666236,-23.5469606],[-46.7665431,-23.5469483],[-46.7663231,-23.5469655],[-46.7726398,-23.5470048],[-46.7724815,-23.5470097],[-46.7724413,-23.5469876],[-46.7723581,-23.5469876],[-46.7722911,-23.5470147],[-46.7715615,-23.546995],[-46.7714891,-23.5470122],[-46.771363,-23.5470048],[-46.7712986,-23.5469925],[-46.7711216,-23.5469802],[-46.7709392,-23.5470147],[-46.7708641,-23.5469974],[-46.7708024,-23.5470097],[-46.7707542,-23.5469925],[-46.770494,-23.5470171],[-46.770435,-23.5469876],[-46.7701775,-23.5470171],[-46.770089,-23.5470147],[-46.770038,-23.5470147],[-46.7699736,-23.546995],[-46.7699146,-23.5470196],[-46.7698261,-23.5469876],[-46.7697322,-23.5470196],[-46.7693272,-23.5469827],[-46.7692843,-23.5469753],[-46.7692333,-23.5470147],[-46.7691422,-23.5469901],[-46.7690992,-23.5469974],[-46.7690161,-23.5470097],[-46.7686245,-23.5469778],[-46.7685923,-23.5470097],[-46.7684045,-23.5470147],[-46.768316,-23.5469974],[-46.7682061,-23.5470097],[-46.7681551,-23.5469827],[-46.7679298,-23.5470196],[-46.7678708,-23.546995],[-46.7678225,-23.5469925],[-46.7677635,-23.5469999],[-46.7677125,-23.5470024],[-46.7676455,-23.5470073],[-46.7675784,-23.5469999],[-46.7674953,-23.5470048],[-46.7674014,-23.5470147],[-46.7672941,-23.5470147],[-46.7672324,-23.5470024],[-46.7671439,-23.5469827],[-46.7671198,-23.5470171],[-46.7670447,-23.5470073],[-46.7669347,-23.5470048],[-46.7668355,-23.5469974],[-46.766578,-23.546995],[-46.7663178,-23.5470171],[-46.77268,-23.5470515],[-46.7726263,-23.5470466],[-46.7725459,-23.5470589],[-46.7724493,-23.5470368],[-46.7723984,-23.5470491],[-46.7723393,-23.5470245],[-46.7713201,-23.5470663],[-46.7712611,-23.5470392],[-46.7711887,-23.5470392],[-46.7711323,-23.5470343],[-46.7710626,-23.5470565],[-46.770907,-23.5470589],[-46.7707944,-23.5470491],[-46.7707112,-23.547054],[-46.770671,-23.5470294],[-46.7705745,-23.547027],[-46.7705342,-23.5470515],[-46.7704216,-23.5470466],[-46.7702794,-23.5470196],[-46.7702338,-23.5470614],[-46.7701507,-23.547054],[-46.7700702,-23.5470589],[-46.7699736,-23.547054],[-46.7699173,-23.5470638],[-46.7697966,-23.5470245],[-46.7696866,-23.5470294],[-46.7695311,-23.5470491],[-46.7694801,-23.5470491],[-46.769397,-23.547054],[-46.7684743,-23.547027],[-46.7683831,-23.5470614],[-46.7683482,-23.5470294],[-46.768257,-23.5470196],[-46.7681336,-23.547027],[-46.7680854,-23.547027],[-46.768029,-23.5470368],[-46.7678466,-23.5470442],[-46.7677608,-23.5470589],[-46.7677045,-23.5470515],[-46.7675945,-23.5470565],[-46.7675462,-23.5470368],[-46.7673612,-23.5470614],[-46.7672405,-23.5470491],[-46.7671707,-23.547027],[-46.7670768,-23.5470663],[-46.7670125,-23.5470466],[-46.7667979,-23.5470589],[-46.7667416,-23.5470638],[-46.7666826,-23.547054],[-46.7665887,-23.5470368],[-46.7660844,-23.5470392],[-46.772798,-23.547113],[-46.7725056,-23.5471081],[-46.7724305,-23.5470786],[-46.7723849,-23.5470958],[-46.772334,-23.5470761],[-46.7714542,-23.547081],[-46.7713711,-23.5471032],[-46.7712209,-23.5470786],[-46.7711404,-23.5470933],[-46.770958,-23.5470909],[-46.7707327,-23.5470909],[-46.770671,-23.547081],[-46.7705047,-23.5470835],[-46.7704591,-23.547113],[-46.7702284,-23.5471032],[-46.7701373,-23.5471081],[-46.7699951,-23.5471056],[-46.769869,-23.5470786],[-46.7697832,-23.5470786],[-46.7697135,-23.547086],[-46.7695767,-23.5470786],[-46.7694882,-23.5470958],[-46.7694077,-23.5471106],[-46.7693245,-23.5470958],[-46.7692736,-23.5470786],[-46.7692387,-23.5471032],[-46.7691422,-23.5470983],[-46.7690966,-23.5470786],[-46.7690215,-23.5470983],[-46.7687318,-23.5471007],[-46.7686835,-23.547113],[-46.7684609,-23.547086],[-46.7683536,-23.5470983],[-46.7680264,-23.547081],[-46.7679593,-23.5471106],[-46.767911,-23.5470786],[-46.7678815,-23.5471106],[-46.7678279,-23.547113],[-46.7677152,-23.5471056],[-46.7676616,-23.5471032],[-46.7676133,-23.5470958],[-46.7675462,-23.5470933],[-46.7673907,-23.5471007],[-46.7673182,-23.5470983],[-46.7672378,-23.5471106],[-46.7671841,-23.5470835],[-46.7671332,-23.5471056],[-46.7669991,-23.5470933],[-46.7669508,-23.5471056],[-46.7668033,-23.5471032],[-46.7667577,-23.5471081],[-46.7666826,-23.5471106],[-46.7666316,-23.5471032],[-46.7662722,-23.5470663],[-46.7661005,-23.5470909],[-46.7727792,-23.5471573],[-46.7724895,-23.5471524],[-46.7724413,-23.5471179],[-46.7712075,-23.5471376],[-46.7711109,-23.5471302],[-46.7706576,-23.5471204],[-46.7705503,-23.5471573],[-46.7704993,-23.5471499],[-46.7704135,-23.5471302],[-46.770215,-23.5471597],[-46.7700997,-23.5471376],[-46.770038,-23.5471474],[-46.7699763,-23.5471573],[-46.7699039,-23.5471573],[-46.7698583,-23.5471499],[-46.7697349,-23.5471474],[-46.7696705,-23.5471499],[-46.769582,-23.5471573],[-46.7695552,-23.5471204],[-46.7694613,-23.5471499],[-46.769405,-23.5471548],[-46.7693594,-23.5471278],[-46.7692897,-23.5471597],[-46.7690778,-23.5471302],[-46.7689866,-23.5471548],[-46.7689437,-23.5471228],[-46.7688954,-23.5471351],[-46.7688149,-23.5471351],[-46.7687425,-23.5471425],[-46.768662,-23.5471548],[-46.7685816,-23.5471425],[-46.7685252,-23.5471474],[-46.7684555,-23.5471401],[-46.7683563,-23.5471548],[-46.7682812,-23.5471573],[-46.7680022,-23.5471179],[-46.7679137,-23.5471548],[-46.7677072,-23.5471548],[-46.7676267,-23.5471351],[-46.7675784,-23.5471425],[-46.7675194,-23.5471302],[-46.7671788,-23.5471278],[-46.7671037,-23.5471499],[-46.7670447,-23.5471376],[-46.766983,-23.5471524],[-46.7668059,-23.5471474],[-46.7666718,-23.5471548],[-46.7729563,-23.5471942],[-46.7728919,-23.5471991],[-46.7728463,-23.5471696],[-46.7724386,-23.5471917],[-46.7712584,-23.5471794],[-46.7712128,-23.547204],[-46.7711619,-23.5471942],[-46.7711082,-23.5472015],[-46.7710546,-23.5471696],[-46.7704591,-23.5471696],[-46.7704189,-23.5472064],[-46.770274,-23.547204],[-46.7701426,-23.5471794],[-46.7701104,-23.5472064],[-46.7699334,-23.5471868],[-46.7698717,-23.5472015],[-46.7698181,-23.5471892],[-46.7696625,-23.5471917],[-46.7695177,-23.5471696],[-46.7690188,-23.5471942],[-46.768941,-23.5471696],[-46.7688176,-23.5471942],[-46.7687801,-23.547172],[-46.7687318,-23.5471843],[-46.7686164,-23.547204],[-46.7684716,-23.5471966],[-46.768418,-23.5471966],[-46.7683455,-23.547204],[-46.7678976,-23.5471942],[-46.767852,-23.5471769],[-46.7677796,-23.5471646],[-46.7677152,-23.5472015],[-46.7676562,-23.5471769],[-46.7676213,-23.5472064],[-46.7674685,-23.5471991],[-46.7674202,-23.5471942],[-46.7671788,-23.547172],[-46.76705,-23.5472064],[-46.7669401,-23.5471942],[-46.7668864,-23.5471696],[-46.766814,-23.547204],[-46.7667657,-23.5471646],[-46.7667148,-23.5471966],[-46.7666423,-23.5471892],[-46.7731011,-23.5472409],[-46.773026,-23.5472114],[-46.7729858,-23.5472433],[-46.7728999,-23.5472458],[-46.7728195,-23.5472433],[-46.7727631,-23.5472261],[-46.7727122,-23.5472335],[-46.77246,-23.5472384],[-46.7710894,-23.5472458],[-46.7710331,-23.5472237],[-46.7709687,-23.5472212],[-46.7705476,-23.5472507],[-46.7705154,-23.5472163],[-46.7704645,-23.5472409],[-46.7703626,-23.5472532],[-46.7702526,-23.5472507],[-46.7701828,-23.5472114],[-46.770089,-23.5472507],[-46.7700407,-23.5472335],[-46.7698878,-23.5472482],[-46.7698315,-23.5472286],[-46.7697322,-23.5472433],[-46.7696652,-23.5472532],[-46.7695981,-23.547231],[-46.7695338,-23.5472089],[-46.7694989,-23.547236],[-46.7692307,-23.5472261],[-46.7691877,-23.5472335],[-46.7690724,-23.547236],[-46.7690188,-23.5472433],[-46.7689624,-23.5472261],[-46.7685735,-23.5472138],[-46.7685199,-23.5472114],[-46.7684367,-23.5472409],[-46.7683777,-23.5472532],[-46.7682999,-23.5472237],[-46.7682114,-23.5472458],[-46.7679378,-23.5472089],[-46.7676455,-23.5472433],[-46.7675248,-23.5472409],[-46.7673907,-23.547231],[-46.7673317,-23.5472458],[-46.7672619,-23.5472458],[-46.766983,-23.547236],[-46.7669293,-23.547236],[-46.7667469,-23.5472286],[-46.7666745,-23.5472433],[-46.7732459,-23.5472974],[-46.7731467,-23.5472728],[-46.7729482,-23.5472876],[-46.772857,-23.5472974],[-46.77279,-23.5472925],[-46.7727417,-23.5472753],[-46.7726451,-23.5472925],[-46.7726129,-23.5472605],[-46.7725432,-23.5472999],[-46.7710948,-23.5472876],[-46.7710197,-23.5472753],[-46.7706817,-23.5472556],[-46.7705342,-23.547295],[-46.7704216,-23.54729],[-46.7703411,-23.547295],[-46.770274,-23.54729],[-46.7701963,-23.5472925],[-46.7701587,-23.5472581],[-46.7700997,-23.5472999],[-46.7700541,-23.5472851],[-46.7700005,-23.5472605],[-46.7699066,-23.547295],[-46.7698449,-23.5472728],[-46.7697376,-23.54729],[-46.769633,-23.5472802],[-46.7695874,-23.5472974],[-46.7695364,-23.5472605],[-46.7694935,-23.5472827],[-46.7694372,-23.5472778],[-46.7691824,-23.5472753],[-46.7691287,-23.5472802],[-46.768941,-23.5472655],[-46.7685843,-23.5472999],[-46.768536,-23.547263],[-46.7683455,-23.5472851],[-46.7682946,-23.5472827],[-46.7682141,-23.5472974],[-46.768139,-23.5472876],[-46.76808,-23.5472778],[-46.7680156,-23.5472655],[-46.767903,-23.5472999],[-46.7677984,-23.54729],[-46.7676964,-23.5472999],[-46.7674872,-23.547295],[-46.7674229,-23.5472827],[-46.7673773,-23.5472827],[-46.7673102,-23.547295],[-46.767211,-23.547263],[-46.7670661,-23.547295],[-46.7670259,-23.5472753],[-46.7669588,-23.5472851],[-46.7667738,-23.5472827],[-46.7666826,-23.54729],[-46.7734337,-23.5473392],[-46.7733532,-23.5473196],[-46.7733023,-23.5473073],[-46.7731601,-23.5473171],[-46.7731118,-23.5473392],[-46.7728946,-23.5473392],[-46.7727122,-23.5473122],[-46.7725727,-23.5473368],[-46.7703921,-23.5473294],[-46.7703116,-23.5473392],[-46.7701963,-23.5473368],[-46.7701158,-23.5473368],[-46.7700568,-23.5473294],[-46.7700058,-23.5473073],[-46.7698342,-23.5473441],[-46.7697886,-23.5473466],[-46.7696866,-23.5473368],[-46.7695498,-23.5473417],[-46.7694774,-23.547322],[-46.7693916,-23.5473023],[-46.7693299,-23.5473048],[-46.7692655,-23.5473269],[-46.7689034,-23.5473441],[-46.7688203,-23.5473343],[-46.7686513,-23.5473466],[-46.7685279,-23.5473466],[-46.7679566,-23.5473392],[-46.7677635,-23.5473417],[-46.7675462,-23.547322],[-46.767506,-23.5473417],[-46.7673424,-23.5473368],[-46.76727,-23.5473097],[-46.7672244,-23.5473097],[-46.7671412,-23.5473392],[-46.7670903,-23.5473441],[-46.7670393,-23.5473343],[-46.7669776,-23.5473245],[-46.7669052,-23.5473146],[-46.7668462,-23.5473073],[-46.7667282,-23.5473245],[-46.7666692,-23.5473318],[-46.7735651,-23.5473933],[-46.773482,-23.5473614],[-46.7733988,-23.5473859],[-46.773313,-23.5473564],[-46.7731869,-23.547354],[-46.7730421,-23.5473859],[-46.7728034,-23.5473737],[-46.7726907,-23.5473712],[-46.7726371,-23.5473638],[-46.7725968,-23.5473786],[-46.7707595,-23.5473663],[-46.7706576,-23.5473884],[-46.7704618,-23.5473638],[-46.7703947,-23.547381],[-46.7701533,-23.5473737],[-46.7700621,-23.5473712],[-46.7700192,-23.5473614],[-46.7699334,-23.5473663],[-46.7697912,-23.5473933],[-46.769743,-23.5473491],[-46.7696786,-23.5473909],[-46.7696303,-23.5473614],[-46.7695954,-23.5473884],[-46.7694935,-23.5473835],[-46.7694399,-23.5473687],[-46.7693165,-23.5473761],[-46.7692494,-23.5473786],[-46.7691877,-23.5473933],[-46.7690939,-23.5473835],[-46.7690295,-23.5473737],[-46.7689544,-23.5473515],[-46.7688739,-23.5473786],[-46.7687774,-23.5473564],[-46.7687291,-23.547381],[-46.7685708,-23.5473786],[-46.7685199,-23.5473909],[-46.7684636,-23.5473859],[-46.7684394,-23.5473515],[-46.7683831,-23.5473663],[-46.7683133,-23.5473638],[-46.7682195,-23.5473737],[-46.7681658,-23.5473933],[-46.7680585,-23.5473909],[-46.7679727,-23.5473884],[-46.7679271,-23.5473909],[-46.7678681,-23.547381],[-46.7677957,-23.5473909],[-46.7675999,-23.5473835],[-46.7675462,-23.5473737],[-46.7674389,-23.5473737],[-46.7673907,-23.5473933],[-46.767337,-23.5473884],[-46.7672351,-23.547354],[-46.7671278,-23.5473909],[-46.7670554,-23.5473909],[-46.766991,-23.5473687],[-46.7669293,-23.5473589],[-46.7668837,-23.5473614],[-46.7668274,-23.5473663],[-46.7667255,-23.5473663],[-46.773608,-23.547413],[-46.7734686,-23.5474007],[-46.7732486,-23.5474351],[-46.7730206,-23.5474327],[-46.7727819,-23.5474179],[-46.7726344,-23.5474277],[-46.770789,-23.5473958],[-46.770722,-23.5474376],[-46.7706737,-23.5474327],[-46.7705557,-23.5474204],[-46.7703733,-23.5474277],[-46.7702338,-23.54744],[-46.7701453,-23.5474376],[-46.7700943,-23.5474327],[-46.7700407,-23.5474204],[-46.7699897,-23.5474081],[-46.7699414,-23.5474327],[-46.7698959,-23.5474327],[-46.7698395,-23.5474327],[-46.7697403,-23.54744],[-46.7696545,-23.5474253],[-46.7695472,-23.5474105],[-46.7694828,-23.5474351],[-46.7694372,-23.5474204],[-46.7693487,-23.5474351],[-46.769295,-23.5474277],[-46.7692038,-23.54744],[-46.7691287,-23.5474277],[-46.7690697,-23.5474302],[-46.7689946,-23.5474204],[-46.7689222,-23.5474155],[-46.7688847,-23.5474376],[-46.7688283,-23.5474376],[-46.7687961,-23.5474081],[-46.7687371,-23.5474302],[-46.7686915,-23.5474105],[-46.7686218,-23.5474056],[-46.7685789,-23.5474228],[-46.7685306,-23.5474376],[-46.7684582,-23.5474277],[-46.7684099,-23.5474351],[-46.7683589,-23.5474327],[-46.768308,-23.5474277],[-46.7682704,-23.5474032],[-46.7682382,-23.5474327],[-46.7680103,-23.5474105],[-46.7677984,-23.5474327],[-46.7676133,-23.5474302],[-46.7675489,-23.5474228],[-46.767498,-23.5473958],[-46.7674389,-23.5474376],[-46.7672968,-23.5474376],[-46.7670983,-23.5474302],[-46.7669857,-23.5474351],[-46.7669374,-23.5474351],[-46.7668918,-23.54744],[-46.7668542,-23.5473982],[-46.7667308,-23.5474179],[-46.7663768,-23.54744],[-46.7663419,-23.547413],[-46.7663017,-23.5474376],[-46.7738172,-23.5474671],[-46.7733023,-23.5474868],[-46.7732272,-23.5474868],[-46.7730045,-23.5474769],[-46.7729697,-23.54744],[-46.7729053,-23.5474794],[-46.7707837,-23.5474745],[-46.7707139,-23.5474868],[-46.7706227,-23.5474474],[-46.7705718,-23.5474843],[-46.7704538,-23.5474474],[-46.770317,-23.5474573],[-46.7701453,-23.5474818],[-46.770038,-23.5474745],[-46.7699549,-23.5474868],[-46.7698583,-23.5474745],[-46.7697188,-23.5474794],[-46.7696705,-23.5474769],[-46.7696169,-23.5474573],[-46.7695713,-23.5474646],[-46.7695096,-23.5474745],[-46.769397,-23.5474499],[-46.7692816,-23.5474769],[-46.769236,-23.5474769],[-46.7691207,-23.5474769],[-46.7690161,-23.5474769],[-46.7689598,-23.5474794],[-46.7688686,-23.5474818],[-46.768772,-23.5474671],[-46.7687157,-23.5474843],[-46.7686647,-23.5474622],[-46.7685896,-23.5474745],[-46.7685306,-23.5474818],[-46.768485,-23.5474622],[-46.7684287,-23.5474745],[-46.7683777,-23.5474695],[-46.7682758,-23.5474646],[-46.7681497,-23.5474646],[-46.7680505,-23.5474646],[-46.7679995,-23.5474499],[-46.7679513,-23.5474843],[-46.7679244,-23.5474474],[-46.7678574,-23.5474474],[-46.7677125,-23.5474794],[-46.7675784,-23.5474671],[-46.7675194,-23.5474818],[-46.7674175,-23.5474769],[-46.7673451,-23.5474597],[-46.7672807,-23.5474745],[-46.7672056,-23.5474818],[-46.7670339,-23.5474523],[-46.7663956,-23.5474843],[-46.7663446,-23.5474769],[-46.7662722,-23.5474769],[-46.7662293,-23.5474671],[-46.7739433,-23.5475089],[-46.7738575,-23.5474991],[-46.7735222,-23.5475187],[-46.7733639,-23.5475064],[-46.7732674,-23.5475163],[-46.7731547,-23.5475187],[-46.7730153,-23.5475335],[-46.7729241,-23.5475187],[-46.7706496,-23.5475187],[-46.7705584,-23.547531],[-46.7704672,-23.5475236],[-46.770435,-23.5474941],[-46.7703009,-23.547531],[-46.7702419,-23.547504],[-46.7702097,-23.547531],[-46.7701453,-23.5475261],[-46.7700917,-23.5475163],[-46.7699951,-23.547531],[-46.7698824,-23.5475187],[-46.7694801,-23.5475064],[-46.7693433,-23.5475286],[-46.769228,-23.5475335],[-46.7691824,-23.5475089],[-46.7690697,-23.5475163],[-46.7689759,-23.5475335],[-46.7689088,-23.5475236],[-46.7688203,-23.5475064],[-46.768764,-23.5475089],[-46.7686862,-23.5475163],[-46.7685762,-23.5475163],[-46.7684743,-23.5475187],[-46.7684045,-23.5475236],[-46.7683536,-23.5475064],[-46.7682409,-23.5475113],[-46.7680639,-23.5475113],[-46.7679781,-23.5475163],[-46.767903,-23.547531],[-46.7678601,-23.5475064],[-46.7678198,-23.5475261],[-46.7677528,-23.547531],[-46.7676723,-23.5475064],[-46.7674631,-23.5474917],[-46.7672431,-23.5475089],[-46.7671573,-23.5475261],[-46.7668328,-23.5475335],[-46.7663446,-23.5475187],[-46.7741659,-23.5475753],[-46.7741176,-23.5475679],[-46.7740533,-23.5475704],[-46.7739648,-23.5475777],[-46.7738762,-23.5475482],[-46.7734042,-23.5475581],[-46.7733237,-23.5475433],[-46.7732808,-23.5475654],[-46.7732245,-23.5475556],[-46.7731199,-23.5475581],[-46.7730743,-23.547563],[-46.7729938,-23.5475753],[-46.7729133,-23.547563],[-46.7705959,-23.5475753],[-46.7704752,-23.5475654],[-46.7704135,-23.5475409],[-46.7703438,-23.5475802],[-46.7702928,-23.5475753],[-46.7700997,-23.5475753],[-46.7700541,-23.5475507],[-46.7699388,-23.5475679],[-46.7694882,-23.5475531],[-46.7693245,-23.5475704],[-46.7692763,-23.5475359],[-46.7691851,-23.547563],[-46.7691368,-23.5475384],[-46.7687666,-23.5475581],[-46.768721,-23.5475777],[-46.7678601,-23.547563],[-46.7677984,-23.5475654],[-46.7676938,-23.5475753],[-46.7676508,-23.5475556],[-46.7675033,-23.5475458],[-46.7674363,-23.547563],[-46.7673585,-23.5475728],[-46.7672136,-23.5475384],[-46.7742464,-23.5476048],[-46.7742008,-23.5476269],[-46.7741069,-23.5476245],[-46.7734766,-23.5475876],[-46.773423,-23.5476097],[-46.7733532,-23.5475925],[-46.773313,-23.5476171],[-46.7732593,-23.5476171],[-46.7732164,-23.5476072],[-46.7731681,-23.5476072],[-46.7731199,-23.5476048],[-46.7730555,-23.5476097],[-46.7704993,-23.5476245],[-46.7704484,-23.5476023],[-46.7703974,-23.5475974],[-46.7703411,-23.5476245],[-46.7702392,-23.5476023],[-46.7701882,-23.5475949],[-46.7701024,-23.5476245],[-46.7700353,-23.5475925],[-46.769979,-23.5476023],[-46.7693004,-23.5476269],[-46.7692387,-23.5475876],[-46.7691877,-23.5476146],[-46.7691395,-23.5475974],[-46.7690778,-23.5475949],[-46.7687666,-23.5476122],[-46.7686835,-23.5476072],[-46.7682517,-23.5476048],[-46.7681712,-23.5476072],[-46.7681175,-23.547622],[-46.7680639,-23.5476171],[-46.7680103,-23.5476048],[-46.7679673,-23.5476195],[-46.7678976,-23.547622],[-46.7678171,-23.5476171],[-46.7677474,-23.5476269],[-46.767683,-23.5476171],[-46.7675918,-23.5476122],[-46.7675543,-23.5475876],[-46.7674872,-23.5476023],[-46.7674389,-23.5476195],[-46.7674068,-23.5475925],[-46.7673397,-23.5476171],[-46.76727,-23.5476097],[-46.7672271,-23.5476195],[-46.7743912,-23.5476564],[-46.7743161,-23.547649],[-46.7734766,-23.5476294],[-46.7732701,-23.5476564],[-46.7732164,-23.547654],[-46.7731681,-23.5476613],[-46.7730957,-23.5476638],[-46.7705986,-23.5476392],[-46.7705449,-23.5476663],[-46.7704591,-23.5476663],[-46.7703652,-23.5476589],[-46.7702901,-23.5476343],[-46.7702553,-23.5476687],[-46.770207,-23.5476318],[-46.7701507,-23.5476712],[-46.7700407,-23.5476712],[-46.7699763,-23.5476638],[-46.7693835,-23.5476441],[-46.7693165,-23.5476638],[-46.7692414,-23.5476294],[-46.769177,-23.5476687],[-46.7691019,-23.5476294],[-46.769059,-23.5476613],[-46.769008,-23.5476589],[-46.7688042,-23.5476687],[-46.7686889,-23.547649],[-46.7683187,-23.5476441],[-46.7682436,-23.5476613],[-46.7681873,-23.5476687],[-46.7680505,-23.5476712],[-46.7679647,-23.5476736],[-46.7678922,-23.5476736],[-46.7678413,-23.5476663],[-46.7676696,-23.5476663],[-46.7676106,-23.5476564],[-46.7675596,-23.5476466],[-46.7674443,-23.5476663],[-46.7673907,-23.5476417],[-46.7672914,-23.547654],[-46.7745763,-23.5477105],[-46.7745253,-23.5476933],[-46.7744744,-23.5477007],[-46.7734766,-23.5476908],[-46.7734364,-23.5477056],[-46.7733639,-23.547713],[-46.773321,-23.5476933],[-46.773254,-23.5477179],[-46.7731869,-23.5477031],[-46.7706898,-23.5477056],[-46.7706066,-23.5477179],[-46.7705235,-23.5477031],[-46.7703116,-23.5476761],[-46.7702392,-23.5477179],[-46.7701909,-23.5477179],[-46.7701238,-23.5477031],[-46.769971,-23.5477179],[-46.7692387,-23.5476933],[-46.7691824,-23.5477154],[-46.7691287,-23.5477154],[-46.7690429,-23.5477056],[-46.7689651,-23.5477031],[-46.7688444,-23.5477056],[-46.7682892,-23.5476785],[-46.7681202,-23.5476982],[-46.7680585,-23.5477179],[-46.7679513,-23.5477154],[-46.7678493,-23.547713],[-46.7677984,-23.5477105],[-46.7677528,-23.5476908],[-46.7677072,-23.547713],[-46.7676535,-23.5477154],[-46.7675704,-23.5477007],[-46.7674926,-23.547681],[-46.7674068,-23.5476933],[-46.7673424,-23.5477154],[-46.7672539,-23.547713],[-46.7747775,-23.5477646],[-46.7747319,-23.5477671],[-46.7740828,-23.5477572],[-46.773549,-23.5477671],[-46.7733774,-23.5477572],[-46.773321,-23.5477646],[-46.7732432,-23.5477572],[-46.7707703,-23.5477523],[-46.7705959,-23.5477572],[-46.7705503,-23.5477548],[-46.7703143,-23.5477277],[-46.770274,-23.5477474],[-46.7701641,-23.5477646],[-46.7701131,-23.5477474],[-46.7700621,-23.5477376],[-46.76992,-23.5477449],[-46.7698503,-23.5477499],[-46.7698047,-23.5477621],[-46.7692333,-23.5477621],[-46.7690349,-23.5477646],[-46.768949,-23.5477499],[-46.7680639,-23.5477621],[-46.7679995,-23.54774],[-46.7677581,-23.5477523],[-46.7676696,-23.5477671],[-46.7676052,-23.54774],[-46.7674738,-23.5477425],[-46.7673987,-23.5477499],[-46.7748982,-23.5478138],[-46.7747936,-23.5478138],[-46.7741552,-23.5478015],[-46.7734042,-23.5477892],[-46.7733479,-23.547804],[-46.7732835,-23.547799],[-46.7732191,-23.5478113],[-46.7731842,-23.5477867],[-46.7705342,-23.5478089],[-46.7703089,-23.547804],[-46.7702392,-23.5477818],[-46.7701399,-23.5478138],[-46.7700621,-23.5477892],[-46.7700166,-23.5477867],[-46.7698851,-23.5477744],[-46.7698449,-23.5478113],[-46.7697939,-23.5478064],[-46.7693862,-23.5478089],[-46.7693326,-23.547799],[-46.7691877,-23.5478015],[-46.7690027,-23.5477917],[-46.7680022,-23.5477867],[-46.7679432,-23.5477695],[-46.7678466,-23.5478064],[-46.7678091,-23.5477695],[-46.7677823,-23.5478113],[-46.7676911,-23.5478113],[-46.7676106,-23.5477867],[-46.7672136,-23.5478138],[-46.7747802,-23.5478531],[-46.7742759,-23.5478556],[-46.7736107,-23.5478605],[-46.773321,-23.547858],[-46.773144,-23.5478433],[-46.7706549,-23.5478162],[-46.7706093,-23.5478531],[-46.7703947,-23.5478507],[-46.7702016,-23.5478507],[-46.7700943,-23.5478162],[-46.7700541,-23.5478335],[-46.769987,-23.5478458],[-46.7698905,-23.5478605],[-46.7697939,-23.5478482],[-46.7694345,-23.5478359],[-46.7693567,-23.5478408],[-46.7693165,-23.5478605],[-46.7692548,-23.5478458],[-46.7691797,-23.5478605],[-46.7691207,-23.5478335],[-46.7690483,-23.5478335],[-46.7679754,-23.5478236],[-46.767903,-23.5478236],[-46.7677474,-23.5478433],[-46.7748955,-23.5478728],[-46.7748418,-23.5478753],[-46.7747855,-23.5479048],[-46.7747399,-23.5478802],[-46.7744046,-23.5478998],[-46.7736724,-23.5479072],[-46.7735973,-23.5479023],[-46.7731601,-23.5478802],[-46.7731038,-23.5479072],[-46.7730582,-23.5478728],[-46.7729992,-23.547863],[-46.7729455,-23.5478974],[-46.7728999,-23.5478998],[-46.7705664,-23.5478851],[-46.7704993,-23.5478925],[-46.7703652,-23.5479072],[-46.770325,-23.5478876],[-46.7702714,-23.5479072],[-46.7701802,-23.54789],[-46.7699441,-23.5478974],[-46.7696866,-23.5479023],[-46.7694774,-23.5478949],[-46.7694184,-23.5478851],[-46.7693567,-23.5478851],[-46.7692548,-23.5478925],[-46.7691341,-23.5478851],[-46.7690778,-23.5478777],[-46.7690349,-23.5479072],[-46.7690107,-23.5478728],[-46.7689651,-23.5478876],[-46.7687103,-23.5479023],[-46.7685682,-23.5478998],[-46.7749169,-23.5479441],[-46.7746863,-23.5479466],[-46.7742705,-23.547922],[-46.7737046,-23.547949],[-46.7736295,-23.5479466],[-46.7730018,-23.5479121],[-46.7728436,-23.5479515],[-46.77073,-23.547949],[-46.7702901,-23.5479515],[-46.7702177,-23.5479294],[-46.7701399,-23.547922],[-46.7700273,-23.5479392],[-46.769971,-23.5479441],[-46.7698851,-23.5479195],[-46.7697859,-23.5479441],[-46.769743,-23.5479269],[-46.7696223,-23.5479515],[-46.7695552,-23.5479441],[-46.7695016,-23.5479343],[-46.7694238,-23.5479269],[-46.7693728,-23.5479539],[-46.7691904,-23.5479515],[-46.7691448,-23.5479441],[-46.7690697,-23.547949],[-46.7689839,-23.547949],[-46.7689195,-23.5479515],[-46.7687988,-23.5479441],[-46.7687425,-23.547949],[-46.7686138,-23.5479097],[-46.7685762,-23.5479539],[-46.7685172,-23.547949],[-46.7684689,-23.547922],[-46.768418,-23.5479318],[-46.768375,-23.5479515],[-46.7749035,-23.5479982],[-46.7748713,-23.5479613],[-46.7747721,-23.5480007],[-46.7746997,-23.5479859],[-46.7746407,-23.5479834],[-46.7745978,-23.5479564],[-46.7738065,-23.5479589],[-46.7737743,-23.5479908],[-46.7735705,-23.5479884],[-46.7706737,-23.5479662],[-46.7706174,-23.5479736],[-46.7703277,-23.547981],[-46.7702553,-23.5479859],[-46.7701533,-23.5479613],[-46.7701158,-23.5479884],[-46.7699924,-23.5479908],[-46.7697483,-23.5479761],[-46.769684,-23.5479613],[-46.769641,-23.5479957],[-46.7695767,-23.547981],[-46.769515,-23.5479957],[-46.7694479,-23.547981],[-46.7693809,-23.5479933],[-46.7692387,-23.5479761],[-46.7691556,-23.5480007],[-46.7690644,-23.5480007],[-46.7690107,-23.5479982],[-46.7689168,-23.5479957],[-46.7688176,-23.547981],[-46.7687103,-23.5479834],[-46.768662,-23.5479785],[-46.7685091,-23.5479884],[-46.7684636,-23.5479761],[-46.7684072,-23.5479834],[-46.7683107,-23.5480007],[-46.7682517,-23.5479982],[-46.7747962,-23.5480375],[-46.7747185,-23.5480228],[-46.7738441,-23.54804],[-46.7737716,-23.5480351],[-46.773726,-23.5480154],[-46.7736939,-23.5480449],[-46.7736483,-23.5480228],[-46.7735866,-23.5480302],[-46.7728651,-23.5480252],[-46.7728221,-23.5480031],[-46.77073,-23.5480449],[-46.7706764,-23.5480277],[-46.7706227,-23.5480154],[-46.7702016,-23.5480449],[-46.7700917,-23.5480277],[-46.7699468,-23.5480056],[-46.7699066,-23.5480252],[-46.7698368,-23.5480425],[-46.7697832,-23.548008],[-46.7697296,-23.5480228],[-46.7696303,-23.5480351],[-46.7695633,-23.5480474],[-46.7694747,-23.5480179],[-46.769397,-23.5480302],[-46.7692897,-23.5480425],[-46.7692012,-23.548013],[-46.7689705,-23.5480302],[-46.7688552,-23.5480252],[-46.768764,-23.54804],[-46.7686835,-23.5480449],[-46.7686245,-23.5480179],[-46.7685628,-23.5480351],[-46.7684796,-23.54804],[-46.7684394,-23.5480228],[-46.7683697,-23.5480375],[-46.7682248,-23.5480474],[-46.7676991,-23.5480056],[-46.7676777,-23.5480474],[-46.7748499,-23.5480621],[-46.774807,-23.5480843],[-46.774748,-23.5480523],[-46.7740157,-23.5480843],[-46.7739701,-23.5480793],[-46.7739192,-23.5480695],[-46.7707381,-23.5480892],[-46.7706817,-23.548072],[-46.77062,-23.5480793],[-46.7702553,-23.5480646],[-46.7702124,-23.5480892],[-46.7701507,-23.548067],[-46.7701104,-23.5480892],[-46.7699388,-23.5480744],[-46.7698932,-23.5480916],[-46.7697993,-23.5480769],[-46.769743,-23.548072],[-46.7696464,-23.548072],[-46.7694747,-23.5480941],[-46.7694372,-23.548067],[-46.7692575,-23.5480843],[-46.7691877,-23.5480744],[-46.7691207,-23.5480843],[-46.7690617,-23.5480621],[-46.7690161,-23.5480498],[-46.7686459,-23.5480793],[-46.7685735,-23.5480867],[-46.7685306,-23.548067],[-46.7684636,-23.5480916],[-46.7683965,-23.5480769],[-46.768316,-23.5480916],[-46.7682651,-23.5480646],[-46.7681551,-23.5480498],[-46.7680344,-23.5480892],[-46.7748794,-23.5481211],[-46.774115,-23.5481236],[-46.7740613,-23.5481039],[-46.7740077,-23.5481408],[-46.7731011,-23.5481285],[-46.7730314,-23.548131],[-46.7707059,-23.548131],[-46.7706254,-23.548131],[-46.7705664,-23.5481236],[-46.7705128,-23.5481384],[-46.7702472,-23.548131],[-46.7701507,-23.548131],[-46.7700541,-23.548131],[-46.769928,-23.5481211],[-46.7698476,-23.5481359],[-46.7697805,-23.5481359],[-46.7696786,-23.548131],[-46.7696035,-23.5481039],[-46.7695472,-23.548131],[-46.7692521,-23.5481285],[-46.7691904,-23.5481408],[-46.7691422,-23.548131],[-46.7690751,-23.5481015],[-46.7687023,-23.5481064],[-46.7686567,-23.548131],[-46.7682087,-23.5481162],[-46.7681578,-23.5481162],[-46.7681175,-23.5481359],[-46.7680827,-23.5481015],[-46.7680317,-23.5481408],[-46.7677528,-23.5481384],[-46.7748258,-23.5481531],[-46.7742142,-23.5481802],[-46.7741525,-23.5481654],[-46.7740935,-23.5481826],[-46.773254,-23.5481802],[-46.7732003,-23.5481654],[-46.7731521,-23.5481826],[-46.7730609,-23.5481605],[-46.7706656,-23.5481826],[-46.7705637,-23.5481752],[-46.7705074,-23.5481826],[-46.770266,-23.5481777],[-46.7702016,-23.5481679],[-46.770097,-23.5481728],[-46.7700219,-23.548158],[-46.7697403,-23.548158],[-46.7696384,-23.5481654],[-46.7692736,-23.5481851],[-46.7692012,-23.5481802],[-46.7691475,-23.5481752],[-46.768426,-23.5481679],[-46.768375,-23.5481752],[-46.768257,-23.5481629],[-46.7682061,-23.5481654],[-46.7681471,-23.5481875],[-46.7680773,-23.5481826],[-46.7680022,-23.5481826],[-46.7679593,-23.5481605],[-46.7679003,-23.5481875],[-46.7677152,-23.5481679],[-46.7749116,-23.5482244],[-46.7741847,-23.548217],[-46.7741364,-23.5482121],[-46.7732835,-23.5482293],[-46.7732191,-23.5482244],[-46.7731628,-23.5482342],[-46.7730957,-23.5482318],[-46.7729992,-23.5481998],[-46.7707542,-23.5482293],[-46.7707032,-23.5482269],[-46.7706522,-23.548222],[-46.7706147,-23.5481974],[-46.7704886,-23.5482269],[-46.7704323,-23.5481924],[-46.7701399,-23.54819],[-46.7700917,-23.5482269],[-46.7700461,-23.5481998],[-46.7697537,-23.5482318],[-46.7697054,-23.5482121],[-46.7693299,-23.5482269],[-46.7692816,-23.5482293],[-46.769236,-23.5482342],[-46.7685118,-23.5482146],[-46.768477,-23.54819],[-46.7684287,-23.5482318],[-46.7683241,-23.5482072],[-46.7682007,-23.548217],[-46.7681229,-23.5482269],[-46.7680317,-23.5482121],[-46.7679781,-23.5482342],[-46.7679432,-23.5482072],[-46.7677474,-23.5482072],[-46.7745522,-23.5482785],[-46.7742598,-23.5482539],[-46.7731279,-23.5482687],[-46.7730582,-23.548281],[-46.7730018,-23.5482416],[-46.7706791,-23.5482711],[-46.7705449,-23.5482465],[-46.7704779,-23.548281],[-46.7704269,-23.5482785],[-46.770317,-23.5482539],[-46.7702633,-23.5482662],[-46.7701936,-23.5482465],[-46.770148,-23.5482367],[-46.7700997,-23.5482662],[-46.7698932,-23.5482785],[-46.7695042,-23.5482711],[-46.7694318,-23.5482711],[-46.7693889,-23.5482613],[-46.769338,-23.5482736],[-46.769287,-23.548281],[-46.7692387,-23.548281],[-46.7685387,-23.5482638],[-46.7683858,-23.5482662],[-46.7681041,-23.5482711],[-46.7680478,-23.548249],[-46.7680103,-23.5482736],[-46.7679432,-23.5482687],[-46.767844,-23.5482662],[-46.7678091,-23.5482367],[-46.7749438,-23.5482982],[-46.7748794,-23.5482982],[-46.7746916,-23.548308],[-46.7731091,-23.5483105],[-46.7730448,-23.5483252],[-46.7704269,-23.5483277],[-46.7703518,-23.5483154],[-46.7701936,-23.5482883],[-46.7701131,-23.5483129],[-46.7700219,-23.5483252],[-46.7699629,-23.548308],[-46.7695472,-23.5483178],[-46.7694774,-23.5483203],[-46.7693782,-23.5483203],[-46.7685601,-23.5483129],[-46.768477,-23.5483031],[-46.7684099,-23.5483105],[-46.7683643,-23.548308],[-46.768308,-23.5482859],[-46.7679647,-23.5483056],[-46.7679003,-23.5483252],[-46.767844,-23.5483105],[-46.7677903,-23.5483203],[-46.7677367,-23.5482957],[-46.7676857,-23.5482982],[-46.7748311,-23.5483719],[-46.7747694,-23.5483474],[-46.770148,-23.5483474],[-46.7700702,-23.5483597],[-46.7696679,-23.5483646],[-46.7695874,-23.5483572],[-46.7695016,-23.5483621],[-46.7694291,-23.5483326],[-46.7694077,-23.5483719],[-46.7693353,-23.5483351],[-46.7685226,-23.5483351],[-46.768477,-23.5483547],[-46.7684233,-23.5483719],[-46.7683697,-23.5483572],[-46.7683026,-23.5483719],[-46.7682865,-23.5483326],[-46.7681444,-23.5483646],[-46.7679003,-23.548367],[-46.7678466,-23.548367],[-46.7677259,-23.5483572],[-46.7747694,-23.5483941],[-46.7745066,-23.5484015],[-46.774461,-23.5483842],[-46.773026,-23.5484211],[-46.7703545,-23.5483941],[-46.7702821,-23.5484162],[-46.7697456,-23.5484088],[-46.7696598,-23.5484162],[-46.7696169,-23.548399],[-46.7695311,-23.548399],[-46.7694828,-23.5484088],[-46.7694265,-23.5484113],[-46.7693675,-23.5484015],[-46.7692924,-23.5484137],[-46.7678735,-23.5484064],[-46.7745253,-23.5484506],[-46.7744797,-23.5484629],[-46.7731494,-23.5484433],[-46.7708963,-23.5484654],[-46.7707998,-23.5484457],[-46.7707542,-23.5484555],[-46.7704457,-23.548426],[-46.7704001,-23.5484605],[-46.7703465,-23.5484433],[-46.7703062,-23.5484605],[-46.7699575,-23.5484654],[-46.7698556,-23.5484285],[-46.7697537,-23.5484555],[-46.7696705,-23.548458],[-46.7696196,-23.5484654],[-46.7695659,-23.5484654],[-46.7693353,-23.5484482],[-46.7692736,-23.5484605],[-46.7730984,-23.5484777],[-46.7709258,-23.5485023],[-46.7708561,-23.5484875],[-46.7708051,-23.5484998],[-46.7707407,-23.5485072],[-46.770663,-23.5484851],[-46.7706147,-23.5485072],[-46.7703626,-23.5485047],[-46.7700943,-23.5485023],[-46.77003,-23.5484801],[-46.7699736,-23.5485047],[-46.7698556,-23.54849],[-46.7697886,-23.5485121],[-46.7697215,-23.5484875],[-46.7692226,-23.54849],[-46.7682543,-23.5485121],[-46.7682141,-23.54849],[-46.7681658,-23.5484949],[-46.7681202,-23.5485096],[-46.76808,-23.5484875],[-46.7680049,-23.5485121],[-46.7679593,-23.5484851],[-46.7744583,-23.5485293],[-46.7737609,-23.5485367],[-46.7736885,-23.5485391],[-46.7736322,-23.5485613],[-46.7708561,-23.5485391],[-46.7706656,-23.5485391],[-46.770553,-23.5485539],[-46.770502,-23.5485564],[-46.7704108,-23.5485342],[-46.7702258,-23.5485318],[-46.7701748,-23.5485269],[-46.770089,-23.548549],[-46.770038,-23.5485588],[-46.7699495,-23.5485465],[-46.7698932,-23.5485514],[-46.7698154,-23.5485514],[-46.769743,-23.5485416],[-46.7696813,-23.5485465],[-46.7692629,-23.5485613],[-46.7680532,-23.5485244],[-46.7678547,-23.5485613],[-46.7737931,-23.5486006],[-46.7737475,-23.5485834],[-46.7736965,-23.5485883],[-46.7735919,-23.5486031],[-46.7732084,-23.5485883],[-46.7727926,-23.5485711],[-46.7708212,-23.5486031],[-46.7707542,-23.5485834],[-46.7706683,-23.5486031],[-46.7706174,-23.5485834],[-46.770553,-23.5486006],[-46.7704672,-23.5485982],[-46.7704108,-23.548608],[-46.770376,-23.5485711],[-46.7702928,-23.5486055],[-46.7702284,-23.5485785],[-46.7701185,-23.5485908],[-46.7700702,-23.5485883],[-46.7698932,-23.5486006],[-46.7697832,-23.5485957],[-46.7697269,-23.5485809],[-46.7693138,-23.5485982],[-46.769177,-23.5485932],[-46.7684636,-23.5485883],[-46.7681846,-23.5486055],[-46.7681095,-23.5485957],[-46.7680505,-23.5485982],[-46.7679754,-23.5485883],[-46.7678171,-23.5485957],[-46.7740452,-23.5486523],[-46.7737582,-23.5486424],[-46.7736965,-23.5486326],[-46.7736349,-23.54864],[-46.7735571,-23.5486375],[-46.7735034,-23.5486375],[-46.7732003,-23.5486375],[-46.7731547,-23.5486178],[-46.7707515,-23.5486473],[-46.7706978,-23.5486449],[-46.77062,-23.5486277],[-46.7703518,-23.5486326],[-46.7703062,-23.5486547],[-46.7702499,-23.5486154],[-46.7700192,-23.548635],[-46.7692897,-23.5486424],[-46.7686647,-23.5486523],[-46.7686138,-23.5486301],[-46.7685387,-23.5486424],[-46.7684796,-23.5486498],[-46.768418,-23.5486203],[-46.7683777,-23.5486424],[-46.7681658,-23.5486547],[-46.7680532,-23.5486523],[-46.7680103,-23.5486154],[-46.7679808,-23.5486473],[-46.7679378,-23.54864],[-46.7740265,-23.5486916],[-46.7738628,-23.5486867],[-46.7737985,-23.5486891],[-46.773726,-23.5486842],[-46.7736134,-23.5486867],[-46.7735222,-23.5486891],[-46.7734712,-23.5487014],[-46.7733613,-23.5486916],[-46.7733425,-23.5486547],[-46.7707086,-23.5486965],[-46.7706522,-23.5486842],[-46.7705959,-23.5486867],[-46.7705154,-23.548667],[-46.7704618,-23.548667],[-46.7704082,-23.5486842],[-46.7703438,-23.548699],[-46.7702553,-23.548667],[-46.7695016,-23.5486842],[-46.7694506,-23.5486842],[-46.7692548,-23.548667],[-46.7688203,-23.5486867],[-46.7687693,-23.548699],[-46.7686862,-23.5486941],[-46.7686164,-23.548699],[-46.7685574,-23.5486965],[-46.7684662,-23.5486965],[-46.7683321,-23.548667],[-46.7682248,-23.5486695],[-46.7745388,-23.5487186],[-46.7744797,-23.5487186],[-46.7740801,-23.5487359],[-46.7740077,-23.5487285],[-46.7739433,-23.5487383],[-46.773895,-23.5487457],[-46.773836,-23.5487457],[-46.7737824,-23.5487334],[-46.7737046,-23.5487285],[-46.7736644,-23.5487137],[-46.7736188,-23.5487359],[-46.773541,-23.5487359],[-46.7734149,-23.5487432],[-46.7709339,-23.5487359],[-46.7708883,-23.5487408],[-46.7705879,-23.5487334],[-46.7705396,-23.5487383],[-46.7704403,-23.5487137],[-46.770384,-23.5487359],[-46.7703277,-23.5487359],[-46.7698503,-23.5487088],[-46.7698127,-23.5487457],[-46.7697752,-23.5487186],[-46.7697269,-23.5487383],[-46.7696598,-23.5487457],[-46.7695311,-23.5487285],[-46.7694855,-23.5487359],[-46.7694291,-23.5487211],[-46.7693728,-23.5487063],[-46.7689168,-23.5487457],[-46.7688712,-23.5487039],[-46.7688364,-23.5487408],[-46.7687264,-23.5487309],[-46.7686647,-23.5487334],[-46.7685601,-23.5487432],[-46.7685172,-23.5487236],[-46.7684206,-23.5487113],[-46.7683589,-23.5487285],[-46.7682517,-23.5487309],[-46.7682141,-23.5487088],[-46.774528,-23.5487949],[-46.774469,-23.5487924],[-46.7744207,-23.5487826],[-46.7743617,-23.5487777],[-46.7740238,-23.5487777],[-46.7739701,-23.5487727],[-46.7737421,-23.5487531],[-46.7736536,-23.5487678],[-46.7736053,-23.5487826],[-46.7735276,-23.5487752],[-46.7734846,-23.5487531],[-46.773423,-23.5487899],[-46.7708883,-23.5487924],[-46.7704993,-23.5487777],[-46.7703143,-23.548785],[-46.7702097,-23.5487604],[-46.7701668,-23.5487949],[-46.7701024,-23.5487654],[-46.7700541,-23.5487826],[-46.7700058,-23.5487654],[-46.7699441,-23.5487629],[-46.7698449,-23.5487801],[-46.7697912,-23.5487899],[-46.769743,-23.5487924],[-46.769684,-23.5487949],[-46.7696062,-23.5487875],[-46.7695606,-23.5487949],[-46.7694801,-23.5487801],[-46.7694184,-23.5487678],[-46.7688766,-23.5487727],[-46.7688337,-23.5487875],[-46.7687774,-23.5487531],[-46.7687532,-23.5487899],[-46.768662,-23.5487899],[-46.7686138,-23.5487531],[-46.7685816,-23.548785],[-46.7685118,-23.5487949],[-46.7684743,-23.5487678],[-46.7684072,-23.5487826],[-46.7683187,-23.5487555],[-46.7745012,-23.5488293],[-46.7744422,-23.5488416],[-46.7743242,-23.5488317],[-46.7741874,-23.5488293],[-46.774115,-23.5488317],[-46.7740721,-23.5488096],[-46.7740265,-23.5488317],[-46.7739782,-23.5488121],[-46.773659,-23.5488317],[-46.7736134,-23.5488391],[-46.7735142,-23.5488317],[-46.7734471,-23.5488317],[-46.7733747,-23.5488145],[-46.7709339,-23.5488096],[-46.7708614,-23.5488367],[-46.7705637,-23.5488195],[-46.7705047,-23.5488367],[-46.770443,-23.5488195],[-46.7703411,-23.548817],[-46.7702821,-23.5488219],[-46.7701963,-23.5488367],[-46.7701292,-23.5488293],[-46.7700782,-23.5488268],[-46.7699924,-23.5488219],[-46.7699468,-23.5488244],[-46.7687693,-23.5488317],[-46.7686942,-23.5488195],[-46.7686164,-23.5488219],[-46.7685574,-23.5488317],[-46.7745388,-23.5488539],[-46.7744234,-23.5488883],[-46.7743215,-23.5488785],[-46.774123,-23.5488785],[-46.7740372,-23.5488735],[-46.773946,-23.5488711],[-46.7737931,-23.5488809],[-46.7737207,-23.5488637],[-46.7736617,-23.5488735],[-46.7735732,-23.548876],[-46.7734873,-23.5488834],[-46.773431,-23.5488735],[-46.7733666,-23.5488613],[-46.7709124,-23.5488465],[-46.7705476,-23.5488662],[-46.7704538,-23.5488588],[-46.770376,-23.548876],[-46.7703223,-23.5488735],[-46.7702419,-23.548876],[-46.7701453,-23.5488858],[-46.7700943,-23.5488711],[-46.7700461,-23.5488662],[-46.7699549,-23.5488711],[-46.7697939,-23.5488637],[-46.7696866,-23.5488563],[-46.7696437,-23.5488735],[-46.7695794,-23.5488858],[-46.7687961,-23.5488834],[-46.7687291,-23.5488465],[-46.7686728,-23.5488809],[-46.7745602,-23.5488981],[-46.7745146,-23.5489153],[-46.7744637,-23.5489153],[-46.7743751,-23.5489104],[-46.7743349,-23.5489301],[-46.7741176,-23.5489326],[-46.773895,-23.5489203],[-46.7738333,-23.5489031],[-46.7737609,-23.5489129],[-46.7737019,-23.548908],[-46.7736509,-23.5489203],[-46.7736,-23.548908],[-46.7735115,-23.548935],[-46.7734417,-23.5489301],[-46.77338,-23.5489031],[-46.7733237,-23.5488981],[-46.7732862,-23.5489276],[-46.7732352,-23.548935],[-46.7716983,-23.5489301],[-46.77154,-23.5489326],[-46.7714301,-23.548935],[-46.7705128,-23.5489326],[-46.7704457,-23.5489055],[-46.7703894,-23.5489227],[-46.7703035,-23.5489276],[-46.7702419,-23.5489227],[-46.7701694,-23.5489301],[-46.7701024,-23.5489178],[-46.7699924,-23.5489104],[-46.7697644,-23.5489104],[-46.7697135,-23.5489326],[-46.7696705,-23.5489252],[-46.7687157,-23.5489104],[-46.7745763,-23.5489498],[-46.7745227,-23.5489547],[-46.7744341,-23.5489645],[-46.7743859,-23.5489621],[-46.7743,-23.5489645],[-46.7741016,-23.5489768],[-46.7739648,-23.5489817],[-46.7739138,-23.5489768],[-46.7738736,-23.5489571],[-46.7738253,-23.5489817],[-46.7737904,-23.5489449],[-46.7737421,-23.5489571],[-46.7736751,-23.5489621],[-46.7735222,-23.5489768],[-46.7734498,-23.5489768],[-46.7733747,-23.5489498],[-46.7733076,-23.548967],[-46.7717922,-23.5489473],[-46.7717439,-23.5489399],[-46.7716581,-23.5489596],[-46.771583,-23.5489498],[-46.7714944,-23.548967],[-46.7705584,-23.5489768],[-46.7704806,-23.5489621],[-46.7704403,-23.5489793],[-46.7703518,-23.5489571],[-46.7702392,-23.5489768],[-46.7701238,-23.5489596],[-46.7700461,-23.5489645],[-46.7699978,-23.5489719],[-46.7699549,-23.5489522],[-46.7687505,-23.5489744],[-46.7686594,-23.5489424],[-46.7744771,-23.5489842],[-46.7744502,-23.5490235],[-46.7743886,-23.5490137],[-46.774351,-23.5489867],[-46.7741472,-23.5490063],[-46.7740935,-23.5490285],[-46.7740104,-23.5489989],[-46.7739326,-23.5490186],[-46.7738655,-23.5490162],[-46.7737851,-23.5490014],[-46.7737287,-23.5490088],[-46.773667,-23.5490186],[-46.7736188,-23.5489916],[-46.7734444,-23.5490235],[-46.7733693,-23.549026],[-46.7732996,-23.5490235],[-46.7732111,-23.5490039],[-46.7731681,-23.5490235],[-46.771701,-23.5489916],[-46.7716527,-23.5490063],[-46.7715991,-23.5490137],[-46.771524,-23.5490112],[-46.7714596,-23.5489965],[-46.7713764,-23.5490162],[-46.7711163,-23.5489867],[-46.7706549,-23.5490285],[-46.770612,-23.5489891],[-46.7705503,-23.549026],[-46.7705074,-23.5490162],[-46.770443,-23.5490235],[-46.7703867,-23.5489989],[-46.7703304,-23.5489965],[-46.770266,-23.5490112],[-46.7702097,-23.5490285],[-46.7701453,-23.5490162],[-46.7700621,-23.5490039],[-46.7699468,-23.5490039],[-46.7698663,-23.5490137],[-46.7688444,-23.5489867],[-46.7688015,-23.5490162],[-46.768721,-23.5490112],[-46.7745951,-23.5490432],[-46.7745388,-23.5490432],[-46.7744905,-23.5490383],[-46.7744315,-23.5490604],[-46.774343,-23.5490383],[-46.7740104,-23.5490432],[-46.7739406,-23.5490604],[-46.7738092,-23.5490432],[-46.7737207,-23.5490481],[-46.773608,-23.5490653],[-46.7735624,-23.5490678],[-46.7734954,-23.5490629],[-46.7733908,-23.5490629],[-46.7733425,-23.5490629],[-46.773262,-23.5490604],[-46.7731547,-23.5490629],[-46.7715642,-23.5490407],[-46.7715186,-23.549058],[-46.7714703,-23.5490383],[-46.771422,-23.5490358],[-46.7713979,-23.5490703],[-46.7713335,-23.5490703],[-46.7712128,-23.5490629],[-46.7711672,-23.549058],[-46.770612,-23.5490383],[-46.7705047,-23.5490678],[-46.7704108,-23.5490678],[-46.7703411,-23.5490506],[-46.7701748,-23.5490555],[-46.7701131,-23.5490506],[-46.7698342,-23.5490629],[-46.7697376,-23.5490383],[-46.7687935,-23.5490653],[-46.7687237,-23.549058],[-46.7745066,-23.5490998],[-46.7744261,-23.5491194],[-46.7743778,-23.5491071],[-46.7743295,-23.5491071],[-46.7741632,-23.549117],[-46.774115,-23.5490801],[-46.7739862,-23.5490825],[-46.773777,-23.5490973],[-46.7733505,-23.5491096],[-46.7733076,-23.5490948],[-46.7732513,-23.5491194],[-46.7732218,-23.5490825],[-46.7731842,-23.5491071],[-46.7731413,-23.5491145],[-46.772849,-23.5491219],[-46.7714059,-23.549117],[-46.7713147,-23.5491096],[-46.7712477,-23.5491121],[-46.7707032,-23.5490924],[-46.770604,-23.549085],[-46.7705449,-23.5490924],[-46.7704806,-23.5491096],[-46.7701399,-23.5490875],[-46.7700917,-23.5491194],[-46.7698073,-23.5491219],[-46.769751,-23.5491022],[-46.7696947,-23.5490998],[-46.7746085,-23.549144],[-46.7744905,-23.5491465],[-46.7743564,-23.549144],[-46.7741311,-23.5491686],[-46.7739862,-23.5491563],[-46.773313,-23.5491366],[-46.7732245,-23.5491563],[-46.7731655,-23.5491588],[-46.771363,-23.5491637],[-46.7712638,-23.5491661],[-46.7710331,-23.5491563],[-46.7708507,-23.5491317],[-46.7707622,-23.5491268],[-46.7707032,-23.5491391],[-46.770604,-23.5491342],[-46.7705584,-23.5491637],[-46.7701507,-23.5491391],[-46.7700836,-23.5491686],[-46.7697537,-23.5491686],[-46.7697161,-23.5491391],[-46.7687398,-23.5491563],[-46.7745897,-23.549203],[-46.7744878,-23.5491957],[-46.7744207,-23.5492006],[-46.7743215,-23.5492104],[-46.7741069,-23.5492055],[-46.773895,-23.5492104],[-46.7737502,-23.549203],[-46.7732164,-23.5491957],[-46.7713335,-23.5491932],[-46.770781,-23.5491711],[-46.7707273,-23.5492079],[-46.7706576,-23.5491883],[-46.7696705,-23.5491686],[-46.7745253,-23.5492301],[-46.7744368,-23.5492473],[-46.7743832,-23.5492375],[-46.7743295,-23.5492571],[-46.7742571,-23.5492497],[-46.7740828,-23.5492448],[-46.773954,-23.5492473],[-46.7731977,-23.549262],[-46.7697296,-23.5492202],[-46.7745119,-23.5492719],[-46.7744583,-23.5493038],[-46.7743698,-23.5492842],[-46.7741686,-23.5492891],[-46.774123,-23.5492891],[-46.7739487,-23.5492989],[-46.7738602,-23.5493063],[-46.7738172,-23.5492842],[-46.7737234,-23.5493038],[-46.7736858,-23.5492817],[-46.7736107,-23.5493063],[-46.7735249,-23.5493014],[-46.773203,-23.5493038],[-46.7714891,-23.5492743],[-46.7697966,-23.5493088],[-46.7746353,-23.5493407],[-46.7745736,-23.5493456],[-46.7744154,-23.5493211],[-46.7737851,-23.5493137],[-46.7736536,-23.549353],[-46.7735973,-23.5493481],[-46.7732218,-23.5493456],[-46.7731574,-23.5493358],[-46.7731091,-23.5493137],[-46.7697671,-23.5493407],[-46.7751396,-23.5493948],[-46.7742303,-23.549385],[-46.7741793,-23.5493751],[-46.7733237,-23.5493801],[-46.7732754,-23.5493874],[-46.7731574,-23.5493997],[-46.7714784,-23.5493653],[-46.7712101,-23.5493973],[-46.7704886,-23.5493973],[-46.7699441,-23.5493973],[-46.7697617,-23.5493924],[-46.7697135,-23.5493997],[-46.7744663,-23.5494366],[-46.7742598,-23.5494169],[-46.7741767,-23.5494342],[-46.7738172,-23.5494317],[-46.7737556,-23.5494022],[-46.7736831,-23.5494292],[-46.7731977,-23.5494243],[-46.7713147,-23.5494391],[-46.7712799,-23.5494145],[-46.7703867,-23.5494465],[-46.7699012,-23.5494047],[-46.7698154,-23.549412],[-46.7744851,-23.5494809],[-46.7740694,-23.5494956],[-46.7737609,-23.5494587],[-46.7734095,-23.5494809],[-46.7707434,-23.5494907],[-46.7705557,-23.5494907],[-46.7701668,-23.5494833],[-46.7700863,-23.5494735],[-46.770038,-23.5494538],[-46.7699414,-23.5494587],[-46.7698824,-23.5494661],[-46.7698181,-23.5494833],[-46.7746326,-23.5495178],[-46.7740345,-23.5495251],[-46.7733586,-23.5495079],[-46.7732164,-23.5495227],[-46.7729348,-23.5495325],[-46.7708963,-23.5495104],[-46.770848,-23.5495055],[-46.7707193,-23.5495423],[-46.7702445,-23.5495153],[-46.7701963,-23.5495325],[-46.7701265,-23.5495128],[-46.7700487,-23.5495005],[-46.7746782,-23.5495817],[-46.774638,-23.5495645],[-46.774587,-23.5495448],[-46.7741337,-23.5495817],[-46.7740881,-23.5495694],[-46.7740372,-23.5495743],[-46.7732754,-23.5495841],[-46.7732325,-23.5495743],[-46.7728919,-23.5495645],[-46.7710948,-23.5495743],[-46.7710304,-23.5495645],[-46.7709848,-23.5495719],[-46.7709312,-23.5495694],[-46.7708051,-23.5495694],[-46.7706522,-23.5495841],[-46.7704296,-23.5495891],[-46.7703626,-23.5495669],[-46.7702392,-23.5495645],[-46.7701936,-23.5495743],[-46.7700863,-23.5495522],[-46.7741793,-23.5495964],[-46.7741311,-23.5496309],[-46.773482,-23.549621],[-46.7734337,-23.5496333],[-46.7729831,-23.5496284],[-46.7710841,-23.5496235],[-46.7710224,-23.5496137],[-46.7708132,-23.5496087],[-46.7707622,-23.5496112],[-46.7707086,-23.5496161],[-46.7705637,-23.5496161],[-46.7705208,-23.5496333],[-46.7703384,-23.5496063],[-46.7701158,-23.5495989],[-46.774697,-23.5496579],[-46.7742303,-23.5496653],[-46.7741659,-23.5496727],[-46.7738843,-23.5496776],[-46.7738494,-23.5496456],[-46.7731521,-23.5496481],[-46.7730957,-23.5496407],[-46.7730448,-23.54968],[-46.7729375,-23.5496456],[-46.7728463,-23.54968],[-46.7741793,-23.5497218],[-46.7731306,-23.5496948],[-46.7730528,-23.5497292],[-46.7729911,-23.5497268],[-46.7729402,-23.5496973],[-46.7726344,-23.5496825],[-46.7729133,-23.5497661],[-46.772055,-23.5497759],[-46.7747051,-23.549803],[-46.7741954,-23.5498177],[-46.7740935,-23.5498128],[-46.7735034,-23.5498079],[-46.7734605,-23.5498202],[-46.7730314,-23.5498227],[-46.7746729,-23.5498497],[-46.7741793,-23.5498546],[-46.7741311,-23.5498472],[-46.773608,-23.5498276],[-46.7735356,-23.5498399],[-46.7729697,-23.5498374],[-46.7728141,-23.549862],[-46.7714274,-23.54983],[-46.770604,-23.5498497],[-46.7747185,-23.5498767],[-46.7729214,-23.5499087],[-46.772798,-23.5499038],[-46.7727551,-23.5498915],[-46.7726961,-23.5498915],[-46.7726505,-23.5498718],[-46.7726183,-23.5499038],[-46.7725727,-23.5499013],[-46.7723957,-23.5499038],[-46.7723313,-23.5499087],[-46.7722696,-23.5499063],[-46.7710331,-23.5498989],[-46.7747426,-23.5499382],[-46.7733425,-23.5499554],[-46.7731521,-23.5499481],[-46.772908,-23.549953],[-46.7727712,-23.5499431],[-46.7727202,-23.549953],[-46.7726585,-23.5499505],[-46.7725593,-23.549953],[-46.7724869,-23.5499481],[-46.7724064,-23.5499481],[-46.7723581,-23.5499554],[-46.7732942,-23.5499997],[-46.7732057,-23.5499923],[-46.773085,-23.5500021],[-46.7729911,-23.5499849],[-46.7729107,-23.5499948],[-46.7728463,-23.5499948],[-46.7727551,-23.5499997],[-46.7727068,-23.5499948],[-46.7726451,-23.5500071],[-46.7726102,-23.5499726],[-46.7724842,-23.5500095],[-46.7724359,-23.5499874],[-46.7723662,-23.5500071],[-46.7723072,-23.5499948],[-46.7748338,-23.5500439],[-46.7748016,-23.550012],[-46.7747506,-23.5500194],[-46.773254,-23.5500218],[-46.7731842,-23.5500439],[-46.7730957,-23.5500538],[-46.7730528,-23.5500317],[-46.7730072,-23.5500341],[-46.7729589,-23.5500513],[-46.7728972,-23.5500538],[-46.7728114,-23.5500489],[-46.7727524,-23.5500415],[-46.7726451,-23.5500489],[-46.7725915,-23.5500292],[-46.7724386,-23.5500513],[-46.7723286,-23.5500366],[-46.7722481,-23.5500489],[-46.7748874,-23.5500931],[-46.7747721,-23.5500735],[-46.7746916,-23.5501005],[-46.7746434,-23.5500784],[-46.7731601,-23.5500808],[-46.772849,-23.550103],[-46.7727873,-23.5501005],[-46.7727149,-23.5500735],[-46.7726532,-23.550098],[-46.7724708,-23.5500882],[-46.772401,-23.550103],[-46.7723608,-23.5500636],[-46.7723072,-23.5500882],[-46.7750323,-23.5501153],[-46.7749813,-23.5501423],[-46.7748499,-23.5501374],[-46.7729509,-23.5501398],[-46.7728972,-23.5501153],[-46.7727444,-23.5501128],[-46.7726934,-23.5501153],[-46.7723018,-23.5501472],[-46.7749411,-23.5501644],[-46.7748874,-23.5501866],[-46.7727739,-23.550189],[-46.7724144,-23.5501521],[-46.772562,-23.5502284],[-46.7751583,-23.5502947],[-46.7753327,-23.5503513]]}}]}