{"type":"FeatureCollection","name":"Cidade de Deus, Osasco - SP","bbox":[-46.7792,-23.5592,-46.76,-23.5356],"attribution":"Dados © OpenStreetMap contributors, ODbL 1.0","features":[{"type":"Feature","id":"relation/3944434","properties":{"addr:city":"Osasco","addr:housenumber":"06","addr:postcode":"06036-048","addr:street":"Avenida Presidente João Goulart","building:levels":"18","landuse":"residential","name":"Innova Blue","residential":"condominium","type":"multipolygon","id":"relation/3944434"},"geometry":{"type":"Polygon","coordinates":[[[-46.7791834,-23.5549971],[-46.7797467,-23.5554495],[-46.7795643,-23.5556265],[-46.7788236,-23.5559375],[-46.7783022,-23.5562089],[-46.7780513,-23.5560218],[-46.7778625,-23.5558611],[-46.7776953,-23.5557424],[-46.7775551,-23.5556682],[-46.7776279,-23.5555347],[-46.7777634,-23.555301],[-46.7777952,-23.5547701],[-46.7776677,-23.5545632],[-46.7779041,-23.5542588],[-46.777944,-23.5542564],[-46.7781087,-23.5542637],[-46.7781937,-23.554271],[-46.7782123,-23.5541955],[-46.7782707,-23.5542004],[-46.7783385,-23.5542619],[-46.7791834,-23.5549971]]]}},{"type":"Feature","id":"relation/12343195","properties":{"addr:city":"Osasco","addr:housenumber":"352","addr:postcode":"06017-020","addr:street":"Rua Machado de Assis","addr:suburb":"Bela Vista","barrier":"wall","landuse":"residential","residential":"apartments","type":"multipolygon","id":"relation/12343195"},"geometry":{"type":"Polygon","coordinates":[[[-46.7766392,-23.5413918],[-46.7763882,-23.5414649],[-46.7763084,-23.5414913],[-46.7763059,-23.5414698],[-46.776295,-23.5413403],[-46.7762913,-23.5412907],[-46.776284,-23.5411944],[-46.7762749,-23.5411265],[-46.7762508,-23.5409059],[-46.776406,-23.5409141],[-46.7765768,-23.5409137],[-46.7766009,-23.5411278],[-46.7766392,-23.5413918]]]}},{"type":"Feature","id":"relation/12343196","properties":{"barrier":"wall","landuse":"residential","type":"multipolygon","id":"relation/12343196"},"geometry":{"type":"Polygon","coordinates":[[[-46.7747818,-23.54032],[-46.7744082,-23.5404891],[-46.7743954,-23.540214],[-46.7748985,-23.5402087],[-46.7748613,-23.5402441],[-46.7747818,-23.54032]]]}},{"type":"Feature","id":"relation/12343197","properties":{"barrier":"wall","landuse":"residential","type":"multipolygon","id":"relation/12343197"},"geometry":{"type":"Polygon","coordinates":[[[-46.7744082,-23.5404891],[-46.7747818,-23.54032],[-46.7747798,-23.5403945],[-46.7747788,-23.5404542],[-46.7744942,-23.5408046],[-46.7744546,-23.540812],[-46.774417,-23.5407794],[-46.7744082,-23.5404891]]]}},{"type":"Feature","id":"relation/12343198","properties":{"barrier":"wall","landuse":"residential","type":"multipolygon","id":"relation/12343198"},"geometry":{"type":"Polygon","coordinates":[[[-46.7748376,-23.54054],[-46.7745957,-23.5410357],[-46.7745264,-23.541023],[-46.7744848,-23.5410046],[-46.7744525,-23.5409891],[-46.7744309,-23.5409721],[-46.7744324,-23.5408888],[-46.7744942,-23.5408046],[-46.7747788,-23.5404542],[-46.7747996,-23.5404996],[-46.774813,-23.540523],[-46.7748376,-23.54054]]]}},{"type":"Feature","id":"relation/12343199","properties":{"barrier":"wall","landuse":"residential","residential":"apartments","type":"multipolygon","id":"relation/12343199"},"geometry":{"type":"Polygon","coordinates":[[[-46.7749869,-23.540544],[-46.7750406,-23.5409711],[-46.7748235,-23.5410364],[-46.7747336,-23.5410503],[-46.774674,-23.5410503],[-46.7745957,-23.5410357],[-46.7748376,-23.54054],[-46.7748865,-23.5405569],[-46.7749082,-23.5405574],[-46.7749332,-23.540558],[-46.7749869,-23.540544]]]}},{"type":"Feature","id":"relation/12343200","properties":{"barrier":"wall","landuse":"residential","type":"multipolygon","id":"relation/12343200"},"geometry":{"type":"Polygon","coordinates":[[[-46.7748933,-23.5398181],[-46.7748954,-23.5399804],[-46.7748985,-23.5402087],[-46.7743954,-23.540214],[-46.7743906,-23.5398296],[-46.7747516,-23.5398213],[-46.7748933,-23.5398181]]]}},{"type":"Feature","id":"relation/12498176","properties":{"addr:city":"Osasco","addr:housenumber":"492","addr:postcode":"06010-170","addr:street":"Avenida Hilário Pereira de Souza","addr:suburb":"Centro","alt_name":"Condomínio Residencial Reserva JB;Condomínio Reserva JB","landuse":"residential","name":"Residencial Reserva JB","official_name":"Reserva JB","residential":"apartments","type":"multipolygon","id":"relation/12498176"},"geometry":{"type":"Polygon","coordinates":[[[-46.769857,-23.5341577],[-46.7702453,-23.534014],[-46.7705142,-23.5339145],[-46.7708513,-23.5337897],[-46.7711235,-23.5336889],[-46.7716505,-23.5333359],[-46.7716894,-23.5333503],[-46.7717095,-23.5333856],[-46.7715062,-23.5339097],[-46.7714829,-23.5339696],[-46.7712363,-23.5346052],[-46.7711055,-23.5349265],[-46.7709555,-23.5351938],[-46.7705891,-23.5358111],[-46.769857,-23.5341577]]]}},{"type":"Feature","id":"relation/15926283","properties":{"addr:city":"Osasco","addr:housenumber":"1496","addr:postcode":"06020-010","addr:street":"Avenida dos Autonomistas","addr:suburb":"Vila Yara","amenity":"events_venue","description":"Corporate building for food delivery platform.","name":"iFood","smoking":"outside","type":"multipolygon","website":"https://www.ifood.com.br","id":"relation/15926283"},"geometry":{"type":"Polygon","coordinates":[[[-46.7669337,-23.5407409],[-46.7668396,-23.5405271],[-46.7668357,-23.5405182],[-46.7666974,-23.5402038],[-46.7666913,-23.54019],[-46.7675377,-23.5398808],[-46.7677059,-23.5402004],[-46.7679494,-23.5406632],[-46.7679184,-23.5406876],[-46.7678823,-23.540716],[-46.7678631,-23.5407306],[-46.7669244,-23.5414434],[-46.7667567,-23.5414835],[-46.7664992,-23.5408983],[-46.7669337,-23.5407409]]]}},{"type":"Feature","id":"relation/18996662","properties":{"landuse":"residential","type":"multipolygon","id":"relation/18996662"},"geometry":{"type":"Polygon","coordinates":[[[-46.7755857,-23.5426497],[-46.7752249,-23.5423847],[-46.7753192,-23.5422823],[-46.7753745,-23.5422306],[-46.7757015,-23.5425078],[-46.7757199,-23.54249],[-46.7760571,-23.5427916],[-46.7759786,-23.5428694],[-46.7759444,-23.5429034],[-46.7758757,-23.5430048],[-46.7755416,-23.5428104],[-46.7755211,-23.542722],[-46.7755857,-23.5426497]]]}},{"type":"Feature","id":"relation/18996663","properties":{"landuse":"residential","type":"multipolygon","id":"relation/18996663"},"geometry":{"type":"Polygon","coordinates":[[[-46.7754521,-23.5421508],[-46.7755329,-23.542078],[-46.7756271,-23.5419947],[-46.7757139,-23.5419249],[-46.7757847,-23.5418776],[-46.7758008,-23.5418668],[-46.7758265,-23.5418994],[-46.7760596,-23.5421946],[-46.7759148,-23.5423064],[-46.7758437,-23.5423672],[-46.775774,-23.5424354],[-46.7754724,-23.5421688],[-46.7754521,-23.5421508]]]}},{"type":"Feature","id":"way/147412294","properties":{"addr:city":"Osasco","addr:country":"BR","addr:housenumber":"500","addr:postcode":"06020-012","addr:street":"Avenida dos Autonomistas","alt_name":"Terminal Vila Yara","amenity":"bus_station","building":"transportation","bus":"yes","internet_access":"terminal","name":"Terminal Urbano Amador Aguiar","operator":"Socicam","phone":"+55 11 3698 5340","public_transport":"station","source":"Bing","website":"https://www.socicam.com.br/terminais/terminais_urbanos/amador_aguiar","id":"way/147412294"},"geometry":{"type":"Polygon","coordinates":[[[-46.7605382,-23.5480169],[-46.7603993,-23.5479139],[-46.7602548,-23.5480652],[-46.7601752,-23.5480029],[-46.759972,-23.5481884],[-46.7598497,-23.548086],[-46.760644,-23.5473007],[-46.7606701,-23.547274],[-46.7607132,-23.54723],[-46.7612242,-23.5467275],[-46.7614312,-23.5469264],[-46.7612136,-23.5471392],[-46.7612801,-23.5472167],[-46.7612356,-23.5472592],[-46.7613169,-23.5473337],[-46.7606342,-23.5479739],[-46.7605382,-23.5480169]]]}},{"type":"Feature","id":"way/152906280","properties":{"addr:city":"Osasco","addr:country":"BR","addr:housenumber":"1400","addr:postcode":"06020-010","addr:street":"Avenida dos Autonomistas","addr:suburb":"Vila Yara","building":"commercial","name":"Shopping União de Osasco","opening_hours":"PH,Mo-Sa 08:00-22:00; Su 09:00-20:00","payment:cash":"yes","payment:coins":"yes","payment:credit_cards":"yes","payment:debit_cards":"yes","payment:mastercard":"yes","payment:visa":"yes","shop":"mall","start_date":"2009-06-10","website":"https://www.shoppinguniao.com.br/","id":"way/152906280"},"geometry":{"type":"Polygon","coordinates":[[[-46.7662239,-23.5405675],[-46.7665956,-23.5414225],[-46.7652643,-23.5419297],[-46.7649908,-23.5413144],[-46.7655922,-23.5411117],[-46.7648036,-23.5393578],[-46.7652417,-23.5391947],[-46.7651175,-23.5389113],[-46.7647557,-23.5390449],[-46.7645241,-23.5385274],[-46.7647841,-23.5379593],[-46.7650721,-23.5380727],[-46.7651666,-23.5378602],[-46.7648669,-23.5377457],[-46.7648997,-23.5376699],[-46.7647514,-23.5376097],[-46.7647771,-23.5375496],[-46.7643941,-23.5374079],[-46.7644277,-23.5373368],[-46.764402,-23.5373273],[-46.7645418,-23.5370029],[-46.7645104,-23.5369873],[-46.7646117,-23.5367519],[-46.7645732,-23.5367362],[-46.7647215,-23.536387],[-46.7646692,-23.5363655],[-46.7647873,-23.5361068],[-46.7648729,-23.5360638],[-46.7649589,-23.5360615],[-46.7655304,-23.5362772],[-46.7655539,-23.5362226],[-46.7657796,-23.5363064],[-46.7660358,-23.5364016],[-46.7661702,-23.5367274],[-46.7657276,-23.5377332],[-46.7657642,-23.5378161],[-46.7658781,-23.5380742],[-46.7657516,-23.5383667],[-46.7658673,-23.5386185],[-46.7654364,-23.5387748],[-46.7655612,-23.5390615],[-46.7659873,-23.5388973],[-46.7666672,-23.5403927],[-46.7662239,-23.5405675]]]}},{"type":"Feature","id":"way/152906287","properties":{"addr:housenumber":"664","addr:street":"Avenida Hilário Pereira de Souza","branch":"Osasco","brand":"Atacadão","brand:wikidata":"Q2868739","building":"yes","name":"Atacadão","opening_hours":"Mo-Su 08:00-22:00; PH Off","shop":"supermarket","smoking":"outside","id":"way/152906287"},"geometry":{"type":"Polygon","coordinates":[[[-46.768106,-23.5365411],[-46.7677161,-23.5366868],[-46.767668,-23.5365784],[-46.767684,-23.5365724],[-46.7676102,-23.5364065],[-46.7673078,-23.5365195],[-46.7673444,-23.5366019],[-46.767107,-23.5366906],[-46.7666015,-23.5355537],[-46.7675153,-23.5352123],[-46.768106,-23.5365411]]]}},{"type":"Feature","id":"way/152906292","properties":{"addr:city":"Osasco","addr:street":"Avenida dos Autonomistas","addr:suburb":"Vila Yara","branch":"Osasco","brand":"Carrefour","brand:wikidata":"Q217599","building":"commercial","name":"Carrefour","payment:cash":"yes","payment:coins":"yes","payment:credit_cards":"yes","payment:debit_cards":"yes","payment:notes":"yes","payment:voucher":"yes","shop":"supermarket","id":"way/152906292"},"geometry":{"type":"Polygon","coordinates":[[[-46.7695745,-23.5372574],[-46.7679729,-23.537874],[-46.7680434,-23.5379988],[-46.767703,-23.5381223],[-46.7676224,-23.5380142],[-46.7674743,-23.5380559],[-46.7672138,-23.5374153],[-46.7676501,-23.5372269],[-46.7676301,-23.5371898],[-46.7692538,-23.5366167],[-46.7695745,-23.5372574]]]}},{"type":"Feature","id":"way/152926457","properties":{"addr:city":"Osasco","addr:housenumber":"1768","addr:street":"Avenida dos Autonomistas","addr:suburb":"Vila Yara","branch":"Hiper Osasco","brand":"Carrefour","brand:wikidata":"Q217599","building":"retail","building:levels":"1","name":"Carrefour","operator":"Carrefour","payment:cash":"yes","payment:coins":"yes","payment:credit_cards":"yes","payment:debit_cards":"yes","payment:notes":"yes","shop":"supermarket","smoking":"outside","website":"https://mercado.carrefour.com.br/","id":"way/152926457"},"geometry":{"type":"Polygon","coordinates":[[[-46.7713465,-23.5371448],[-46.7716815,-23.5386557],[-46.7715184,-23.5386861],[-46.7715878,-23.5389991],[-46.770984,-23.5391116],[-46.7709612,-23.5390088],[-46.7704577,-23.5391026],[-46.7703559,-23.5386431],[-46.7702863,-23.5386561],[-46.7700947,-23.5377918],[-46.7704039,-23.5377342],[-46.7703434,-23.5374611],[-46.770833,-23.5373698],[-46.7708054,-23.5372456],[-46.7713465,-23.5371448]]]}},{"type":"Feature","id":"way/154374796","properties":{"addr:city":"Osasco","addr:housenumber":"1828","addr:postcode":"06020-010","addr:street":"Avenida dos Autonomistas","building":"yes","name":"Super Shopping Osasco","phone":"+55 11 3699 9400","shop":"mall","website":"https://www.supershoppingosasco.com.br/","wikidata":"Q10374903","id":"way/154374796"},"geometry":{"type":"Polygon","coordinates":[[[-46.7716388,-23.5346603],[-46.7715362,-23.5360323],[-46.7713119,-23.5360347],[-46.7712313,-23.5368909],[-46.7709189,-23.5368716],[-46.7708986,-23.5370783],[-46.7709093,-23.5371521],[-46.7705123,-23.5371275],[-46.7705158,-23.536961],[-46.7703836,-23.5369602],[-46.7704139,-23.5362282],[-46.7705177,-23.5362225],[-46.7705158,-23.536179],[-46.7705928,-23.5361783],[-46.7705996,-23.5359782],[-46.7706643,-23.5359775],[-46.7706702,-23.535844],[-46.7708074,-23.5356371],[-46.7710989,-23.5351505],[-46.7711775,-23.5349045],[-46.7714269,-23.5344389],[-46.7715501,-23.5344437],[-46.7715364,-23.5346507],[-46.7716388,-23.5346603]]]}},{"type":"Feature","id":"way/156528061","properties":{"name":"Cidade de Deus","place":"quarter","id":"way/156528061"},"geometry":{"type":"Polygon","coordinates":[[[-46.7731916,-23.5501093],[-46.7730495,-23.5502691],[-46.7726042,-23.5501511],[-46.7725323,-23.5503439],[-46.7720595,-23.5502222],[-46.7721214,-23.550038],[-46.7719826,-23.5500121],[-46.7719275,-23.55019],[-46.7717226,-23.5501418],[-46.7717888,-23.5499692],[-46.7716386,-23.5499151],[-46.771556,-23.5500995],[-46.7713843,-23.5500589],[-46.7714509,-23.5498831],[-46.7713302,-23.5498364],[-46.7712583,-23.5500277],[-46.7699468,-23.5497416],[-46.7699468,-23.5495252],[-46.7693507,-23.5494012],[-46.7686748,-23.549143],[-46.7686533,-23.5488652],[-46.7681383,-23.5487152],[-46.7677387,-23.5486144],[-46.7674054,-23.5481662],[-46.7669567,-23.5475449],[-46.7668774,-23.5475897],[-46.7665666,-23.5472325],[-46.7663627,-23.547562],[-46.7657356,-23.5472878],[-46.7656278,-23.5471931],[-46.765741,-23.5469927],[-46.7655259,-23.5466522],[-46.7657351,-23.5465047],[-46.7652474,-23.5459453],[-46.7650651,-23.5460534],[-46.7649685,-23.5459256],[-46.7651241,-23.5457928],[-46.7649468,-23.5456291],[-46.7646251,-23.5452336],[-46.7650431,-23.5450883],[-46.766132,-23.546421],[-46.7662828,-23.5463682],[-46.7673659,-23.5459539],[-46.7674839,-23.5458653],[-46.7679243,-23.5453945],[-46.7687558,-23.5453551],[-46.7691313,-23.5453699],[-46.7693507,-23.5454375],[-46.7694532,-23.5453797],[-46.7701339,-23.5446506],[-46.7703592,-23.5447785],[-46.7701773,-23.5453945],[-46.7701124,-23.5456834],[-46.7701607,-23.5458014],[-46.77029,-23.5458223],[-46.7710736,-23.5458471],[-46.7711206,-23.5459003],[-46.7712238,-23.5459753],[-46.7713252,-23.5459319],[-46.7713775,-23.5458298],[-46.771261,-23.5451387],[-46.7713731,-23.5450834],[-46.771733,-23.5448879],[-46.7718081,-23.5448978],[-46.7718886,-23.5452863],[-46.7721461,-23.5462256],[-46.7723226,-23.5466374],[-46.772586,-23.5469635],[-46.7728912,-23.5471685],[-46.7749034,-23.5477995],[-46.775236,-23.5500419],[-46.7753218,-23.5502386],[-46.77534,-23.5503798],[-46.7740714,-23.5498438],[-46.773771,-23.5497848],[-46.7734872,-23.5498747],[-46.7732297,-23.5500715],[-46.7731916,-23.5501093]]]}},{"type":"Feature","id":"way/157585711","properties":{"addr:city":"Osasco","addr:housenumber":"1527","addr:postcode":"06030-016","addr:street":"Avenida Martin Luther King","addr:suburb":"Vila Yara","description":"9 hole Par 35","golf:course":"9_hole","golf:par":"35","leisure":"golf_course","name":"São Francisco Golf Club","phone":"+55 11 3681-8752","website":"https://www.golfsaofrancisco.com.br/","id":"way/157585711"},"geometry":{"type":"Polygon","coordinates":[[[-46.7705265,-23.5514181],[-46.7702258,-23.5517407],[-46.7706086,-23.5520218],[-46.7703153,-23.5523423],[-46.7708387,-23.5527448],[-46.7693997,-23.5542754],[-46.7688471,-23.5548557],[-46.768679,-23.5551013],[-46.7678775,-23.5572146],[-46.7676832,-23.5576708],[-46.7675323,-23.5580252],[-46.7673024,-23.5582123],[-46.7671034,-23.5582853],[-46.7657024,-23.557995],[-46.7650526,-23.5578603],[-46.7637222,-23.5575846],[-46.7635042,-23.5575849],[-46.7632091,-23.5576193],[-46.7627039,-23.5576932],[-46.7624625,-23.5573441],[-46.7624035,-23.5569261],[-46.763447,-23.5561266],[-46.7636213,-23.5559623],[-46.7635793,-23.5552983],[-46.7637759,-23.5551898],[-46.7642391,-23.5550868],[-46.7645341,-23.5550131],[-46.7648024,-23.5549737],[-46.7651135,-23.554959],[-46.7654461,-23.554959],[-46.7658841,-23.5549489],[-46.766147,-23.554944],[-46.7663959,-23.5548604],[-46.7665654,-23.5546981],[-46.7668765,-23.5542064],[-46.7671877,-23.5536753],[-46.7673271,-23.5531737],[-46.7673829,-23.5528442],[-46.76734,-23.5526573],[-46.7672198,-23.5523911],[-46.7663004,-23.551264],[-46.7660112,-23.5506831],[-46.7663615,-23.5503313],[-46.7666104,-23.5504248],[-46.7669859,-23.5504444],[-46.7673164,-23.5504297],[-46.7676726,-23.5503953],[-46.768003,-23.550233],[-46.7682973,-23.5499854],[-46.7685357,-23.5496652],[-46.7705265,-23.5514181]]]}},{"type":"Feature","id":"way/157859286","properties":{"addr:city":"Osasco","addr:housenumber":"896","addr:street":"Avenida Franz Voegeli","addr:suburb":"Vila Yara","building":"retail","building:levels":"1","contact:website":"http://www.patioosasco.com.br/","name":"Pátio Osasco Open Mall","shop":"mall","smoking":"outside","id":"way/157859286"},"geometry":{"type":"Polygon","coordinates":[[[-46.7636875,-23.542788],[-46.7637061,-23.5434202],[-46.7635453,-23.5434334],[-46.763481,-23.543486],[-46.7634087,-23.5434378],[-46.7632208,-23.5434515],[-46.7632166,-23.5436241],[-46.7627056,-23.5436527],[-46.7626736,-23.5428819],[-46.7626713,-23.5428177],[-46.7636875,-23.542788]]]}},{"type":"Feature","id":"way/157859329","properties":{"addr:city":"Osasco","addr:street":"Avenida dos Autonomistas","amenity":"fuel","brand":"Carrefour","brand:wikidata":"Q217599","building":"roof","fuel:ethanol":"yes","fuel:gasoline":"yes","fuel:octane_87":"yes","name":"Posto de Gasolina Carrefour","shop":"no","id":"way/157859329"},"geometry":{"type":"Polygon","coordinates":[[[-46.7684955,-23.5394196],[-46.7687691,-23.5400493],[-46.7687014,-23.5400731],[-46.7684216,-23.5394479],[-46.7684955,-23.5394196]]]}},{"type":"Feature","id":"way/157859331","properties":{"access":"customers","amenity":"parking","parking":"surface","id":"way/157859331"},"geometry":{"type":"Polygon","coordinates":[[[-46.7700726,-23.5388868],[-46.7693451,-23.539117],[-46.7680211,-23.5395359],[-46.7674516,-23.5383602],[-46.7697235,-23.5374906],[-46.7700726,-23.5388868]]]}},{"type":"Feature","id":"way/157859332","properties":{"access":"customers","amenity":"parking","fee":"yes","parking":"surface","id":"way/157859332"},"geometry":{"type":"Polygon","coordinates":[[[-46.7649651,-23.5412905],[-46.7641467,-23.5394752],[-46.7646794,-23.53928],[-46.7654863,-23.5410967],[-46.7649651,-23.5412905]]]}},{"type":"Feature","id":"way/158029564","properties":{"addr:city":"Osasco","addr:housenumber":"300","addr:street":"Avenida Bussocaba","addr:suburb":"Centro","amenity":"townhall","email":"imprensa@osasco.sp.gov.br","name":"Prefeitura do Município de Osasco","phone":"+55 11 3652 9000","website":"https://www.osasco.sp.gov.br/home","id":"way/158029564"},"geometry":{"type":"Polygon","coordinates":[[[-46.7738769,-23.5424879],[-46.7727835,-23.5425246],[-46.7728248,-23.5421801],[-46.7728478,-23.5417252],[-46.7728478,-23.5404297],[-46.7728616,-23.5398784],[-46.7729029,-23.5397728],[-46.773027,-23.5396901],[-46.7732245,-23.5395798],[-46.7733164,-23.539442],[-46.7733991,-23.5392766],[-46.7735047,-23.5391985],[-46.7736012,-23.5391985],[-46.7737161,-23.5392536],[-46.7737758,-23.5393547],[-46.7738034,-23.5396625],[-46.7738769,-23.5424879]]]}},{"type":"Feature","id":"way/158526653","properties":{"landuse":"residential","name":"Lorian Boulevard","residential":"condominium","id":"way/158526653"},"geometry":{"type":"Polygon","coordinates":[[[-46.7726925,-23.561265],[-46.7691344,-23.5590874],[-46.7694735,-23.5581659],[-46.7686724,-23.5579088],[-46.7686185,-23.5580997],[-46.7682165,-23.5580232],[-46.7678365,-23.557952],[-46.7682237,-23.5572517],[-46.7689855,-23.5550981],[-46.7691646,-23.5548529],[-46.769516,-23.5544691],[-46.7706487,-23.5553709],[-46.7713085,-23.5558451],[-46.7715445,-23.5558648],[-46.7718256,-23.5558265],[-46.7721239,-23.5559238],[-46.7743831,-23.5566939],[-46.7726925,-23.561265]]]}},{"type":"Feature","id":"way/200447347","properties":{"addr:housenumber":"200","addr:street":"Avenida Monte Ararat","alt_name":"Petrolhão","leisure":"sports_centre","name":"Centro Esportivo Vicente Batista de Carvalho Filho","sport":"soccer","id":"way/200447347"},"geometry":{"type":"Polygon","coordinates":[[[-46.7781331,-23.5488415],[-46.7795705,-23.5482268],[-46.7797713,-23.5480978],[-46.7799378,-23.5482034],[-46.7793345,-23.54893],[-46.7789858,-23.5491365],[-46.7784762,-23.5493431],[-46.7781331,-23.5488415]]]}},{"type":"Feature","id":"way/225505791","properties":{"leisure":"park","name":"Bosque da Amizade","source":"Bing","id":"way/225505791"},"geometry":{"type":"Polygon","coordinates":[[[-46.7608303,-23.544474],[-46.7610621,-23.5445685],[-46.7612675,-23.5447598],[-46.7613855,-23.5451729],[-46.7613947,-23.5459258],[-46.7613104,-23.5461367],[-46.7610621,-23.5463782],[-46.7607418,-23.5466974],[-46.7604682,-23.5470195],[-46.7603019,-23.5471719],[-46.7601232,-23.5473347],[-46.7599033,-23.5474699],[-46.759721,-23.5476666],[-46.7592526,-23.5478207],[-46.7596153,-23.5470908],[-46.7598728,-23.546481],[-46.7601303,-23.545822],[-46.7602697,-23.5451827],[-46.7603325,-23.5446963],[-46.7604505,-23.5445094],[-46.7608303,-23.544474]]]}},{"type":"Feature","id":"way/225510284","properties":{"access":"private","landuse":"residential","id":"way/225510284"},"geometry":{"type":"Polygon","coordinates":[[[-46.7774667,-23.5563947],[-46.7775638,-23.5565815],[-46.7775638,-23.5567389],[-46.7774211,-23.5569154],[-46.7763299,-23.5580272],[-46.7760907,-23.5583709],[-46.7758901,-23.5588435],[-46.7755694,-23.5585592],[-46.7752646,-23.5585755],[-46.7750475,-23.5584279],[-46.7748657,-23.558075],[-46.7748068,-23.5578795],[-46.7746947,-23.5577817],[-46.7745258,-23.5576535],[-46.7746366,-23.55739],[-46.7748386,-23.5570536],[-46.7758225,-23.5558434],[-46.7760847,-23.5560129],[-46.7764006,-23.556082],[-46.7767739,-23.5561177],[-46.7771636,-23.5561975],[-46.7774667,-23.5563947]]]}},{"type":"Feature","id":"way/310144896","properties":{"leisure":"park","name":"Praça Mário Battiston","id":"way/310144896"},"geometry":{"type":"Polygon","coordinates":[[[-46.7732947,-23.5446511],[-46.7730682,-23.5446689],[-46.7730439,-23.5443565],[-46.7731766,-23.543468],[-46.7732122,-23.5434599],[-46.77323,-23.5434745],[-46.7732947,-23.5446511]]]}},{"type":"Feature","id":"way/310452761","properties":{"leisure":"park","name":"Praça Tomás Sacho","id":"way/310452761"},"geometry":{"type":"Polygon","coordinates":[[[-46.7617222,-23.5497302],[-46.761763,-23.5496789],[-46.7618194,-23.5496423],[-46.7618857,-23.5496241],[-46.7619548,-23.5496263],[-46.7620195,-23.5496487],[-46.7620747,-23.5496905],[-46.7621117,-23.5497467],[-46.7621264,-23.5498109],[-46.7621171,-23.549876],[-46.7620848,-23.5499346],[-46.7620333,-23.5499801],[-46.7619682,-23.5500075],[-46.7618969,-23.5500136],[-46.7618274,-23.5499978],[-46.7617694,-23.5499633],[-46.7617263,-23.5499137],[-46.7617029,-23.549854],[-46.7617015,-23.5497906],[-46.7617222,-23.5497302]]]}},{"type":"Feature","id":"way/323273591","properties":{"landuse":"industrial","name":"Liquigás","id":"way/323273591"},"geometry":{"type":"Polygon","coordinates":[[[-46.764772,-23.5430357],[-46.7641272,-23.5435049],[-46.7639371,-23.5436407],[-46.763684,-23.5423502],[-46.762561,-23.5423719],[-46.7624463,-23.5413061],[-46.763684,-23.5404288],[-46.764772,-23.5430357]]]}},{"type":"Feature","id":"way/329092378","properties":{"addr:city":"Osasco","addr:housenumber":"31","addr:postcode":"06018-170","addr:street":"Rua Antonio Martins Capela","addr:suburb":"Centro","building:levels":"12","landuse":"residential","name":"Residencial Copacabana","id":"way/329092378"},"geometry":{"type":"Polygon","coordinates":[[[-46.7761299,-23.539671],[-46.7761405,-23.5398494],[-46.7754047,-23.5398697],[-46.7754015,-23.5397005],[-46.7761299,-23.539671]]]}},{"type":"Feature","id":"way/370083064","properties":{"addr:city":"Osasco","addr:housenumber":"25","addr:postcode":"06018-140","addr:street":"Rua Eclisio Viviani","addr:suburb":"Bela Vista","amenity":"place_of_worship","building":"yes","building:levels":"1","denomination":"kadercista","name":"Instituto Espirita Obreiros do Bem","phone":"+55 11 3681 6982","religion":"christian","website":"https://www.obreirosdobem.org.br/","id":"way/370083064"},"geometry":{"type":"Polygon","coordinates":[[[-46.7755392,-23.5417617],[-46.7754376,-23.5417624],[-46.7754205,-23.5414125],[-46.775472,-23.541412],[-46.7754708,-23.5413461],[-46.7754201,-23.5413477],[-46.7754056,-23.5410556],[-46.7754987,-23.5410509],[-46.7755392,-23.5417617]]]}},{"type":"Feature","id":"way/373802489","properties":{"addr:city":"Osasco","addr:housenumber":"520","addr:street":"Rua Victor Brecheret","building":"residential","building:levels":"9","name":"Edificio Plátano","id":"way/373802489"},"geometry":{"type":"Polygon","coordinates":[[[-46.7656952,-23.5510216],[-46.7658013,-23.5511568],[-46.7656337,-23.5512576],[-46.7655344,-23.5511175],[-46.7656952,-23.5510216]]]}},{"type":"Feature","id":"way/373802490","properties":{"addr:city":"Osasco","addr:housenumber":"520","addr:street":"Rua Victor Brecheret","building":"residential","building:levels":"9","name":"Edifício Ipê","id":"way/373802490"},"geometry":{"type":"Polygon","coordinates":[[[-46.7648516,-23.5509779],[-46.7649781,-23.5511282],[-46.7648274,-23.5512222],[-46.7646992,-23.5510702],[-46.7648516,-23.5509779]]]}},{"type":"Feature","id":"way/373802491","properties":{"addr:city":"Osasco","addr:housenumber":"520","addr:street":"Rua Victor Brecheret","building":"residential","building:levels":"9","name":"Edifício Eucalipto","id":"way/373802491"},"geometry":{"type":"Polygon","coordinates":[[[-46.765709,-23.5504436],[-46.7658217,-23.5506016],[-46.7656737,-23.5507035],[-46.7655539,-23.5505382],[-46.765709,-23.5504436]]]}},{"type":"Feature","id":"way/373802492","properties":{"addr:city":"Osasco","addr:housenumber":"520","addr:street":"Rua Victor Brecheret","building":"residential","building:levels":"9","name":"Edifício Paineira","id":"way/373802492"},"geometry":{"type":"Polygon","coordinates":[[[-46.7650328,-23.55127],[-46.7651495,-23.5514268],[-46.7650035,-23.5515202],[-46.7648921,-23.5513653],[-46.7650328,-23.55127]]]}},{"type":"Feature","id":"way/373802493","properties":{"addr:city":"Osasco","addr:housenumber":"520","addr:street":"Rua Victor Brecheret","building":"residential","building:levels":"9","name":"Edifício Cedro","id":"way/373802493"},"geometry":{"type":"Polygon","coordinates":[[[-46.7659032,-23.5514915],[-46.7660214,-23.5516178],[-46.7658475,-23.5517357],[-46.7657449,-23.551596],[-46.7659032,-23.5514915]]]}},{"type":"Feature","id":"way/373802494","properties":{"addr:city":"Osasco","addr:housenumber":"520","addr:street":"Rua Victor Brecheret","building":"residential","building:levels":"9","name":"Edifício Jequitiba","id":"way/373802494"},"geometry":{"type":"Polygon","coordinates":[[[-46.7653564,-23.5516612],[-46.7654723,-23.5518256],[-46.7653026,-23.5519262],[-46.7651866,-23.5517619],[-46.7653564,-23.5516612]]]}},{"type":"Feature","id":"way/373802495","properties":{"addr:city":"Osasco","addr:housenumber":"520","addr:street":"Rua Victor Brecheret","building":"residential","building:levels":"9","name":"Edifício Jatobá","id":"way/373802495"},"geometry":{"type":"Polygon","coordinates":[[[-46.7660653,-23.5517274],[-46.7661759,-23.551878],[-46.7660019,-23.5519945],[-46.7659013,-23.5518581],[-46.7660653,-23.5517274]]]}},{"type":"Feature","id":"way/373802496","properties":{"addr:city":"Osasco","addr:housenumber":"520","addr:street":"Rua Victor Brecheret","building":"residential","building:levels":"9","name":"Edifício Sibipiruna","id":"way/373802496"},"geometry":{"type":"Polygon","coordinates":[[[-46.7655435,-23.5519204],[-46.7656577,-23.5520773],[-46.7655079,-23.5521823],[-46.7653899,-23.5520163],[-46.7655435,-23.5519204]]]}},{"type":"Feature","id":"way/373802497","properties":{"addr:city":"Osasco","addr:housenumber":"520","addr:street":"Rua Victor Brecheret","landuse":"residential","name":"Condominio Vila das Castanheiras","residential":"apartments","id":"way/373802497"},"geometry":{"type":"Polygon","coordinates":[[[-46.7654827,-23.5498019],[-46.7660728,-23.5504903],[-46.7658689,-23.5506378],[-46.7658368,-23.5507313],[-46.7663517,-23.5513902],[-46.7667433,-23.5521328],[-46.7664859,-23.5521082],[-46.7661801,-23.5522115],[-46.7659172,-23.5523541],[-46.7657617,-23.5521377],[-46.7654773,-23.5523049],[-46.7645118,-23.5510755],[-46.7653486,-23.5504461],[-46.7650857,-23.5499986],[-46.7654827,-23.5498019]]]}},{"type":"Feature","id":"way/428753282","properties":{"leisure":"park","name":"Praça Padroeira do Brasil","id":"way/428753282"},"geometry":{"type":"Polygon","coordinates":[[[-46.7740235,-23.5334706],[-46.7740259,-23.5335742],[-46.7741328,-23.5344488],[-46.774163,-23.534898],[-46.7742318,-23.535606],[-46.7738026,-23.5356496],[-46.773841,-23.5349972],[-46.7738648,-23.5345078],[-46.7738871,-23.5336335],[-46.7739187,-23.5334997],[-46.7739417,-23.5334737],[-46.7740235,-23.5334706]]]}},{"type":"Feature","id":"way/438111972","properties":{"leisure":"park","name":"Parque Municipal Colina São Francisco","id":"way/438111972"},"geometry":{"type":"Polygon","coordinates":[[[-46.7578937,-23.559928],[-46.7581097,-23.5599178],[-46.7588937,-23.5598907],[-46.7595214,-23.5598776],[-46.7594068,-23.5593653],[-46.7598098,-23.5590393],[-46.7597949,-23.5588843],[-46.7597942,-23.5588774],[-46.7598301,-23.5588758],[-46.7600479,-23.5588595],[-46.7600996,-23.5588589],[-46.7601244,-23.5588593],[-46.7601466,-23.5588602],[-46.7601535,-23.558862],[-46.7601655,-23.5588697],[-46.7601724,-23.5588768],[-46.7601981,-23.5589164],[-46.7602964,-23.5590322],[-46.7603626,-23.5590878],[-46.7605968,-23.5592748],[-46.7606851,-23.5593405],[-46.7608214,-23.5594312],[-46.7609157,-23.5594897],[-46.7609865,-23.5595259],[-46.7610662,-23.5595621],[-46.7611441,-23.559596],[-46.7612138,-23.5596244],[-46.7613886,-23.5596923],[-46.7614322,-23.5597124],[-46.7614559,-23.5597268],[-46.7614677,-23.5597368],[-46.7614813,-23.5597562],[-46.7614906,-23.5597777],[-46.7614982,-23.5598015],[-46.7615037,-23.5598264],[-46.761506,-23.5598448],[-46.7615035,-23.5598728],[-46.7614997,-23.5599067],[-46.7614915,-23.5599418],[-46.7614566,-23.560022],[-46.7613972,-23.5601447],[-46.7613135,-23.5603219],[-46.761304,-23.5603372],[-46.7612881,-23.5603568],[-46.7612639,-23.5603775],[-46.761249,-23.5603852],[-46.7612148,-23.5603953],[-46.7611459,-23.5604093],[-46.7610587,-23.5604327],[-46.7609759,-23.5604539],[-46.7609008,-23.5604692],[-46.7607764,-23.5604939],[-46.7607013,-23.5605048],[-46.7606118,-23.5605175],[-46.7605428,-23.5605239],[-46.7604792,-23.560526],[-46.7603698,-23.5605216],[-46.7602582,-23.5605199],[-46.7601985,-23.5605241],[-46.7600222,-23.5605923],[-46.7598944,-23.5606452],[-46.7598488,-23.5606719],[-46.7597398,-23.5607513],[-46.7596738,-23.560792],[-46.7595708,-23.5608445],[-46.7595127,-23.5608765],[-46.759439,-23.5609271],[-46.7593728,-23.5609804],[-46.758761,-23.5601894],[-46.7585243,-23.560453],[-46.7584173,-23.5605741],[-46.7581998,-23.5602989],[-46.7580036,-23.5600581],[-46.7578937,-23.559928]]]}},{"type":"Feature","id":"way/439961267","properties":{"leisure":"park","name":"Praça José Daniel da Silva","id":"way/439961267"},"geometry":{"type":"Polygon","coordinates":[[[-46.764467,-23.5445545],[-46.7641358,-23.544691],[-46.7638703,-23.544782],[-46.7643343,-23.54438],[-46.7643758,-23.5444303],[-46.764467,-23.5445545]]]}},{"type":"Feature","id":"way/479525755","properties":{"building":"yes","name":"Concessionária Citroen","shop":"car","id":"way/479525755"},"geometry":{"type":"Polygon","coordinates":[[[-46.7640137,-23.5361306],[-46.7639195,-23.5366401],[-46.7634171,-23.5366547],[-46.7636196,-23.5361334],[-46.7638101,-23.5360965],[-46.7640137,-23.5361306]]]}},{"type":"Feature","id":"way/479564702","properties":{"leisure":"park","name":"Pet Parque","id":"way/479564702"},"geometry":{"type":"Polygon","coordinates":[[[-46.7630644,-23.536762],[-46.7629016,-23.5373169],[-46.7624019,-23.5372586],[-46.7625735,-23.5366748],[-46.7630644,-23.536762]]]}},{"type":"Feature","id":"way/479601880","properties":{"natural":"scrub","id":"way/479601880"},"geometry":{"type":"Polygon","coordinates":[[[-46.7650543,-23.5354761],[-46.7642889,-23.5356756],[-46.7643852,-23.5351911],[-46.7650064,-23.5353176],[-46.7650543,-23.5354761]]]}},{"type":"Feature","id":"way/479601882","properties":{"addr:city":"Osasco","addr:housenumber":"751","addr:postcode":"06010-190","addr:street":"Avenida Franz Voegeli","addr:suburb":"Continental","brand":"Sodimac","brand:wikidata":"Q7553274","building":"retail","building:levels":"2","contact:website":"https://www.sodimac.com.br/sodimac-br/","name":"Sodimac","shop":"doityourself","id":"way/479601882"},"geometry":{"type":"Polygon","coordinates":[[[-46.7641617,-23.5372799],[-46.7641205,-23.5374603],[-46.7639774,-23.5374406],[-46.7637521,-23.5382999],[-46.7635807,-23.5383175],[-46.7631933,-23.5382335],[-46.7632081,-23.5381908],[-46.7631483,-23.5381806],[-46.7633796,-23.5373101],[-46.7635632,-23.5373446],[-46.7635813,-23.5372868],[-46.7641617,-23.5372799]]]}},{"type":"Feature","id":"way/479601884","properties":{"barrier":"wall","landuse":"residential","id":"way/479601884"},"geometry":{"type":"Polygon","coordinates":[[[-46.7624855,-23.5355396],[-46.7627775,-23.5341728],[-46.7631179,-23.5344659],[-46.763346,-23.5346657],[-46.763499,-23.5347856],[-46.7636435,-23.5348781],[-46.763768,-23.5349579],[-46.7641109,-23.5351026],[-46.764307,-23.5351721],[-46.7643852,-23.5351911],[-46.7642889,-23.5356756],[-46.7641798,-23.535706],[-46.7639063,-23.535771],[-46.7635653,-23.5357539],[-46.7634116,-23.5357238],[-46.7624855,-23.5355396]]]}},{"type":"Feature","id":"way/480186333","properties":{"amenity":"university","contact:facebook":"https://www.facebook.com/UNIFIEO","contact:instagram":"https://www.instagram.com/unifieo/","education":"university","mobile":"+55 11 94017 1888","name":"Centro Universitario FIEO - UNIFIEO","phone":"+55 11 4550 3655","website":"https://www.unifieo.br/","id":"way/480186333"},"geometry":{"type":"Polygon","coordinates":[[[-46.7618409,-23.5408967],[-46.7613178,-23.540901],[-46.7610423,-23.5407469],[-46.761019,-23.5395952],[-46.7610376,-23.5392441],[-46.762476,-23.5391448],[-46.7621538,-23.5397664],[-46.7621584,-23.541068],[-46.7622145,-23.5423181],[-46.7622612,-23.5433585],[-46.7619203,-23.543367],[-46.7618409,-23.5408967]]]}},{"type":"Feature","id":"way/480188896","properties":{"building":"residential","name":"Condomínio Edifício Del Plata","id":"way/480188896"},"geometry":{"type":"Polygon","coordinates":[[[-46.77716,-23.5388784],[-46.7772908,-23.5393223],[-46.777104,-23.5393694],[-46.7768769,-23.5389672],[-46.77716,-23.5388784]]]}},{"type":"Feature","id":"way/480188897","properties":{"access":"private","leisure":"swimming_pool","id":"way/480188897"},"geometry":{"type":"Polygon","coordinates":[[[-46.7771664,-23.5391774],[-46.7772071,-23.5393023],[-46.7771501,-23.5393172],[-46.7770993,-23.5391886],[-46.7771664,-23.5391774]]]}},{"type":"Feature","id":"way/516449954","properties":{"denotation":"part_of_fence","natural":"wood","id":"way/516449954"},"geometry":{"type":"Polygon","coordinates":[[[-46.7682562,-23.5402735],[-46.7681489,-23.5405685],[-46.7669473,-23.538262],[-46.7669875,-23.5380714],[-46.7668668,-23.5379989],[-46.7663787,-23.5372882],[-46.766435,-23.5367884],[-46.7667595,-23.5374591],[-46.7669044,-23.5374628],[-46.7670868,-23.5375526],[-46.7671833,-23.5378095],[-46.7671029,-23.5382374],[-46.7674301,-23.5385866],[-46.7682562,-23.5402735]]]}},{"type":"Feature","id":"way/534668035","properties":{"leisure":"park","name":"Praça Oscar Tibola","id":"way/534668035"},"geometry":{"type":"Polygon","coordinates":[[[-46.7747937,-23.5515357],[-46.7746998,-23.551666],[-46.7746247,-23.5514693],[-46.7747937,-23.5515357]]]}},{"type":"Feature","id":"way/543852704","properties":{"leisure":"park","name":"Área verde","id":"way/543852704"},"geometry":{"type":"Polygon","coordinates":[[[-46.7600505,-23.5452108],[-46.7587731,-23.544964],[-46.7578138,-23.5447763],[-46.757033,-23.5446057],[-46.7565649,-23.5445024],[-46.7565998,-23.5443168],[-46.7574246,-23.5444938],[-46.7579248,-23.5446032],[-46.7585779,-23.5447434],[-46.759117,-23.5448491],[-46.7597219,-23.5449868],[-46.7600732,-23.5450594],[-46.7600505,-23.5452108]]]}},{"type":"Feature","id":"way/543854090","properties":{"leisure":"park","name":"Calipal","id":"way/543854090"},"geometry":{"type":"Polygon","coordinates":[[[-46.7600727,-23.5375077],[-46.7602602,-23.5376487],[-46.7603858,-23.5377804],[-46.7605199,-23.53792],[-46.7606157,-23.5380556],[-46.7607254,-23.5390143],[-46.7600622,-23.5396298],[-46.7599281,-23.5388501],[-46.7598993,-23.5386672],[-46.7598587,-23.5385904],[-46.7598605,-23.5384938],[-46.7598131,-23.5383469],[-46.7597981,-23.5381734],[-46.7598164,-23.5380687],[-46.7598892,-23.5378641],[-46.760005,-23.5376198],[-46.7600727,-23.5375077]]]}},{"type":"Feature","id":"way/544009576","properties":{"leisure":"park","name":"Praça Rosa Missiano Ribeiro","id":"way/544009576"},"geometry":{"type":"Polygon","coordinates":[[[-46.7724356,-23.5424899],[-46.7724597,-23.5422465],[-46.7725134,-23.5417817],[-46.7725223,-23.5413463],[-46.7724973,-23.540594],[-46.7725321,-23.5399817],[-46.7726877,-23.5399793],[-46.772685,-23.5403899],[-46.7727306,-23.5406899],[-46.7727252,-23.5415383],[-46.7726287,-23.5425047],[-46.7725683,-23.5425501],[-46.7724973,-23.5425415],[-46.7724356,-23.5424899]]]}},{"type":"Feature","id":"way/544009975","properties":{"landuse":"grass","leisure":"park","name":"Praça Cidade Tsu","id":"way/544009975"},"geometry":{"type":"Polygon","coordinates":[[[-46.7624177,-23.5454066],[-46.7624488,-23.5454761],[-46.7620455,-23.5460282],[-46.7618464,-23.5459229],[-46.762238,-23.5454188],[-46.7623346,-23.5453893],[-46.7624177,-23.5454066]]]}},{"type":"Feature","id":"way/544010047","properties":{"landuse":"grass","leisure":"park","name":"Praça Rotary","id":"way/544010047"},"geometry":{"type":"Polygon","coordinates":[[[-46.7618464,-23.5459229],[-46.7620455,-23.5460282],[-46.761664,-23.5465278],[-46.7615607,-23.5465549],[-46.761487,-23.5465303],[-46.7614615,-23.5464799],[-46.7614575,-23.5464098],[-46.7618464,-23.5459229]]]}},{"type":"Feature","id":"way/544011960","properties":{"leisure":"park","name":"Praça Matilde","id":"way/544011960"},"geometry":{"type":"Polygon","coordinates":[[[-46.7756343,-23.5522396],[-46.7760329,-23.5517609],[-46.7761272,-23.5517671],[-46.7761398,-23.5517773],[-46.7760073,-23.552094],[-46.7758479,-23.5523713],[-46.7756343,-23.5522396]]]}},{"type":"Feature","id":"way/545084799","properties":{"leisure":"park","id":"way/545084799"},"geometry":{"type":"Polygon","coordinates":[[[-46.7750589,-23.5403749],[-46.7751394,-23.5403735],[-46.7749987,-23.540492],[-46.7749438,-23.5405091],[-46.7748925,-23.5404984],[-46.7748469,-23.5404631],[-46.7748306,-23.5404085],[-46.7748446,-23.5403443],[-46.7748761,-23.5403122],[-46.7749342,-23.5402659],[-46.774971,-23.5403155],[-46.7750589,-23.5403749]]]}},{"type":"Feature","id":"way/545270866","properties":{"addr:city":"Osasco","addr:housenumber":"327","addr:postcode":"06018-035","addr:street":"Rua Machado de Assis","addr:suburb":"Bela Vista","amenity":"restaurant","building":"commercial","cuisine":"barbecue","name":"Império da Costela","opening_hours":"Tu-Sa 11:30-23:00; Su 11:30-17:30","outdoor_seating":"yes","takeaway":"yes","id":"way/545270866"},"geometry":{"type":"Polygon","coordinates":[[[-46.7763788,-23.5415421],[-46.7765001,-23.5418199],[-46.7764242,-23.5418403],[-46.7762942,-23.5415871],[-46.7763788,-23.5415421]]]}},{"type":"Feature","id":"way/545270867","properties":{"addr:city":"Osasco","addr:housenumber":"2393","addr:postcode":"06090-023","addr:street":"Avenida dos Autonomistas","addr:suburb":"Centro","amenity":"place_of_worship","building":"church","denomination":"neo-pentecostal","name":"Igreja Internacional da Graça de Deus","religion":"christian","id":"way/545270867"},"geometry":{"type":"Polygon","coordinates":[[[-46.7760069,-23.5382352],[-46.7760657,-23.5384459],[-46.7760937,-23.5387249],[-46.7758808,-23.5387268],[-46.7756875,-23.5382614],[-46.7758986,-23.538203],[-46.7759567,-23.5382082],[-46.7760069,-23.5382352]]]}},{"type":"Feature","id":"way/545270868","properties":{"leisure":"park","name":"Praça Musicalista Pedro Salgado","id":"way/545270868"},"geometry":{"type":"Polygon","coordinates":[[[-46.7718131,-23.544532],[-46.771805,-23.5447593],[-46.7714188,-23.5449569],[-46.7712623,-23.5450072],[-46.7711362,-23.5450053],[-46.7710834,-23.5449736],[-46.7711748,-23.54486],[-46.7718131,-23.544532]]]}},{"type":"Feature","id":"way/547247743","properties":{"leisure":"park","name":"Praça Abílio Frare","id":"way/547247743"},"geometry":{"type":"Polygon","coordinates":[[[-46.7751014,-23.5449539],[-46.7751155,-23.5450003],[-46.7750996,-23.5456829],[-46.7749156,-23.5455624],[-46.7747725,-23.5453854],[-46.774715,-23.5450629],[-46.774668,-23.5444932],[-46.7747208,-23.5444147],[-46.774754,-23.5444493],[-46.7749257,-23.5446453],[-46.7749845,-23.5447528],[-46.7751014,-23.5449539]]]}},{"type":"Feature","id":"way/547247920","properties":{"leisure":"park","name":"Praça Henrique de Nicola","id":"way/547247920"},"geometry":{"type":"Polygon","coordinates":[[[-46.7796172,-23.5436018],[-46.7796208,-23.543706],[-46.779628,-23.5438773],[-46.7796102,-23.5439277],[-46.7795847,-23.543959],[-46.7789837,-23.5439753],[-46.7790179,-23.5439406],[-46.7792291,-23.5437815],[-46.7794039,-23.5436738],[-46.7795289,-23.5435745],[-46.7796172,-23.5436018]]]}},{"type":"Feature","id":"way/547249157","properties":{"leisure":"park","id":"way/547249157"},"geometry":{"type":"Polygon","coordinates":[[[-46.772917,-23.539588],[-46.7730556,-23.5391868],[-46.7730883,-23.5390987],[-46.7731758,-23.5391191],[-46.7733083,-23.5391699],[-46.7733464,-23.5392114],[-46.773185,-23.5394156],[-46.7730525,-23.5395371],[-46.772917,-23.539588]]]}},{"type":"Feature","id":"way/547249159","properties":{"landuse":"grass","leisure":"park","id":"way/547249159"},"geometry":{"type":"Polygon","coordinates":[[[-46.7728153,-23.5396105],[-46.7724671,-23.5395936],[-46.7724641,-23.539023],[-46.7725996,-23.5388761],[-46.7729139,-23.5387236],[-46.772994,-23.5389919],[-46.7729694,-23.5391699],[-46.7728153,-23.5396105]]]}},{"type":"Feature","id":"way/547249161","properties":{"leisure":"park","id":"way/547249161"},"geometry":{"type":"Polygon","coordinates":[[[-46.7736564,-23.5389524],[-46.7734315,-23.5390202],[-46.7732621,-23.5390032],[-46.7731819,-23.5389185],[-46.7731881,-23.5387999],[-46.7732189,-23.5387264],[-46.7733144,-23.5386276],[-46.7735763,-23.5385824],[-46.7736564,-23.5389524]]]}},{"type":"Feature","id":"way/547249163","properties":{"addr:city":"Osasco","addr:street":"Avenida Maria Campos","landuse":"grass","leisure":"park","name":"Monumento Rotary Osasco","id":"way/547249163"},"geometry":{"type":"Polygon","coordinates":[[[-46.7725164,-23.538701],[-46.7725627,-23.5384242],[-46.7728338,-23.5384298],[-46.7728954,-23.538636],[-46.7725164,-23.538701]]]}},{"type":"Feature","id":"way/547249164","properties":{"leisure":"park","id":"way/547249164"},"geometry":{"type":"Polygon","coordinates":[[[-46.7724271,-23.5387123],[-46.7722823,-23.5387236],[-46.7721498,-23.5387603],[-46.77231,-23.538605],[-46.7724178,-23.5385231],[-46.7724733,-23.5385118],[-46.7724271,-23.5387123]]]}},{"type":"Feature","id":"way/547249166","properties":{"addr:street":"Avenida Maria Campos","leisure":"park","name":"Praça Manoel Coutinho","surface":"earth","id":"way/547249166"},"geometry":{"type":"Polygon","coordinates":[[[-46.772119,-23.539523],[-46.7723069,-23.539345],[-46.7723192,-23.5392179],[-46.7722484,-23.5390597],[-46.7721744,-23.5389891],[-46.7720882,-23.5389693],[-46.7719896,-23.5389722],[-46.7721344,-23.5388394],[-46.7724117,-23.5387914],[-46.7723624,-23.5390202],[-46.7723901,-23.5395767],[-46.7722083,-23.5395173],[-46.772119,-23.539523]]]}},{"type":"Feature","id":"way/547249167","properties":{"leisure":"park","id":"way/547249167"},"geometry":{"type":"Polygon","coordinates":[[[-46.7707564,-23.5398124],[-46.7707488,-23.5397872],[-46.7718245,-23.5394689],[-46.7717359,-23.5392899],[-46.7711947,-23.5394439],[-46.7707694,-23.5395693],[-46.7707552,-23.5395516],[-46.7714626,-23.5392836],[-46.7718016,-23.5391501],[-46.7719618,-23.5390513],[-46.7720604,-23.5390428],[-46.7721282,-23.5390541],[-46.7721806,-23.5391106],[-46.7722361,-23.5392264],[-46.7722207,-23.5393309],[-46.7720943,-23.5394467],[-46.7720142,-23.5394891],[-46.7707564,-23.5398124]]]}},{"type":"Feature","id":"way/547737831","properties":{"landuse":"recreation_ground","leisure":"park","id":"way/547737831"},"geometry":{"type":"Polygon","coordinates":[[[-46.7727833,-23.539711],[-46.7727693,-23.5399501],[-46.7727268,-23.5398836],[-46.7726277,-23.5398496],[-46.7726177,-23.5398509],[-46.7725304,-23.5398625],[-46.7724684,-23.539908],[-46.7724507,-23.5396565],[-46.7727833,-23.539711]]]}},{"type":"Feature","id":"way/549566818","properties":{"building":"house","id":"way/549566818"},"geometry":{"type":"Polygon","coordinates":[[[-46.7766392,-23.5413918],[-46.7766009,-23.5411278],[-46.7766305,-23.5411234],[-46.7766332,-23.5411485],[-46.7766917,-23.5411403],[-46.7767268,-23.5413667],[-46.7766392,-23.5413918]]]}},{"type":"Feature","id":"way/549566819","properties":{"building":"house","id":"way/549566819"},"geometry":{"type":"Polygon","coordinates":[[[-46.7766898,-23.5411091],[-46.7766132,-23.541119],[-46.7765932,-23.5409292],[-46.7766688,-23.5409255],[-46.7766898,-23.5411091]]]}},{"type":"Feature","id":"way/549566820","properties":{"building":"house","id":"way/549566820"},"geometry":{"type":"Polygon","coordinates":[[[-46.7767314,-23.5413378],[-46.7766978,-23.5411148],[-46.7767686,-23.5411042],[-46.7768066,-23.5413225],[-46.7767314,-23.5413378]]]}},{"type":"Feature","id":"way/549566821","properties":{"building":"house","id":"way/549566821"},"geometry":{"type":"Polygon","coordinates":[[[-46.7767196,-23.5411022],[-46.7767068,-23.5410194],[-46.7767528,-23.5410146],[-46.7767668,-23.5410961],[-46.7767196,-23.5411022]]]}},{"type":"Feature","id":"way/549566822","properties":{"building":"house","id":"way/549566822"},"geometry":{"type":"Polygon","coordinates":[[[-46.7768155,-23.5413208],[-46.7767757,-23.5411034],[-46.77685,-23.5410929],[-46.7768977,-23.5412883],[-46.7768535,-23.5412977],[-46.7768562,-23.5413121],[-46.7768155,-23.5413208]]]}},{"type":"Feature","id":"way/549566823","properties":{"building":"house","id":"way/549566823"},"geometry":{"type":"Polygon","coordinates":[[[-46.7767748,-23.5410961],[-46.776762,-23.541021],[-46.7768091,-23.5410178],[-46.7768231,-23.5410891],[-46.7767748,-23.5410961]]]}},{"type":"Feature","id":"way/549566824","properties":{"amenity":"restaurant","building":"yes","cuisine":"japanese","name":"Kital Sushi Osasco","id":"way/549566824"},"geometry":{"type":"Polygon","coordinates":[[[-46.7769126,-23.5413152],[-46.7768606,-23.5410921],[-46.7769562,-23.5410799],[-46.7770116,-23.5412878],[-46.7769126,-23.5413152]]]}},{"type":"Feature","id":"way/549566825","properties":{"building":"house","id":"way/549566825"},"geometry":{"type":"Polygon","coordinates":[[[-46.7768597,-23.5410831],[-46.7768341,-23.5409616],[-46.776881,-23.5409601],[-46.776911,-23.5410775],[-46.7768597,-23.5410831]]]}},{"type":"Feature","id":"way/549566826","properties":{"building":"house","id":"way/549566826"},"geometry":{"type":"Polygon","coordinates":[[[-46.776919,-23.5410742],[-46.7768914,-23.5409781],[-46.776929,-23.5409732],[-46.7769535,-23.5410702],[-46.776919,-23.5410742]]]}},{"type":"Feature","id":"way/549566827","properties":{"building":"house","id":"way/549566827"},"geometry":{"type":"Polygon","coordinates":[[[-46.7769641,-23.5410677],[-46.7769349,-23.5409728],[-46.7769836,-23.5409688],[-46.7771083,-23.5410182],[-46.7769641,-23.5410677]]]}},{"type":"Feature","id":"way/549566828","properties":{"building":"house","id":"way/549566828"},"geometry":{"type":"Polygon","coordinates":[[[-46.7770242,-23.5412845],[-46.7769632,-23.5410766],[-46.7770261,-23.5410572],[-46.7771004,-23.541251],[-46.7770242,-23.5412845]]]}},{"type":"Feature","id":"way/549566829","properties":{"building":"house","id":"way/549566829"},"geometry":{"type":"Polygon","coordinates":[[[-46.7771066,-23.5412454],[-46.7770349,-23.5410547],[-46.7770871,-23.5410353],[-46.7771694,-23.5411991],[-46.7771066,-23.5412454]]]}},{"type":"Feature","id":"way/549566830","properties":{"landuse":"retail","id":"way/549566830"},"geometry":{"type":"Polygon","coordinates":[[[-46.7771615,-23.541165],[-46.7770951,-23.541032],[-46.7771163,-23.5410231],[-46.7772428,-23.5411091],[-46.7771615,-23.541165]]]}},{"type":"Feature","id":"way/549570435","properties":{"building":"house","id":"way/549570435"},"geometry":{"type":"Polygon","coordinates":[[[-46.7762749,-23.5411265],[-46.7761643,-23.5411297],[-46.7761505,-23.5409034],[-46.7762508,-23.5409059],[-46.7762749,-23.5411265]]]}},{"type":"Feature","id":"way/549570442","properties":{"building":"house","id":"way/549570442"},"geometry":{"type":"Polygon","coordinates":[[[-46.7761545,-23.5411307],[-46.7760685,-23.5411345],[-46.7760624,-23.5409399],[-46.776146,-23.5409384],[-46.7761545,-23.5411307]]]}},{"type":"Feature","id":"way/549570446","properties":{"amenity":"parking","name":"WorldPark","id":"way/549570446"},"geometry":{"type":"Polygon","coordinates":[[[-46.7759833,-23.5416791],[-46.7758864,-23.5417427],[-46.7758825,-23.5411619],[-46.7759721,-23.5411597],[-46.7759833,-23.5416791]]]}},{"type":"Feature","id":"way/549570448","properties":{"building":"house","id":"way/549570448"},"geometry":{"type":"Polygon","coordinates":[[[-46.7758789,-23.5409889],[-46.7758761,-23.5409091],[-46.7758752,-23.5409003],[-46.7759552,-23.5409016],[-46.7759551,-23.5409877],[-46.7758789,-23.5409889]]]}},{"type":"Feature","id":"way/549570452","properties":{"amenity":"school","education":"school","name":"Sunrise School","id":"way/549570452"},"geometry":{"type":"Polygon","coordinates":[[[-46.7758295,-23.5417051],[-46.7757255,-23.5417716],[-46.7757067,-23.5413456],[-46.775822,-23.5413449],[-46.7758295,-23.5417051]]]}},{"type":"Feature","id":"way/549570453","properties":{"building":"house","id":"way/549570453"},"geometry":{"type":"Polygon","coordinates":[[[-46.7757059,-23.5413379],[-46.7757021,-23.5412536],[-46.7757829,-23.5412532],[-46.7757855,-23.5413363],[-46.7757059,-23.5413379]]]}},{"type":"Feature","id":"way/549773519","properties":{"leisure":"swimming_pool","id":"way/549773519"},"geometry":{"type":"Polygon","coordinates":[[[-46.7712501,-23.5487573],[-46.771182,-23.5489702],[-46.7710807,-23.5489429],[-46.7711488,-23.5487301],[-46.7712501,-23.5487573]]]}},{"type":"Feature","id":"way/549773520","properties":{"leisure":"swimming_pool","id":"way/549773520"},"geometry":{"type":"Polygon","coordinates":[[[-46.7712969,-23.5487966],[-46.7713438,-23.5488581],[-46.771317,-23.5489663],[-46.7712338,-23.548986],[-46.7712312,-23.5489196],[-46.771258,-23.5488458],[-46.7712969,-23.5487966]]]}},{"type":"Feature","id":"way/549773521","properties":{"leisure":"swimming_pool","id":"way/549773521"},"geometry":{"type":"Polygon","coordinates":[[[-46.7710917,-23.5487352],[-46.771089,-23.5488188],[-46.7710675,-23.5488704],[-46.7710246,-23.5489196],[-46.7709924,-23.5488655],[-46.7709871,-23.5488065],[-46.7710059,-23.5487745],[-46.7710917,-23.5487352]]]}},{"type":"Feature","id":"way/549773522","properties":{"leisure":"pitch","sport":"soccer","id":"way/549773522"},"geometry":{"type":"Polygon","coordinates":[[[-46.7718785,-23.5484378],[-46.7712291,-23.5481659],[-46.7716541,-23.547313],[-46.7723034,-23.5475848],[-46.7718785,-23.5484378]]]}},{"type":"Feature","id":"way/549773523","properties":{"natural":"water","id":"way/549773523"},"geometry":{"type":"Polygon","coordinates":[[[-46.7730698,-23.5478537],[-46.7729196,-23.5478709],[-46.7727104,-23.5479323],[-46.7725548,-23.5480135],[-46.7725173,-23.5480479],[-46.7724127,-23.5480356],[-46.7723537,-23.5480012],[-46.7726696,-23.5474146],[-46.7727497,-23.5474026],[-46.7730779,-23.5478143],[-46.7730698,-23.5478537]]]}},{"type":"Feature","id":"way/550014965","properties":{"leisure":"pitch","sport":"soccer","surface":"ground","id":"way/550014965"},"geometry":{"type":"Polygon","coordinates":[[[-46.7596867,-23.551616],[-46.7600018,-23.5524015],[-46.7594399,-23.5525665],[-46.7591537,-23.5517856],[-46.7596867,-23.551616]]]}},{"type":"Feature","id":"way/550126937","properties":{"leisure":"park","name":"Praça Aleixinda Rosa Magalhães","id":"way/550126937"},"geometry":{"type":"Polygon","coordinates":[[[-46.7599285,-23.5436757],[-46.7600168,-23.5432968],[-46.7600531,-23.5437422],[-46.7599285,-23.5436757]]]}},{"type":"Feature","id":"way/550491779","properties":{"leisure":"park","name":"Praça Elisabete Arbid Mitouy","id":"way/550491779"},"geometry":{"type":"Polygon","coordinates":[[[-46.7599737,-23.5369171],[-46.7598953,-23.536331],[-46.7601155,-23.5366458],[-46.7601217,-23.5366553],[-46.760125,-23.5366632],[-46.760128,-23.5366762],[-46.7601312,-23.5366957],[-46.7601348,-23.5367098],[-46.7599737,-23.5369171]]]}},{"type":"Feature","id":"way/550557078","properties":{"building":"house","id":"way/550557078"},"geometry":{"type":"Polygon","coordinates":[[[-46.7768288,-23.5409522],[-46.7768347,-23.5409902],[-46.776802,-23.5409934],[-46.7767961,-23.5409533],[-46.7768288,-23.5409522]]]}},{"type":"Feature","id":"way/550557081","properties":{"building":"house","id":"way/550557081"},"geometry":{"type":"Polygon","coordinates":[[[-46.77646,-23.5414394],[-46.7764564,-23.5414017],[-46.77649,-23.5413966],[-46.776494,-23.541432],[-46.77646,-23.5414394]]]}},{"type":"Feature","id":"way/550557083","properties":{"addr:city":"Osasco","addr:housenumber":"352","addr:postcode":"06018-020","addr:street":"Passagem Ângelo Bianchy","addr:suburb":"Centro","building":"apartments","height":"48","name":"Edifício Ilha Bela","id":"way/550557083"},"geometry":{"type":"Polygon","coordinates":[[[-46.7763743,-23.5412026],[-46.7763738,-23.5411673],[-46.7763982,-23.5411669],[-46.7763968,-23.5411386],[-46.7763738,-23.5411207],[-46.7763499,-23.5411207],[-46.7763508,-23.5411438],[-46.7763079,-23.5411434],[-46.7763026,-23.5410307],[-46.7763446,-23.5410303],[-46.7763455,-23.5410445],[-46.7763694,-23.5410445],[-46.7763889,-23.5410262],[-46.7763893,-23.5410063],[-46.7763632,-23.5410063],[-46.7763628,-23.540971],[-46.77642,-23.5409706],[-46.7764796,-23.5409702],[-46.7764805,-23.5410055],[-46.7764544,-23.5410063],[-46.7764557,-23.5410254],[-46.7764774,-23.5410432],[-46.7765061,-23.5410428],[-46.7765052,-23.5410238],[-46.7765433,-23.5410222],[-46.7765511,-23.5411416],[-46.7765112,-23.5411429],[-46.7765082,-23.5411178],[-46.776482,-23.5411183],[-46.7764688,-23.5411387],[-46.7764698,-23.5411647],[-46.7764956,-23.541164],[-46.7764973,-23.541201],[-46.7763743,-23.5412026]]]}},{"type":"Feature","id":"way/550557088","properties":{"building":"house","id":"way/550557088"},"geometry":{"type":"Polygon","coordinates":[[[-46.776567,-23.5410016],[-46.7765163,-23.5410048],[-46.7765124,-23.5409627],[-46.7765624,-23.5409615],[-46.776567,-23.5410016]]]}},{"type":"Feature","id":"way/550557094","properties":{"building":"house","id":"way/550557094"},"geometry":{"type":"Polygon","coordinates":[[[-46.7759452,-23.5412453],[-46.7759432,-23.5411868],[-46.7758872,-23.5411871],[-46.7758865,-23.5411637],[-46.7759645,-23.5411617],[-46.7759678,-23.5412444],[-46.7759452,-23.5412453]]]}},{"type":"Feature","id":"way/550557097","properties":{"building":"house","id":"way/550557097"},"geometry":{"type":"Polygon","coordinates":[[[-46.7759797,-23.5416365],[-46.775965,-23.5416365],[-46.775964,-23.541602],[-46.775979,-23.541602],[-46.7759797,-23.5416365]]]}},{"type":"Feature","id":"way/550557099","properties":{"building":"yes","id":"way/550557099"},"geometry":{"type":"Polygon","coordinates":[[[-46.7757934,-23.5416337],[-46.7757164,-23.5416362],[-46.7757125,-23.541392],[-46.7757877,-23.5413888],[-46.7757934,-23.5416337]]]}},{"type":"Feature","id":"way/550896769","properties":{"landuse":"residential","id":"way/550896769"},"geometry":{"type":"Polygon","coordinates":[[[-46.775281,-23.541467],[-46.7751731,-23.5414701],[-46.7751743,-23.5411055],[-46.7752823,-23.5410721],[-46.775281,-23.541467]]]}},{"type":"Feature","id":"way/550896770","properties":{"building":"apartments","name":"Edifício H.K.Nº9","id":"way/550896770"},"geometry":{"type":"Polygon","coordinates":[[[-46.7752755,-23.5414605],[-46.775205,-23.5414626],[-46.7752038,-23.541189],[-46.7752728,-23.5411872],[-46.7752755,-23.5414605]]]}},{"type":"Feature","id":"way/550896773","properties":{"building":"apartments","name":"Residencial Búzios","id":"way/550896773"},"geometry":{"type":"Polygon","coordinates":[[[-46.7752769,-23.5418066],[-46.775245,-23.5418057],[-46.7752339,-23.5418126],[-46.7751671,-23.541813],[-46.7751618,-23.541807],[-46.7751348,-23.541807],[-46.7751313,-23.5417591],[-46.7751499,-23.5417603],[-46.7751494,-23.5417433],[-46.7751671,-23.5417437],[-46.7751654,-23.5417137],[-46.7751702,-23.5417137],[-46.775168,-23.541661],[-46.7751632,-23.541661],[-46.7751618,-23.541637],[-46.7751437,-23.5416362],[-46.7751433,-23.5416261],[-46.7751282,-23.5416269],[-46.7751269,-23.5415794],[-46.7751592,-23.5415815],[-46.7751658,-23.541575],[-46.7752317,-23.5415742],[-46.7752384,-23.5415794],[-46.775264,-23.5415798],[-46.7752651,-23.5416249],[-46.7752516,-23.5416249],[-46.7752514,-23.5416431],[-46.7752395,-23.5416433],[-46.7752395,-23.5416597],[-46.7752331,-23.5416595],[-46.7752353,-23.5417131],[-46.7752415,-23.5417131],[-46.7752437,-23.5417423],[-46.7752565,-23.5417423],[-46.7752569,-23.5417613],[-46.7752764,-23.5417593],[-46.7752769,-23.5418066]]]}},{"type":"Feature","id":"way/550896782","properties":{"building":"residential","name":"Edifício Parati","id":"way/550896782"},"geometry":{"type":"Polygon","coordinates":[[[-46.7746475,-23.541768],[-46.774567,-23.5417702],[-46.7745576,-23.5415363],[-46.7746399,-23.5415363],[-46.7746475,-23.541768]]]}},{"type":"Feature","id":"way/550896786","properties":{"building":"commercial","name":"Torre do Paço","id":"way/550896786"},"geometry":{"type":"Polygon","coordinates":[[[-46.7741519,-23.5417379],[-46.7741456,-23.541656],[-46.7744317,-23.5416529],[-46.7744334,-23.541729],[-46.7744145,-23.54173],[-46.7744182,-23.5417195],[-46.7743671,-23.5417212],[-46.7743652,-23.541732],[-46.7743002,-23.5417339],[-46.7743018,-23.5417212],[-46.7742498,-23.5417228],[-46.7742435,-23.5417364],[-46.7742266,-23.5417341],[-46.7741696,-23.541736],[-46.7741519,-23.5417379]]]}},{"type":"Feature","id":"way/550896787","properties":{"building":"house","id":"way/550896787"},"geometry":{"type":"Polygon","coordinates":[[[-46.7740326,-23.541546],[-46.7740305,-23.5414706],[-46.7741962,-23.541465],[-46.7741942,-23.5415451],[-46.7740326,-23.541546]]]}},{"type":"Feature","id":"way/550896789","properties":{"amenity":"fast_food","building":"yes","name":"Conexão Grill","id":"way/550896789"},"geometry":{"type":"Polygon","coordinates":[[[-46.7739893,-23.5413679],[-46.7739961,-23.541283],[-46.7744413,-23.5412865],[-46.7744443,-23.5413605],[-46.7739893,-23.5413679]]]}},{"type":"Feature","id":"way/550896790","properties":{"addr:street":"Rua Ângelo Bianchy","amenity":"fuel","brand":"Ipiranga","brand:wikidata":"Q2081136","building":"roof","fuel:octane_87":"yes","name":"Ipiranga","id":"way/550896790"},"geometry":{"type":"Polygon","coordinates":[[[-46.7740788,-23.5412822],[-46.7740801,-23.5411924],[-46.77394,-23.5411942],[-46.7739353,-23.5410682],[-46.7740915,-23.5410658],[-46.774117,-23.5409975],[-46.7743349,-23.5410731],[-46.7742967,-23.541177],[-46.774282,-23.5411776],[-46.774286,-23.5412225],[-46.7743363,-23.5412238],[-46.7743376,-23.5412471],[-46.7743162,-23.541249],[-46.7743168,-23.5412815],[-46.7740788,-23.5412822]]]}},{"type":"Feature","id":"way/550896791","properties":{"building":"yes","id":"way/550896791"},"geometry":{"type":"Polygon","coordinates":[[[-46.7743806,-23.5412561],[-46.7743775,-23.5411844],[-46.7744365,-23.5411844],[-46.7744375,-23.5412561],[-46.7743806,-23.5412561]]]}},{"type":"Feature","id":"way/552240702","properties":{"leisure":"park","name":"Praça Carmine Aragoni","id":"way/552240702"},"geometry":{"type":"Polygon","coordinates":[[[-46.7679724,-23.5439929],[-46.7680375,-23.5441877],[-46.7676489,-23.544214],[-46.7676419,-23.5441379],[-46.7679724,-23.5439929]]]}},{"type":"Feature","id":"way/552621915","properties":{"amenity":"parking","id":"way/552621915"},"geometry":{"type":"Polygon","coordinates":[[[-46.7758174,-23.5477386],[-46.7757966,-23.5477712],[-46.7755243,-23.5475659],[-46.775578,-23.5475333],[-46.7758174,-23.5477386]]]}},{"type":"Feature","id":"way/554134394","properties":{"leisure":"park","name":"Praça Ivano Ferrari","id":"way/554134394"},"geometry":{"type":"Polygon","coordinates":[[[-46.7785439,-23.5425778],[-46.7785625,-23.5421823],[-46.7785703,-23.5421427],[-46.778637,-23.5421257],[-46.7786925,-23.5421212],[-46.7787582,-23.5421579],[-46.778745,-23.5426221],[-46.7785439,-23.5425778]]]}},{"type":"Feature","id":"way/576128441","properties":{"addr:city":"Osasco","addr:housenumber":"121","addr:street":"Alameda Sombreiro","building":"apartments","name":"Condomínio Ristretto","id":"way/576128441"},"geometry":{"type":"Polygon","coordinates":[[[-46.7713442,-23.5558625],[-46.7712802,-23.5560348],[-46.7708685,-23.5559064],[-46.7709324,-23.5557341],[-46.7713442,-23.5558625]]]}},{"type":"Feature","id":"way/576128446","properties":{"addr:city":"Osasco","addr:street":"Alameda Sombreiro","building":"apartments","name":"Condomínio Ristretto","id":"way/576128446"},"geometry":{"type":"Polygon","coordinates":[[[-46.7716314,-23.5559518],[-46.7718086,-23.5560092],[-46.7716585,-23.5563987],[-46.7714812,-23.5563413],[-46.7716314,-23.5559518]]]}},{"type":"Feature","id":"way/576128575","properties":{"addr:city":"Osasco","addr:street":"Alameda Sombreiro","building":"apartments","name":"Condomínio Riservatto","id":"way/576128575"},"geometry":{"type":"Polygon","coordinates":[[[-46.7715481,-23.5565737],[-46.7714225,-23.5569681],[-46.7710798,-23.5568634],[-46.7712092,-23.556469],[-46.7715481,-23.5565737]]]}},{"type":"Feature","id":"way/576128730","properties":{"addr:city":"Osasco","addr:street":"Alameda Sombreiro","building":"apartments","name":"Condomínio Condessa de São Francisco","id":"way/576128730"},"geometry":{"type":"Polygon","coordinates":[[[-46.770361,-23.5552188],[-46.7702564,-23.5555679],[-46.7698433,-23.5554106],[-46.7699989,-23.5550639],[-46.770361,-23.5552188]]]}},{"type":"Feature","id":"way/576128785","properties":{"building":"apartments","id":"way/576128785"},"geometry":{"type":"Polygon","coordinates":[[[-46.7706487,-23.5553709],[-46.7706265,-23.5558679],[-46.7704039,-23.5558359],[-46.7704468,-23.5553467],[-46.7706487,-23.5553709]]]}},{"type":"Feature","id":"way/576130414","properties":{"leisure":"sports_centre","name":"Acenbo - Associação Cultural e Esportiva Nipo Brasileira de Osasco","website":"https://acenbo.org.br/","id":"way/576130414"},"geometry":{"type":"Polygon","coordinates":[[[-46.7723324,-23.5535506],[-46.7732765,-23.5542783],[-46.7722734,-23.5553061],[-46.7718979,-23.5553208],[-46.7713883,-23.5549914],[-46.7710986,-23.5547652],[-46.771458,-23.554416],[-46.771576,-23.5542636],[-46.7713132,-23.5540472],[-46.7715707,-23.553703],[-46.7718818,-23.5539489],[-46.7723324,-23.5535506]]]}},{"type":"Feature","id":"way/586660164","properties":{"building":"house","id":"way/586660164"},"geometry":{"type":"Polygon","coordinates":[[[-46.7773097,-23.5409803],[-46.7771929,-23.5409386],[-46.7772315,-23.540853],[-46.7773435,-23.5408872],[-46.7773097,-23.5409803]]]}},{"type":"Feature","id":"way/586660165","properties":{"building":"house","id":"way/586660165"},"geometry":{"type":"Polygon","coordinates":[[[-46.7774171,-23.5407727],[-46.7773786,-23.5408615],[-46.7772641,-23.5408198],[-46.7773027,-23.5407288],[-46.7774171,-23.5407727]]]}},{"type":"Feature","id":"way/586660166","properties":{"building":"house","id":"way/586660166"},"geometry":{"type":"Polygon","coordinates":[[[-46.77746,-23.5406721],[-46.7774241,-23.5407502],[-46.7773563,-23.5407271],[-46.7773602,-23.5407177],[-46.7773113,-23.5407045],[-46.7773374,-23.5406345],[-46.77746,-23.5406721]]]}},{"type":"Feature","id":"way/586660167","properties":{"building":"house","id":"way/586660167"},"geometry":{"type":"Polygon","coordinates":[[[-46.7773153,-23.5406479],[-46.7772909,-23.5407234],[-46.7772198,-23.5407019],[-46.7772462,-23.5406293],[-46.7773153,-23.5406479]]]}},{"type":"Feature","id":"way/586660168","properties":{"building":"house","id":"way/586660168"},"geometry":{"type":"Polygon","coordinates":[[[-46.7772401,-23.5406274],[-46.7771964,-23.5407364],[-46.7771364,-23.5407243],[-46.7771862,-23.5406116],[-46.7772401,-23.5406274]]]}},{"type":"Feature","id":"way/586660169","properties":{"building":"house","id":"way/586660169"},"geometry":{"type":"Polygon","coordinates":[[[-46.7771974,-23.5407485],[-46.7771445,-23.5408818],[-46.7770999,-23.5408715],[-46.7771466,-23.5407392],[-46.7771974,-23.5407485]]]}},{"type":"Feature","id":"way/586660170","properties":{"building":"house","id":"way/586660170"},"geometry":{"type":"Polygon","coordinates":[[[-46.7770846,-23.5409107],[-46.7770307,-23.5408939],[-46.7770907,-23.540729],[-46.7771374,-23.5407383],[-46.7770846,-23.5409107]]]}},{"type":"Feature","id":"way/586660171","properties":{"building":"house","id":"way/586660171"},"geometry":{"type":"Polygon","coordinates":[[[-46.77711,-23.5405782],[-46.7770631,-23.5407323],[-46.7769543,-23.5406991],[-46.7770047,-23.5405563],[-46.77711,-23.5405782]]]}},{"type":"Feature","id":"way/586660172","properties":{"building":"house","id":"way/586660172"},"geometry":{"type":"Polygon","coordinates":[[[-46.7770684,-23.5407591],[-46.7770383,-23.5408492],[-46.7769348,-23.54082],[-46.7769604,-23.5407332],[-46.7770684,-23.5407591]]]}},{"type":"Feature","id":"way/586660173","properties":{"building":"house","id":"way/586660173"},"geometry":{"type":"Polygon","coordinates":[[[-46.7769932,-23.5405555],[-46.7769569,-23.5406675],[-46.7768498,-23.5406423],[-46.7768817,-23.5405304],[-46.7769932,-23.5405555]]]}},{"type":"Feature","id":"way/586660174","properties":{"building":"yes","name":"Alpha Amare","id":"way/586660174"},"geometry":{"type":"Polygon","coordinates":[[[-46.7769445,-23.5407372],[-46.7769091,-23.5408662],[-46.7767959,-23.5408459],[-46.7768339,-23.5407104],[-46.7769445,-23.5407372]]]}},{"type":"Feature","id":"way/594785620","properties":{"addr:city":"Osasco","addr:housenumber":"831","addr:postcode":"06036-013","addr:street":"Avenida Padre Vicente Melillo","addr:suburb":"Jardim Umuarama","amenity":"place_of_worship","building":"church","denomination":"roman_catholic","name":"Paróquia São Domingos “o pregador”","religion":"christian","service_times":"Su 08:00,18:00; We, Sa 19:30","id":"way/594785620"},"geometry":{"type":"Polygon","coordinates":[[[-46.7780784,-23.5538304],[-46.7779094,-23.5540173],[-46.7776948,-23.5538525],[-46.7777914,-23.5537444],[-46.7778585,-23.553678],[-46.7780784,-23.5538304]]]}},{"type":"Feature","id":"way/594785621","properties":{"addr:housenumber":"831","addr:street":"Avenida Padre Vicente Melillo","denomination":"roman_catholic","landuse":"religious","name":"Paróquia São Domingos “O Pregador”","religion":"christian","id":"way/594785621"},"geometry":{"type":"Polygon","coordinates":[[[-46.7783171,-23.5539902],[-46.7782796,-23.5540591],[-46.7782527,-23.5541574],[-46.7782045,-23.5541402],[-46.7781401,-23.554241],[-46.7780113,-23.5542017],[-46.778073,-23.5541328],[-46.7776305,-23.5538009],[-46.7779657,-23.5534419],[-46.7783171,-23.5539902]]]}},{"type":"Feature","id":"way/632090628","properties":{"building":"commercial","name":"Prédio Rubi","id":"way/632090628"},"geometry":{"type":"Polygon","coordinates":[[[-46.7728945,-23.5483217],[-46.7722176,-23.5491101],[-46.7719527,-23.5489183],[-46.7726329,-23.5481238],[-46.7728945,-23.5483217]]]}},{"type":"Feature","id":"way/632090629","properties":{"leisure":"pitch","sport":"tennis","id":"way/632090629"},"geometry":{"type":"Polygon","coordinates":[[[-46.7723012,-23.5471626],[-46.772234,-23.5473097],[-46.7719147,-23.5471806],[-46.7719884,-23.547035],[-46.7723012,-23.5471626]]]}},{"type":"Feature","id":"way/632090630","properties":{"leisure":"pitch","sport":"tennis","id":"way/632090630"},"geometry":{"type":"Polygon","coordinates":[[[-46.7722275,-23.5473119],[-46.7721604,-23.547459],[-46.7718411,-23.5473299],[-46.7719147,-23.5471843],[-46.7722275,-23.5473119]]]}},{"type":"Feature","id":"way/637694437","properties":{"addr:city":"Osasco","addr:housenumber":"170","addr:postcode":"06083-090","addr:street":"Rua Clotilde Calesi","addr:suburb":"Vila Osasco","building":"residential","building:levels":"18","name":"Altavista","id":"way/637694437"},"geometry":{"type":"Polygon","coordinates":[[[-46.7774341,-23.5429633],[-46.7773774,-23.5429845],[-46.7773903,-23.5430134],[-46.7773997,-23.5430347],[-46.7774694,-23.5430086],[-46.7775257,-23.543135],[-46.7773586,-23.5431975],[-46.7773137,-23.5430965],[-46.7773544,-23.5430813],[-46.7773139,-23.5429903],[-46.7772871,-23.5430004],[-46.7772545,-23.5429272],[-46.7773948,-23.5428748],[-46.7774341,-23.5429633]]]}},{"type":"Feature","id":"way/637694440","properties":{"addr:city":"Osasco","addr:housenumber":"133","addr:postcode":"06083-090","addr:street":"Rua Clotilde Calesi","addr:suburb":"Vila Osasco","amenity":"police","building":"yes","name":"6º Distrito Policial da Polícia Civil","operator":"Polícia Civil do Estado de São Paulo","operator:wikidata":"Q10350993","id":"way/637694440"},"geometry":{"type":"Polygon","coordinates":[[[-46.7771697,-23.5435896],[-46.777216,-23.543557],[-46.7772535,-23.5436017],[-46.7772767,-23.5435854],[-46.7773338,-23.5436536],[-46.7773124,-23.5436687],[-46.7773557,-23.5437204],[-46.7773021,-23.5437581],[-46.7772865,-23.5437394],[-46.7772632,-23.5437558],[-46.7772155,-23.5436989],[-46.7772362,-23.543669],[-46.7771697,-23.5435896]]]}},{"type":"Feature","id":"way/642003085","properties":{"leisure":"swimming_pool","id":"way/642003085"},"geometry":{"type":"Polygon","coordinates":[[[-46.77714,-23.5428965],[-46.7771593,-23.5429299],[-46.7770869,-23.542965],[-46.7770676,-23.5429316],[-46.77714,-23.5428965]]]}},{"type":"Feature","id":"way/642003087","properties":{"leisure":"swimming_pool","id":"way/642003087"},"geometry":{"type":"Polygon","coordinates":[[[-46.7774303,-23.5428109],[-46.7774371,-23.5428325],[-46.777385,-23.5428494],[-46.7773835,-23.5428718],[-46.7773366,-23.5428884],[-46.7773229,-23.5428721],[-46.7772629,-23.5428858],[-46.7772506,-23.5428625],[-46.7774303,-23.5428109]]]}},{"type":"Feature","id":"way/642003088","properties":{"building":"residential","name":"Dubai","id":"way/642003088"},"geometry":{"type":"Polygon","coordinates":[[[-46.7780267,-23.5429321],[-46.7778925,-23.5429971],[-46.7777529,-23.5427553],[-46.7778871,-23.5426902],[-46.7780267,-23.5429321]]]}},{"type":"Feature","id":"way/642003091","properties":{"addr:city":"Osasco","addr:housenumber":"323","addr:postcode":"06083-090","addr:street":"Rua Itápolis","addr:suburb":"Vila Osasco","amenity":"place_of_worship","building":"church","denomination":"baptist","name":"Igreja Batista Central de Osasco","religion":"christian","id":"way/642003091"},"geometry":{"type":"Polygon","coordinates":[[[-46.7786094,-23.5439437],[-46.7786555,-23.5439625],[-46.7787561,-23.5439813],[-46.7787282,-23.5440664],[-46.7787443,-23.5440732],[-46.7787292,-23.5441174],[-46.778766,-23.5441222],[-46.7787293,-23.5442438],[-46.7785896,-23.5442036],[-46.7785261,-23.5441871],[-46.7786094,-23.5439437]]]}},{"type":"Feature","id":"way/642003092","properties":{"addr:city":"Osasco","addr:housenumber":"2412","addr:postcode":"06086-060","addr:street":"Avenida Santo Antônio","addr:suburb":"Vila Osasco","amenity":"school","education":"school","name":"Colégio Starmax","id":"way/642003092"},"geometry":{"type":"Polygon","coordinates":[[[-46.7774693,-23.5438302],[-46.7775771,-23.5441287],[-46.7774664,-23.5441611],[-46.777386,-23.5439461],[-46.7773672,-23.5439457],[-46.7773517,-23.5439047],[-46.777365,-23.5438852],[-46.777354,-23.5438658],[-46.77741,-23.5438281],[-46.7774447,-23.5438237],[-46.7774693,-23.5438302]]]}},{"type":"Feature","id":"way/642003093","properties":{"addr:city":"Osasco","addr:housenumber":"1884","addr:postcode":"06083-200","addr:street":"Avenida Santo Antônio","addr:suburb":"Vila Osasco","amenity":"school","education":"school","name":"Escola Ateneu","id":"way/642003093"},"geometry":{"type":"Polygon","coordinates":[[[-46.776557,-23.5427061],[-46.7767988,-23.5429836],[-46.7766482,-23.5430939],[-46.7764064,-23.5428164],[-46.776557,-23.5427061]]]}},{"type":"Feature","id":"way/643880240","properties":{"addr:city":"Osasco","addr:housenumber":"31","addr:postcode":"06080-010","addr:street":"Avenida Lucianinho Melli","addr:suburb":"Bela Vista","building":"yes","id":"way/643880240"},"geometry":{"type":"Polygon","coordinates":[[[-46.7790362,-23.5422086],[-46.7789731,-23.5422066],[-46.778974,-23.5422446],[-46.7788528,-23.5422454],[-46.7788612,-23.5421097],[-46.7790253,-23.5421094],[-46.7790362,-23.5422086]]]}},{"type":"Feature","id":"way/643880241","properties":{"addr:city":"Osasco","addr:housenumber":"1750","addr:postcode":"06083-200","addr:street":"Avenida Santo Antônio","addr:suburb":"Vila Osasco","amenity":"childcare","building":"yes","name":"Fadelito","id":"way/643880241"},"geometry":{"type":"Polygon","coordinates":[[[-46.7777071,-23.5422973],[-46.777719,-23.5423294],[-46.7776548,-23.5423549],[-46.7776326,-23.5423134],[-46.7777071,-23.5422973]]]}},{"type":"Feature","id":"way/643880242","properties":{"building":"yes","id":"way/643880242"},"geometry":{"type":"Polygon","coordinates":[[[-46.7693988,-23.546071],[-46.7692029,-23.5461882],[-46.769134,-23.5460914],[-46.7682511,-23.5466102],[-46.7681755,-23.5465065],[-46.7681058,-23.5465053],[-46.7680386,-23.5464766],[-46.7679931,-23.5464022],[-46.7679955,-23.5463254],[-46.7680364,-23.5462904],[-46.768106,-23.5462492],[-46.7681874,-23.5462492],[-46.7682931,-23.545966],[-46.7684847,-23.5457829],[-46.768746,-23.5457069],[-46.7690248,-23.5457274],[-46.7691963,-23.5456248],[-46.769419,-23.5459377],[-46.7693383,-23.545986],[-46.7693988,-23.546071]]]}},{"type":"Feature","id":"way/643880243","properties":{"addr:street":"Avenida dos Autonomistas","amenity":"place_of_worship","building":"yes","denomination":"neo-pentecostal","name":"Igreja Universal do Reino de Deus","religion":"christian","id":"way/643880243"},"geometry":{"type":"Polygon","coordinates":[[[-46.774031,-23.5375666],[-46.7742521,-23.5381133],[-46.7741781,-23.5381585],[-46.7742213,-23.5382207],[-46.7739638,-23.5383062],[-46.7739399,-23.5382361],[-46.7738848,-23.5382401],[-46.7738307,-23.5376223],[-46.774031,-23.5375666]]]}},{"type":"Feature","id":"way/643880244","properties":{"amenity":"events_venue","building":"yes","name":"Espaço Play Buffet","id":"way/643880244"},"geometry":{"type":"Polygon","coordinates":[[[-46.7776049,-23.542327],[-46.7777093,-23.542602],[-46.7776064,-23.5426307],[-46.7774918,-23.5423663],[-46.7776049,-23.542327]]]}},{"type":"Feature","id":"way/643880245","properties":{"leisure":"playground","id":"way/643880245"},"geometry":{"type":"Polygon","coordinates":[[[-46.7775925,-23.5424074],[-46.7776159,-23.5424861],[-46.7775838,-23.5424941],[-46.7775604,-23.5424154],[-46.7775925,-23.5424074]]]}},{"type":"Feature","id":"way/647807595","properties":{"addr:city":"Osasco","addr:street":"Avenida Santo Antônio","addr:suburb":"Vila Osasco","amenity":"restaurant","building":"yes","cuisine":"pizza","delivery":"yes","name":"São Martinho Pizzas","outdoor_seating":"no","takeaway":"only","id":"way/647807595"},"geometry":{"type":"Polygon","coordinates":[[[-46.7776076,-23.5419509],[-46.7776626,-23.5420587],[-46.7775318,-23.5421149],[-46.7775164,-23.5420846],[-46.7775336,-23.5420772],[-46.777494,-23.5419996],[-46.7776076,-23.5419509]]]}},{"type":"Feature","id":"way/647807596","properties":{"leisure":"swimming_pool","id":"way/647807596"},"geometry":{"type":"Polygon","coordinates":[[[-46.7767916,-23.541856],[-46.7768002,-23.5418896],[-46.776769,-23.5418963],[-46.7767937,-23.5419273],[-46.7767659,-23.5419386],[-46.7767175,-23.5419218],[-46.7767055,-23.5418745],[-46.7767916,-23.541856]]]}},{"type":"Feature","id":"way/647807597","properties":{"building":"residential","id":"way/647807597"},"geometry":{"type":"Polygon","coordinates":[[[-46.776559,-23.5420288],[-46.7765116,-23.5419475],[-46.7766361,-23.5418866],[-46.7766814,-23.5419644],[-46.7766519,-23.5419789],[-46.7766687,-23.5420078],[-46.7766978,-23.5419936],[-46.7767421,-23.5420696],[-46.7766008,-23.5421387],[-46.7765533,-23.5420569],[-46.7766027,-23.5420327],[-46.7765913,-23.542013],[-46.776559,-23.5420288]]]}},{"type":"Feature","id":"way/647807598","properties":{"building":"residential","id":"way/647807598"},"geometry":{"type":"Polygon","coordinates":[[[-46.7765601,-23.5421748],[-46.7764896,-23.5422055],[-46.7763457,-23.5419275],[-46.7764162,-23.5418968],[-46.7765601,-23.5421748]]]}},{"type":"Feature","id":"way/647807599","properties":{"building":"residential","id":"way/647807599"},"geometry":{"type":"Polygon","coordinates":[[[-46.7763795,-23.5420228],[-46.7765409,-23.5422911],[-46.7764762,-23.5423238],[-46.7763148,-23.5420556],[-46.7763795,-23.5420228]]]}},{"type":"Feature","id":"way/647807600","properties":{"building":"house","id":"way/647807600"},"geometry":{"type":"Polygon","coordinates":[[[-46.77715,-23.5424115],[-46.7771965,-23.542574],[-46.7771275,-23.5425906],[-46.7770809,-23.5424281],[-46.77715,-23.5424115]]]}},{"type":"Feature","id":"way/647807601","properties":{"building":"house","id":"way/647807601"},"geometry":{"type":"Polygon","coordinates":[[[-46.7772712,-23.5427613],[-46.7772858,-23.5428074],[-46.7772192,-23.5428252],[-46.7772281,-23.5427729],[-46.7772712,-23.5427613]]]}},{"type":"Feature","id":"way/647807602","properties":{"building":"house","id":"way/647807602"},"geometry":{"type":"Polygon","coordinates":[[[-46.7770371,-23.5424139],[-46.7770969,-23.5425728],[-46.7770295,-23.5425941],[-46.7769696,-23.5424353],[-46.7770371,-23.5424139]]]}},{"type":"Feature","id":"way/647807607","properties":{"building":"house","id":"way/647807607"},"geometry":{"type":"Polygon","coordinates":[[[-46.7771821,-23.5425959],[-46.7772041,-23.542677],[-46.7771633,-23.5426863],[-46.7771745,-23.542728],[-46.7771375,-23.5427364],[-46.7771042,-23.5426136],[-46.7771821,-23.5425959]]]}},{"type":"Feature","id":"way/647807611","properties":{"access":"customers","amenity":"parking","fee":"yes","parking":"surface","supervised":"yes","surface":"paved","id":"way/647807611"},"geometry":{"type":"Polygon","coordinates":[[[-46.7773501,-23.5434356],[-46.7774356,-23.5436387],[-46.7774762,-23.5437353],[-46.7774271,-23.5437545],[-46.777252,-23.5434784],[-46.7773501,-23.5434356]]]}},{"type":"Feature","id":"way/647807613","properties":{"building":"yes","name":"Dubai","office":"estate_agent","id":"way/647807613"},"geometry":{"type":"Polygon","coordinates":[[[-46.7774471,-23.5423797],[-46.7774826,-23.542507],[-46.7773435,-23.5425477],[-46.7773272,-23.5425092],[-46.7772749,-23.5425205],[-46.7772653,-23.5425009],[-46.7772339,-23.5425117],[-46.7772242,-23.5424425],[-46.7774471,-23.5423797]]]}},{"type":"Feature","id":"way/647807619","properties":{"building":"residential","id":"way/647807619"},"geometry":{"type":"Polygon","coordinates":[[[-46.7778272,-23.5433487],[-46.7778701,-23.5434077],[-46.7778411,-23.5434166],[-46.777853,-23.543449],[-46.7778885,-23.5434381],[-46.77794,-23.5435786],[-46.7778408,-23.5436092],[-46.777789,-23.543468],[-46.7778265,-23.5434564],[-46.7778151,-23.5434254],[-46.7777888,-23.5434335],[-46.7777647,-23.543368],[-46.7778272,-23.5433487]]]}},{"type":"Feature","id":"way/647807621","properties":{"building":"house","id":"way/647807621"},"geometry":{"type":"Polygon","coordinates":[[[-46.7780096,-23.5432405],[-46.7780954,-23.5433512],[-46.7780418,-23.5433733],[-46.7779774,-23.5432528],[-46.7780096,-23.5432405]]]}},{"type":"Feature","id":"way/647807622","properties":{"building":"house","id":"way/647807622"},"geometry":{"type":"Polygon","coordinates":[[[-46.7781142,-23.5431495],[-46.7782296,-23.5432798],[-46.7781464,-23.5433167],[-46.7780445,-23.5431987],[-46.7781142,-23.5431495]]]}},{"type":"Feature","id":"way/647807623","properties":{"building":"house","id":"way/647807623"},"geometry":{"type":"Polygon","coordinates":[[[-46.7781571,-23.5434667],[-46.7781008,-23.5433905],[-46.7782269,-23.5433118],[-46.7782966,-23.5433831],[-46.778268,-23.5434003],[-46.7781571,-23.5434667]]]}},{"type":"Feature","id":"way/647807624","properties":{"building":"house","id":"way/647807624"},"geometry":{"type":"Polygon","coordinates":[[[-46.778268,-23.5434003],[-46.7783154,-23.5434372],[-46.7781974,-23.5435233],[-46.778133,-23.5434913],[-46.778268,-23.5434003]]]}},{"type":"Feature","id":"way/647807625","properties":{"addr:city":"Osasco","addr:housenumber":"1666","addr:postcode":"06086-060","addr:street":"Avenida Santo Antônio","addr:suburb":"Vila Osasco","amenity":"pharmacy","building":"yes","drive_through":"no","healthcare":"pharmacy","name":"Drogaria Brandão","opening_hours":"08:00-22:00","id":"way/647807625"},"geometry":{"type":"Polygon","coordinates":[[[-46.7784095,-23.5417305],[-46.7784418,-23.5417559],[-46.7783164,-23.5418655],[-46.7782859,-23.5418282],[-46.7784095,-23.5417305]]]}},{"type":"Feature","id":"way/647807626","properties":{"amenity":"car_wash","building":"yes","id":"way/647807626"},"geometry":{"type":"Polygon","coordinates":[[[-46.7782545,-23.542145],[-46.7782172,-23.5421045],[-46.7783422,-23.5420392],[-46.7784661,-23.5419646],[-46.7784749,-23.5420073],[-46.7784415,-23.5420138],[-46.7783705,-23.5420588],[-46.7783472,-23.5420741],[-46.7782545,-23.542145]]]}},{"type":"Feature","id":"way/647807627","properties":{"building":"house","id":"way/647807627"},"geometry":{"type":"Polygon","coordinates":[[[-46.7784415,-23.5420138],[-46.77846,-23.5420265],[-46.7784591,-23.5420962],[-46.7783458,-23.542095],[-46.7783472,-23.5420741],[-46.7783799,-23.5420731],[-46.7783705,-23.5420588],[-46.7784415,-23.5420138]]]}},{"type":"Feature","id":"way/647807628","properties":{"building":"house","id":"way/647807628"},"geometry":{"type":"Polygon","coordinates":[[[-46.778481,-23.5420989],[-46.7784797,-23.5421517],[-46.7784579,-23.5421425],[-46.7783514,-23.5421444],[-46.7783435,-23.5421566],[-46.7783458,-23.542095],[-46.7784591,-23.5420962],[-46.778481,-23.5420989]]]}},{"type":"Feature","id":"way/647807629","properties":{"building":"house","id":"way/647807629"},"geometry":{"type":"Polygon","coordinates":[[[-46.7784579,-23.5421425],[-46.7784603,-23.5422507],[-46.7784217,-23.542265],[-46.7783806,-23.5422657],[-46.7783802,-23.5422489],[-46.7783431,-23.5422379],[-46.7783514,-23.5421444],[-46.7784579,-23.5421425]]]}},{"type":"Feature","id":"way/647807630","properties":{"building":"house","id":"way/647807630"},"geometry":{"type":"Polygon","coordinates":[[[-46.7784217,-23.542265],[-46.7784153,-23.5423281],[-46.7782681,-23.5423004],[-46.7782269,-23.5423118],[-46.7782297,-23.5422854],[-46.7782347,-23.5422298],[-46.7783431,-23.5422379],[-46.7783802,-23.5422489],[-46.7783806,-23.5422657],[-46.7784217,-23.542265]]]}},{"type":"Feature","id":"way/647807631","properties":{"building":"house","id":"way/647807631"},"geometry":{"type":"Polygon","coordinates":[[[-46.7784337,-23.5423642],[-46.7784142,-23.5424399],[-46.778285,-23.5424173],[-46.7782681,-23.5423004],[-46.7784153,-23.5423281],[-46.7784337,-23.5423642]]]}},{"type":"Feature","id":"way/647807632","properties":{"amenity":"pub","building":"yes","id":"way/647807632"},"geometry":{"type":"Polygon","coordinates":[[[-46.7783612,-23.5426774],[-46.7783311,-23.5427309],[-46.7782373,-23.5426579],[-46.7782638,-23.5426238],[-46.7783612,-23.5426774]]]}},{"type":"Feature","id":"way/647807633","properties":{"building":"house","id":"way/647807633"},"geometry":{"type":"Polygon","coordinates":[[[-46.7782302,-23.5428396],[-46.7779135,-23.5425865],[-46.7779506,-23.5425459],[-46.7782851,-23.5427779],[-46.7782302,-23.5428396]]]}},{"type":"Feature","id":"way/647807634","properties":{"building":"house","id":"way/647807634"},"geometry":{"type":"Polygon","coordinates":[[[-46.7782939,-23.5427698],[-46.7780709,-23.5426141],[-46.7781116,-23.5425784],[-46.7780816,-23.5425589],[-46.7781081,-23.5425265],[-46.7782461,-23.5426157],[-46.7782161,-23.5426579],[-46.7783134,-23.5427374],[-46.7782939,-23.5427698]]]}},{"type":"Feature","id":"way/647807635","properties":{"building":"house","id":"way/647807635"},"geometry":{"type":"Polygon","coordinates":[[[-46.7784249,-23.5425687],[-46.7783948,-23.5426287],[-46.7783399,-23.5425946],[-46.7783275,-23.5426352],[-46.7782408,-23.5425946],[-46.7782798,-23.5425184],[-46.7784249,-23.5425687]]]}},{"type":"Feature","id":"way/647807636","properties":{"building":"house","id":"way/647807636"},"geometry":{"type":"Polygon","coordinates":[[[-46.7784612,-23.5424804],[-46.7784505,-23.542518],[-46.7783157,-23.5424801],[-46.7783053,-23.5424377],[-46.7784612,-23.5424804]]]}},{"type":"Feature","id":"way/647807638","properties":{"building":"house","id":"way/647807638"},"geometry":{"type":"Polygon","coordinates":[[[-46.7788663,-23.5423256],[-46.7788676,-23.5422691],[-46.7789925,-23.5422664],[-46.7789973,-23.5423178],[-46.7788663,-23.5423256]]]}},{"type":"Feature","id":"way/647807639","properties":{"addr:city":"Osasco","addr:housenumber":"1730","addr:postcode":"06083-200","addr:street":"Avenida Santo Antônio","addr:suburb":"Vila Osasco","building":"yes","name":"Studio Bride","shop":"hairdresser","id":"way/647807639"},"geometry":{"type":"Polygon","coordinates":[[[-46.7779296,-23.5421372],[-46.7780378,-23.5423112],[-46.7779361,-23.5423857],[-46.7778427,-23.5421716],[-46.7779296,-23.5421372]]]}},{"type":"Feature","id":"way/647807640","properties":{"building":"house","id":"way/647807640"},"geometry":{"type":"Polygon","coordinates":[[[-46.7780092,-23.5420604],[-46.7781577,-23.5422119],[-46.7780378,-23.5423112],[-46.7779296,-23.5421372],[-46.7779125,-23.5421025],[-46.7780092,-23.5420604]]]}},{"type":"Feature","id":"way/647807644","properties":{"building":"house","id":"way/647807644"},"geometry":{"type":"Polygon","coordinates":[[[-46.7784437,-23.5417948],[-46.7784661,-23.5418155],[-46.7784253,-23.5418512],[-46.7783602,-23.5419085],[-46.7783359,-23.5418807],[-46.7784437,-23.5417948]]]}},{"type":"Feature","id":"way/647815027","properties":{"building":"residential","building:colour":"beige","height":"60","id":"way/647815027"},"geometry":{"type":"Polygon","coordinates":[[[-46.7698523,-23.5355045],[-46.769962,-23.5354631],[-46.7699696,-23.5354801],[-46.7700427,-23.5354525],[-46.7700351,-23.5354356],[-46.7701448,-23.5353942],[-46.7702055,-23.5355295],[-46.7700959,-23.5355709],[-46.7700883,-23.535554],[-46.7700152,-23.5355816],[-46.7700228,-23.5355985],[-46.7699131,-23.5356399],[-46.7698523,-23.5355045]]]}},{"type":"Feature","id":"way/647815028","properties":{"building":"residential","building:colour":"beige","height":"60","id":"way/647815028"},"geometry":{"type":"Polygon","coordinates":[[[-46.7697209,-23.5356898],[-46.7695867,-23.5357406],[-46.769578,-23.5357213],[-46.7694885,-23.5357552],[-46.7694972,-23.5357745],[-46.769363,-23.5358254],[-46.7692934,-23.535671],[-46.7694276,-23.5356202],[-46.7694363,-23.5356395],[-46.7695258,-23.5356056],[-46.7695171,-23.5355863],[-46.7696513,-23.5355355],[-46.7697209,-23.5356898]]]}},{"type":"Feature","id":"way/649294501","properties":{"addr:city":"Osasco","addr:housenumber":"605","addr:postcode":"06010-080","addr:street":"Avenida Domingos Odália Filho","addr:suburb":"Centro","amenity":"fuel","brand":"Shell","brand:wikidata":"Q110716465","building":"roof","fuel:etanol_comum":"yes","fuel:ethanol":"yes","fuel:octane_87":"yes","layer":"-1","name":"Shell","self_service":"no","id":"way/649294501"},"geometry":{"type":"Polygon","coordinates":[[[-46.7725875,-23.5358444],[-46.7725763,-23.5360456],[-46.772402,-23.5360448],[-46.7724177,-23.5359186],[-46.7723806,-23.535906],[-46.7723864,-23.53595],[-46.7722643,-23.5359549],[-46.7723013,-23.5357968],[-46.7723902,-23.5357945],[-46.7723918,-23.5358493],[-46.7725351,-23.5358429],[-46.7725875,-23.5358444]]]}},{"type":"Feature","id":"way/649294502","properties":{"addr:city":"Osasco","addr:housenumber":"100","addr:postcode":"06023-030","addr:street":"Rua Dimitri Sansoud de Lavoud","addr:suburb":"Vila Campesina","amenity":"arts_centre","building":"yes","name":"Espaço Cultural Grande Otelo","opening_hours":"Mo-Fr 09:00-17:00; Sa,Su 09:00-22:00","id":"way/649294502"},"geometry":{"type":"Polygon","coordinates":[[[-46.7729245,-23.5426316],[-46.7729356,-23.5429051],[-46.7728497,-23.542908],[-46.7728387,-23.5426345],[-46.7729245,-23.5426316]]]}},{"type":"Feature","id":"way/649294503","properties":{"amenity":"parking","id":"way/649294503"},"geometry":{"type":"Polygon","coordinates":[[[-46.7778206,-23.5421592],[-46.7779716,-23.542501],[-46.777873,-23.5426366],[-46.7777066,-23.5422073],[-46.7778206,-23.5421592]]]}},{"type":"Feature","id":"way/649294504","properties":{"addr:city":"Osasco","addr:housenumber":"1696","addr:postcode":"06086-060","addr:street":"Avenida Santo Antônio","addr:suburb":"Vila Osasco","building":"yes","name":"Alcagraf","shop":"copyshop","id":"way/649294504"},"geometry":{"type":"Polygon","coordinates":[[[-46.7782262,-23.5418888],[-46.7782675,-23.5419383],[-46.7782845,-23.5419779],[-46.7782273,-23.542023],[-46.7781717,-23.5419637],[-46.778122,-23.5420029],[-46.778093,-23.5419674],[-46.7782262,-23.5418888]]]}},{"type":"Feature","id":"way/649294514","properties":{"leisure":"park","name":"Praça José Bastos de Almeida","id":"way/649294514"},"geometry":{"type":"Polygon","coordinates":[[[-46.7790563,-23.5445147],[-46.7791843,-23.5445468],[-46.7794273,-23.5446083],[-46.779304,-23.5447844],[-46.7790706,-23.5445739],[-46.7790563,-23.5445147]]]}},{"type":"Feature","id":"way/650749492","properties":{"leisure":"playground","id":"way/650749492"},"geometry":{"type":"Polygon","coordinates":[[[-46.7764805,-23.541235],[-46.7765742,-23.5412257],[-46.7765916,-23.5413734],[-46.7764979,-23.5413827],[-46.7764805,-23.541235]]]}},{"type":"Feature","id":"way/650749494","properties":{"building":"house","id":"way/650749494"},"geometry":{"type":"Polygon","coordinates":[[[-46.7768787,-23.5404982],[-46.7768532,-23.540588],[-46.7767634,-23.5405634],[-46.7767929,-23.5404773],[-46.7768787,-23.5404982]]]}},{"type":"Feature","id":"way/650749495","properties":{"building":"house","id":"way/650749495"},"geometry":{"type":"Polygon","coordinates":[[[-46.7767955,-23.5405806],[-46.776766,-23.5406863],[-46.776695,-23.5406716],[-46.7767325,-23.5405548],[-46.7767955,-23.5405806]]]}},{"type":"Feature","id":"way/650749496","properties":{"building":"house","id":"way/650749496"},"geometry":{"type":"Polygon","coordinates":[[[-46.7767473,-23.5407331],[-46.7766722,-23.5407257],[-46.7766802,-23.5406962],[-46.7766641,-23.5406962],[-46.7766655,-23.5406827],[-46.7766534,-23.5406839],[-46.776648,-23.540722],[-46.7766145,-23.5407171],[-46.776636,-23.5406224],[-46.7766534,-23.5406249],[-46.7766507,-23.5406421],[-46.7766909,-23.5406507],[-46.7766869,-23.5406777],[-46.7767593,-23.5406937],[-46.7767473,-23.5407331]]]}},{"type":"Feature","id":"way/650749497","properties":{"building":"house","id":"way/650749497"},"geometry":{"type":"Polygon","coordinates":[[[-46.7766346,-23.5406138],[-46.7766132,-23.5406814],[-46.7766024,-23.5407343],[-46.7765836,-23.5408179],[-46.7765474,-23.5408167],[-46.7765662,-23.5407331],[-46.7765796,-23.5406741],[-46.7766051,-23.5405929],[-46.7766105,-23.5405536],[-46.7765971,-23.5405486],[-46.7766333,-23.5404491],[-46.7767553,-23.5404712],[-46.7767432,-23.5405191],[-46.7767285,-23.5405167],[-46.7766976,-23.5406224],[-46.7766346,-23.5406138]]]}},{"type":"Feature","id":"way/650749498","properties":{"building":"house","id":"way/650749498"},"geometry":{"type":"Polygon","coordinates":[[[-46.7766266,-23.5404331],[-46.7766038,-23.5405056],[-46.7765863,-23.5405068],[-46.7765783,-23.5406138],[-46.776479,-23.5406027],[-46.7765072,-23.5404159],[-46.7766266,-23.5404331]]]}},{"type":"Feature","id":"way/650749503","properties":{"building":"house","id":"way/650749503"},"geometry":{"type":"Polygon","coordinates":[[[-46.7762806,-23.5405302],[-46.7762846,-23.5404589],[-46.7763771,-23.5404626],[-46.7763704,-23.5405314],[-46.7762806,-23.5405302]]]}},{"type":"Feature","id":"way/650749512","properties":{"building":"house","id":"way/650749512"},"geometry":{"type":"Polygon","coordinates":[[[-46.7754942,-23.5404644],[-46.775488,-23.5404009],[-46.7755897,-23.5404023],[-46.7755912,-23.5404644],[-46.7754942,-23.5404644]]]}},{"type":"Feature","id":"way/650749514","properties":{"building":"house","id":"way/650749514"},"geometry":{"type":"Polygon","coordinates":[[[-46.7754757,-23.5404291],[-46.775485,-23.5405633],[-46.7753756,-23.5405802],[-46.7753633,-23.5404362],[-46.7754757,-23.5404291]]]}},{"type":"Feature","id":"way/650749515","properties":{"building":"house","id":"way/650749515"},"geometry":{"type":"Polygon","coordinates":[[[-46.7754834,-23.5407116],[-46.775488,-23.5408429],[-46.7753925,-23.5408486],[-46.775391,-23.5407116],[-46.7754834,-23.5407116]]]}},{"type":"Feature","id":"way/650749516","properties":{"building":"house","id":"way/650749516"},"geometry":{"type":"Polygon","coordinates":[[[-46.7753571,-23.5403924],[-46.7753617,-23.5405548],[-46.7752985,-23.5405534],[-46.7752893,-23.540398],[-46.7753571,-23.5403924]]]}},{"type":"Feature","id":"way/650749517","properties":{"building":"house","id":"way/650749517"},"geometry":{"type":"Polygon","coordinates":[[[-46.7753016,-23.5406226],[-46.7753032,-23.5405647],[-46.7753602,-23.5405661],[-46.7753571,-23.5406198],[-46.7753016,-23.5406226]]]}},{"type":"Feature","id":"way/650749518","properties":{"building":"house","id":"way/650749518"},"geometry":{"type":"Polygon","coordinates":[[[-46.7753186,-23.5407342],[-46.7753078,-23.5406339],[-46.7753663,-23.5406325],[-46.7753756,-23.5407342],[-46.7753186,-23.5407342]]]}},{"type":"Feature","id":"way/650749521","properties":{"building":"house","id":"way/650749521"},"geometry":{"type":"Polygon","coordinates":[[[-46.7750301,-23.5407281],[-46.7750173,-23.5407292],[-46.7749963,-23.5405398],[-46.77505,-23.5405216],[-46.7750838,-23.5407239],[-46.7750301,-23.5407281]]]}},{"type":"Feature","id":"way/650749522","properties":{"building":"house","id":"way/650749522"},"geometry":{"type":"Polygon","coordinates":[[[-46.77505,-23.5408116],[-46.7750418,-23.5407378],[-46.7750838,-23.5407356],[-46.7750967,-23.5408052],[-46.77505,-23.5408116]]]}},{"type":"Feature","id":"way/650749523","properties":{"building":"house","id":"way/650749523"},"geometry":{"type":"Polygon","coordinates":[[[-46.7750675,-23.5409476],[-46.77505,-23.5408866],[-46.7750803,-23.5408812],[-46.7750698,-23.5408223],[-46.7750955,-23.5408223],[-46.7751142,-23.5409369],[-46.7750675,-23.5409476]]]}},{"type":"Feature","id":"way/650749528","properties":{"addr:city":"Osasco","addr:housenumber":"29","addr:postcode":"06018-210","addr:street":"Largo Mário Bissolatti","building":"residential","height":"50","name":"Edifício Barão de Cocais","id":"way/650749528"},"geometry":{"type":"Polygon","coordinates":[[[-46.7745969,-23.5409732],[-46.7744607,-23.5409201],[-46.7746253,-23.5406676],[-46.774732,-23.5407123],[-46.7745969,-23.5409732]]]}},{"type":"Feature","id":"way/650749529","properties":{"addr:city":"Osasco","addr:housenumber":"6","addr:postcode":"06018-210","addr:street":"Largo Mário Bissolatti","addr:suburb":"Centro","building":"residential","height":"70","name":"Edifício Angra dos Reis","id":"way/650749529"},"geometry":{"type":"Polygon","coordinates":[[[-46.7749162,-23.5409494],[-46.7748589,-23.5409694],[-46.7747997,-23.5409594],[-46.7747593,-23.5409223],[-46.7748652,-23.5406248],[-46.7749349,-23.5406432],[-46.7749528,-23.54075],[-46.7749105,-23.5409037],[-46.774924,-23.5409197],[-46.7749162,-23.5409494]]]}},{"type":"Feature","id":"way/650749531","properties":{"addr:city":"Osasco","addr:housenumber":"24","addr:postcode":"06018-210","addr:street":"Largo Mário Bissolatti","building":"yes","height":"70","name":"Edifício Unique Serveng","id":"way/650749531"},"geometry":{"type":"Polygon","coordinates":[[[-46.7745059,-23.5406751],[-46.7744957,-23.5406518],[-46.7744835,-23.5406499],[-46.7744541,-23.540594],[-46.7744795,-23.5405828],[-46.77445,-23.540512],[-46.7746045,-23.5404477],[-46.7746482,-23.5405139],[-46.7745933,-23.5405372],[-46.7746167,-23.5405716],[-46.7745689,-23.5405931],[-46.7745821,-23.5406173],[-46.7745598,-23.5406266],[-46.7745669,-23.5406518],[-46.7745059,-23.5406751]]]}},{"type":"Feature","id":"way/650749533","properties":{"addr:city":"Osasco","addr:housenumber":"23","addr:postcode":"06018-210","addr:street":"Largo Mário Bissolatti","building":"yes","height":"35","name":"Edifício Pampulha","id":"way/650749533"},"geometry":{"type":"Polygon","coordinates":[[[-46.7747246,-23.54032],[-46.7745015,-23.540323],[-46.7744094,-23.5403243],[-46.7744059,-23.5402312],[-46.7747223,-23.540229],[-46.7747246,-23.54032]]]}},{"type":"Feature","id":"way/650749534","properties":{"building":"yes","id":"way/650749534"},"geometry":{"type":"Polygon","coordinates":[[[-46.7745016,-23.5403671],[-46.7744117,-23.5403703],[-46.7744094,-23.5403243],[-46.7745015,-23.540323],[-46.7745016,-23.5403671]]]}},{"type":"Feature","id":"way/654799641","properties":{"addr:street":"Rua Salém Bechara","amenity":"fuel","building":"roof","fuel:diesel_S10":"yes","fuel:etanol_comum":"yes","fuel:octane_87":"yes","name":"Bagio Auto Posto","operator":"Rede Tozzi","payment:cash":"yes","payment:coins":"yes","payment:notes":"yes","id":"way/654799641"},"geometry":{"type":"Polygon","coordinates":[[[-46.7782199,-23.5399841],[-46.7781823,-23.5400454],[-46.7780818,-23.5400186],[-46.7779814,-23.5398882],[-46.7779772,-23.5398268],[-46.7780525,-23.5398421],[-46.7781362,-23.5399304],[-46.7782199,-23.5399841]]]}},{"type":"Feature","id":"way/655282455","properties":{"addr:housenumber":"01","addr:postcode":"06033-200","addr:street":"Rua Waldemar Gomes Sobrinho","amenity":"place_of_worship","building":"church","denomination":"roman_catholic","name":"Comunidade Nossa Senhora da Glória","religion":"christian","service_times":"Su 09:30; Th 19:30","id":"way/655282455"},"geometry":{"type":"Polygon","coordinates":[[[-46.7747071,-23.5592351],[-46.7746523,-23.5593117],[-46.7746062,-23.5592879],[-46.7746552,-23.5591981],[-46.7747071,-23.5592351]]]}},{"type":"Feature","id":"way/655410126","properties":{"addr:street":"Avenida Analice Sakatauskas","amenity":"fuel","brand":"BR","brand:wikidata":"Q4836468","brand:wikipedia":"pt:Petrobras Distribuidora","building":"roof","fuel:octane_87":"yes","name":"BR","payment:cash":"yes","payment:coins":"yes","payment:notes":"yes","id":"way/655410126"},"geometry":{"type":"Polygon","coordinates":[[[-46.7762356,-23.5476893],[-46.7761185,-23.5477966],[-46.7759963,-23.5476869],[-46.7760549,-23.5476333],[-46.7760854,-23.5476566],[-46.776149,-23.5475936],[-46.7762178,-23.5476449],[-46.7762025,-23.5476613],[-46.7762356,-23.5476893]]]}},{"type":"Feature","id":"way/655478292","properties":{"addr:housenumber":"695","addr:street":"Avenida Analice Sakatauskas","building":"residential","building:levels":"18","name":"Edificio Ubatuba","id":"way/655478292"},"geometry":{"type":"Polygon","coordinates":[[[-46.7794096,-23.5524169],[-46.7792882,-23.5525225],[-46.7792346,-23.5525029],[-46.7792636,-23.552481],[-46.779248,-23.5524635],[-46.7792238,-23.5524635],[-46.7792238,-23.5524414],[-46.7791195,-23.5523407],[-46.779098,-23.5523595],[-46.7790601,-23.5523229],[-46.7791969,-23.5522038],[-46.779267,-23.5522715],[-46.779244,-23.5522916],[-46.7793499,-23.5523938],[-46.7793687,-23.5523774],[-46.7794096,-23.5524169]]]}},{"type":"Feature","id":"way/655685253","properties":{"landuse":"grass","id":"way/655685253"},"geometry":{"type":"Polygon","coordinates":[[[-46.7667498,-23.5444439],[-46.7667552,-23.5444642],[-46.7666865,-23.5445087],[-46.7666623,-23.5445125],[-46.7666433,-23.5444743],[-46.7666728,-23.5444571],[-46.7667498,-23.5444439]]]}},{"type":"Feature","id":"way/655685254","properties":{"landuse":"grass","id":"way/655685254"},"geometry":{"type":"Polygon","coordinates":[[[-46.7668291,-23.5442345],[-46.7668588,-23.5442257],[-46.7668858,-23.5442426],[-46.7668895,-23.5442704],[-46.7668446,-23.5442907],[-46.7667805,-23.5443056],[-46.7667596,-23.5442771],[-46.7667889,-23.5442603],[-46.7668291,-23.5442345]]]}},{"type":"Feature","id":"way/655702451","properties":{"addr:housenumber":"970","addr:street":"Rua Deputado Emílio Carlos","building":"school","building:levels":"2","name":"Escola de Ensino Médio Osasco I","id":"way/655702451"},"geometry":{"type":"Polygon","coordinates":[[[-46.7650445,-23.5451725],[-46.7652328,-23.545412],[-46.7649863,-23.5455706],[-46.7647893,-23.5453312],[-46.7650445,-23.5451725]]]}},{"type":"Feature","id":"way/657447831","properties":{"natural":"wood","id":"way/657447831"},"geometry":{"type":"Polygon","coordinates":[[[-46.7803367,-23.5562566],[-46.7803367,-23.5565085],[-46.7800051,-23.5566518],[-46.7800098,-23.5569167],[-46.7789533,-23.5574118],[-46.7788201,-23.557465],[-46.7787638,-23.5575073],[-46.7782143,-23.5577201],[-46.7776949,-23.5580887],[-46.7776631,-23.5582328],[-46.777801,-23.5584573],[-46.7773397,-23.5586489],[-46.7771287,-23.5583156],[-46.7763856,-23.5586597],[-46.7765887,-23.5582758],[-46.7777566,-23.5576695],[-46.7776031,-23.5573336],[-46.7781527,-23.5567386],[-46.7785459,-23.5563912],[-46.7788444,-23.5562218],[-46.7791665,-23.5560742],[-46.7793323,-23.5560568],[-46.779446,-23.556313],[-46.7795882,-23.5562305],[-46.7797019,-23.5563261],[-46.7801046,-23.5561567],[-46.7803367,-23.5562566]]]}},{"type":"Feature","id":"way/657447833","properties":{"natural":"wood","id":"way/657447833"},"geometry":{"type":"Polygon","coordinates":[[[-46.7744769,-23.5577485],[-46.774818,-23.5579743],[-46.7749175,-23.5582001],[-46.7750785,-23.5584303],[-46.7752491,-23.5585649],[-46.7755539,-23.5585965],[-46.7758683,-23.5588859],[-46.7755722,-23.5588779],[-46.7754289,-23.5590424],[-46.7750075,-23.558908],[-46.7744295,-23.5583087],[-46.7744248,-23.558148],[-46.7743679,-23.5581654],[-46.7744769,-23.5577485]]]}},{"type":"Feature","id":"way/657447834","properties":{"natural":"wood","id":"way/657447834"},"geometry":{"type":"Polygon","coordinates":[[[-46.7766556,-23.5556747],[-46.77748,-23.5557789],[-46.7776031,-23.5558614],[-46.7777453,-23.55597],[-46.7781337,-23.5563391],[-46.7779916,-23.5564694],[-46.7778021,-23.5563695],[-46.7776031,-23.5565389],[-46.7774563,-23.5563174],[-46.777281,-23.5561958],[-46.7770583,-23.5561263],[-46.7768072,-23.5560698],[-46.7763998,-23.5560351],[-46.7766556,-23.5556747]]]}},{"type":"Feature","id":"way/657447835","properties":{"natural":"wood","id":"way/657447835"},"geometry":{"type":"Polygon","coordinates":[[[-46.780114,-23.5545064],[-46.7796403,-23.5549711],[-46.7789628,-23.5543762],[-46.7794129,-23.5539071],[-46.7795787,-23.5539766],[-46.7798298,-23.5541851],[-46.780114,-23.5545064]]]}},{"type":"Feature","id":"way/657447840","properties":{"addr:street":"Avenida Prefeito Hirant Sanazar","amenity":"fuel","building":"roof","fuel:etanol_comum":"yes","fuel:ethanol":"yes","fuel:octane_87":"yes","payment:cash":"yes","payment:coins":"yes","payment:notes":"yes","self_service":"no","id":"way/657447840"},"geometry":{"type":"Polygon","coordinates":[[[-46.7781787,-23.5529211],[-46.7781055,-23.5529823],[-46.7780014,-23.5528788],[-46.7779697,-23.552904],[-46.7778921,-23.5528523],[-46.7779972,-23.5527389],[-46.7781787,-23.5529211]]]}},{"type":"Feature","id":"way/657447841","properties":{"building":"yes","id":"way/657447841"},"geometry":{"type":"Polygon","coordinates":[[[-46.7780955,-23.5530541],[-46.7780344,-23.5531054],[-46.7779962,-23.5530564],[-46.7780141,-23.5531194],[-46.7779657,-23.5531474],[-46.7778537,-23.5528954],[-46.7778792,-23.5528651],[-46.7780955,-23.5530541]]]}},{"type":"Feature","id":"way/657447842","properties":{"addr:street":"Avenida Prefeito Hirant Sanazar","amenity":"fast_food","brewery":"yes","building":"yes","cuisine":"burger","drive_through":"no","name":"Quintal Oz","outdoor_seating":"yes","smoking":"no","id":"way/657447842"},"geometry":{"type":"Polygon","coordinates":[[[-46.7778306,-23.5527861],[-46.7778,-23.5528071],[-46.7777604,-23.5527586],[-46.777791,-23.5527376],[-46.7778306,-23.5527861]]]}},{"type":"Feature","id":"way/657447852","properties":{"addr:street":"Avenida Prefeito Hirant Sanazar","amenity":"restaurant","building":"yes","cuisine":"regional;pizza;steak_house;barbecue","name":"Água Boa Restaurante e Churrascaria","outdoor_seating":"yes","payment:cash":"yes","payment:credit_cards":"yes","payment:debit_cards":"yes","phone":"+55 11 3687 0050","smoking":"outside","id":"way/657447852"},"geometry":{"type":"Polygon","coordinates":[[[-46.7761667,-23.5495325],[-46.7760601,-23.5495669],[-46.7758901,-23.5491468],[-46.7759967,-23.5491283],[-46.7760284,-23.5492023],[-46.7760745,-23.5491865],[-46.7760947,-23.5492472],[-46.7760514,-23.5492578],[-46.7761667,-23.5495325]]]}},{"type":"Feature","id":"way/657692601","properties":{"addr:street":"Avenida Maria Campos","amenity":"place_of_worship","building":"church","denomination":"neo-pentecostal","name":"Igreja Batista da Lagoinha","religion":"christian","website":"https://www.lagoinha.com/","id":"way/657692601"},"geometry":{"type":"Polygon","coordinates":[[[-46.7733601,-23.5361681],[-46.7733481,-23.5363044],[-46.7731329,-23.5362886],[-46.7731448,-23.5361522],[-46.7733601,-23.5361681]]]}},{"type":"Feature","id":"way/662614077","properties":{"addr:city":"Osasco","addr:street":"Avenida dos Autonomistas","amenity":"theatre","building":"yes","height":"18","name":"Teatro Municipal Gloria Giglio","id":"way/662614077"},"geometry":{"type":"Polygon","coordinates":[[[-46.7691367,-23.5406195],[-46.7691976,-23.5406958],[-46.7691258,-23.540744],[-46.7692871,-23.5409461],[-46.7688076,-23.5412678],[-46.7685853,-23.5409895],[-46.7691367,-23.5406195]]]}},{"type":"Feature","id":"way/662614088","properties":{"leisure":"park","id":"way/662614088"},"geometry":{"type":"Polygon","coordinates":[[[-46.7696706,-23.5416859],[-46.769568,-23.5418458],[-46.7694367,-23.5417461],[-46.769607,-23.541637],[-46.7696706,-23.5416859]]]}},{"type":"Feature","id":"way/664683450","properties":{"addr:housenumber":"155","addr:postcode":"06033-220","addr:street":"Rua Venezuela","addr:suburb":"Jardim D'Abril","amenity":"school","contact:phone":"+55 11 3609 6183","education":"school","email":"aneziocabral@gmail.com","name":"Escola Municipal de Educação Fundamental Professor Anézio Cabral","phone":"+55 11 3591 7690","religion":"none","id":"way/664683450"},"geometry":{"type":"Polygon","coordinates":[[[-46.7773053,-23.5587338],[-46.7761761,-23.5592968],[-46.7761144,-23.5592846],[-46.7760876,-23.5592551],[-46.776058,-23.5592108],[-46.7760822,-23.5591641],[-46.7762217,-23.5587904],[-46.7770531,-23.5583527],[-46.7773053,-23.5587338]]]}},{"type":"Feature","id":"way/673720209","properties":{"amenity":"fountain","id":"way/673720209"},"geometry":{"type":"Polygon","coordinates":[[[-46.7775368,-23.5429328],[-46.7775981,-23.5430549],[-46.7775773,-23.5430637],[-46.777516,-23.5429416],[-46.7775368,-23.5429328]]]}},{"type":"Feature","id":"way/673720211","properties":{"leisure":"playground","id":"way/673720211"},"geometry":{"type":"Polygon","coordinates":[[[-46.7774702,-23.5432158],[-46.7774833,-23.5432509],[-46.7774338,-23.5432665],[-46.7774207,-23.5432314],[-46.7774702,-23.5432158]]]}},{"type":"Feature","id":"way/673720213","properties":{"landuse":"residential","name":"Altavista","id":"way/673720213"},"geometry":{"type":"Polygon","coordinates":[[[-46.7774841,-23.542781],[-46.777696,-23.5432101],[-46.7773593,-23.5433269],[-46.7771528,-23.5428621],[-46.7774841,-23.542781]]]}},{"type":"Feature","id":"way/680054772","properties":{"addr:housenumber":"603","addr:street":"Rua Narciso Sturlini","amenity":"place_of_worship","building":"yes","denomination":"neo-pentecostal","name":"Edificando em Cristo","religion":"christian","id":"way/680054772"},"geometry":{"type":"Polygon","coordinates":[[[-46.7738736,-23.544374],[-46.7738838,-23.5444556],[-46.77367,-23.5444673],[-46.7736598,-23.5443833],[-46.7738736,-23.544374]]]}},{"type":"Feature","id":"way/680054773","properties":{"addr:street":"Rua Narciso Sturlini","amenity":"fuel","building":"roof","fuel:etanol_comum":"yes","fuel:octane_87":"yes","name":"Auto Posto Faculdades","self_service":"no","id":"way/680054773"},"geometry":{"type":"Polygon","coordinates":[[[-46.7750177,-23.5464682],[-46.7749403,-23.5465128],[-46.7748426,-23.5463703],[-46.77492,-23.5463257],[-46.7750177,-23.5464682]]]}},{"type":"Feature","id":"way/681298283","properties":{"addr:city":"Osasco","addr:housenumber":"126","addr:street":"Rua Eclisio Viviani","addr:suburb":"Vila Campesina","building":"yes","government":"administrative","name":"Secretaria Municipal  de Educação","office":"government","id":"way/681298283"},"geometry":{"type":"Polygon","coordinates":[[[-46.7743316,-23.5423534],[-46.7743278,-23.5419681],[-46.7744228,-23.5419673],[-46.7744266,-23.5423527],[-46.7743316,-23.5423534]]]}},{"type":"Feature","id":"way/681301024","properties":{"addr:city":"Osasco","addr:street":"Avenida dos Autonomistas","addr:suburb":"Vila Yara","brand":"Petz","brand:wikidata":"Q28680851","building":"retail","name":"Petz","shop":"pet","id":"way/681301024"},"geometry":{"type":"Polygon","coordinates":[[[-46.7680629,-23.5413934],[-46.7683261,-23.5412415],[-46.7685918,-23.5415907],[-46.76835,-23.5417343],[-46.7680629,-23.5413934]]]}},{"type":"Feature","id":"way/681301624","properties":{"addr:city":"Osasco","addr:street":"Avenida dos Autonomistas","addr:suburb":"Vila Yara","amenity":"fast_food","brand":"McDonald's","brand:wikidata":"Q38076","brand:wikipedia":"en:McDonald's","building":"retail","cuisine":"burger","name":"McDonald's","takeaway":"yes","id":"way/681301624"},"geometry":{"type":"Polygon","coordinates":[[[-46.7696974,-23.5395911],[-46.7699383,-23.5394916],[-46.7699825,-23.5395793],[-46.7699356,-23.5395991],[-46.7699463,-23.539622],[-46.7697408,-23.5396899],[-46.7696974,-23.5395911]]]}},{"type":"Feature","id":"way/732205432","properties":{"addr:city":"Osasco","addr:housenumber":"492","addr:postcode":"06010-170","addr:street":"Avenida Hilário Pereira de Souza","alt_name":"Edifício  Jardins do Brasil","barrier":"wall","landuse":"residential","name":"Condomínio Jardins do Brasil","id":"way/732205432"},"geometry":{"type":"Polygon","coordinates":[[[-46.7697554,-23.5342333],[-46.7703809,-23.53564],[-46.7683209,-23.5364101],[-46.7676953,-23.5350032],[-46.7677928,-23.5349667],[-46.7685285,-23.5346918],[-46.7687235,-23.5346189],[-46.7689135,-23.534548],[-46.7696387,-23.5342769],[-46.7697554,-23.5342333]]]}},{"type":"Feature","id":"way/756332365","properties":{"leisure":"park","name":"Praça Manuel Julio Baltazar","id":"way/756332365"},"geometry":{"type":"Polygon","coordinates":[[[-46.7754557,-23.5474502],[-46.77554,-23.5475418],[-46.7755221,-23.547557],[-46.7754853,-23.5476009],[-46.7752854,-23.5474655],[-46.7752608,-23.5474542],[-46.7752599,-23.5474049],[-46.7752852,-23.5473529],[-46.7753324,-23.5473472],[-46.7754557,-23.5474502]]]}},{"type":"Feature","id":"way/756332366","properties":{"leisure":"park","id":"way/756332366"},"geometry":{"type":"Polygon","coordinates":[[[-46.7751886,-23.5447022],[-46.7751374,-23.5448589],[-46.7750388,-23.544748],[-46.7751886,-23.5447022]]]}},{"type":"Feature","id":"way/756332367","properties":{"leisure":"park","id":"way/756332367"},"geometry":{"type":"Polygon","coordinates":[[[-46.775493,-23.544481],[-46.7753582,-23.5444478],[-46.775498,-23.5442361],[-46.775493,-23.544481]]]}},{"type":"Feature","id":"way/758720408","properties":{"amenity":"place_of_worship","building":"yes","name":"Igreja Maria Goretti","religion":"christian","id":"way/758720408"},"geometry":{"type":"Polygon","coordinates":[[[-46.7788239,-23.5475566],[-46.7789476,-23.5477459],[-46.7788243,-23.5478179],[-46.7787416,-23.5477342],[-46.778688,-23.5476732],[-46.7786853,-23.5476503],[-46.7786934,-23.5476356],[-46.7787069,-23.5476189],[-46.7788239,-23.5475566]]]}},{"type":"Feature","id":"way/835605847","properties":{"addr:housenumber":"145","addr:postcode":"06060-010","addr:street":"Avenida Analice Sakatauskas","addr:suburb":"Vila Aliança","amenity":"clinic","building":"yes","healthcare":"clinic","healthcare:speciality":"general;gynaecology;paediatrics","name":"Unidade Básica de Saúde Santa Maria Goretti","opening_hours":"Mo-Fr 07:00-20:00; Sa,Su,PH off","operator:ref:vatin":"BR46523171000104","phone":"+55 11 3654 078","ref:CNES":"0008206","short_name":"UBS Santa Maria Goretti","id":"way/835605847"},"geometry":{"type":"Polygon","coordinates":[[[-46.7762269,-23.5481175],[-46.7764021,-23.5482788],[-46.7763753,-23.5483032],[-46.7763314,-23.5483266],[-46.7762744,-23.548284],[-46.7761931,-23.5482183],[-46.7761291,-23.5481336],[-46.7761503,-23.5481052],[-46.7762007,-23.5481432],[-46.7762269,-23.5481175]]]}},{"type":"Feature","id":"way/837879886","properties":{"building":"roof","id":"way/837879886"},"geometry":{"type":"Polygon","coordinates":[[[-46.7761805,-23.5519299],[-46.776171,-23.5521084],[-46.7760851,-23.5521232],[-46.7760957,-23.5519261],[-46.7761805,-23.5519299]]]}},{"type":"Feature","id":"way/909181766","properties":{"addr:city":"Osasco","addr:housenumber":"169","addr:postcode":"06018-160","addr:street":"Rua Alice Manholer Piteri","building":"yes","height":"70","name":"Edifício Itaparica","id":"way/909181766"},"geometry":{"type":"Polygon","coordinates":[[[-46.7748318,-23.5400771],[-46.7746777,-23.5400805],[-46.7746677,-23.5400731],[-46.774659,-23.5400627],[-46.7746558,-23.5400533],[-46.774653,-23.5399204],[-46.7746533,-23.5399049],[-46.7746615,-23.5398927],[-46.7746773,-23.5398858],[-46.7748247,-23.5398832],[-46.7748347,-23.5398865],[-46.7748446,-23.539898],[-46.7748522,-23.5399074],[-46.7748547,-23.5400538],[-46.7748511,-23.5400661],[-46.7748431,-23.5400752],[-46.7748318,-23.5400771]]]}},{"type":"Feature","id":"way/909181767","properties":{"leisure":"swimming_pool","id":"way/909181767"},"geometry":{"type":"Polygon","coordinates":[[[-46.7744683,-23.5399306],[-46.7744687,-23.5400044],[-46.7744902,-23.5400043],[-46.7744906,-23.540064],[-46.7744361,-23.5400643],[-46.7744352,-23.5399308],[-46.7744683,-23.5399306]]]}},{"type":"Feature","id":"way/909181778","properties":{"building":"yes","height":"50","id":"way/909181778"},"geometry":{"type":"Polygon","coordinates":[[[-46.7747214,-23.5396127],[-46.7747247,-23.5397329],[-46.7744606,-23.5397389],[-46.7744573,-23.5396188],[-46.7747214,-23.5396127]]]}},{"type":"Feature","id":"way/947213015","properties":{"building":"yes","id":"way/947213015"},"geometry":{"type":"Polygon","coordinates":[[[-46.7690875,-23.5427605],[-46.7691355,-23.542694],[-46.7692769,-23.5427799],[-46.7692289,-23.5428464],[-46.7690875,-23.5427605]]]}},{"type":"Feature","id":"way/947213016","properties":{"building":"yes","id":"way/947213016"},"geometry":{"type":"Polygon","coordinates":[[[-46.7676639,-23.5433351],[-46.7675824,-23.5432861],[-46.7676588,-23.5431792],[-46.7677404,-23.5432283],[-46.7676639,-23.5433351]]]}},{"type":"Feature","id":"way/947213017","properties":{"building":"yes","id":"way/947213017"},"geometry":{"type":"Polygon","coordinates":[[[-46.7684913,-23.5429795],[-46.7686346,-23.5430706],[-46.7685827,-23.5431392],[-46.7684394,-23.5430482],[-46.7684913,-23.5429795]]]}},{"type":"Feature","id":"way/947213018","properties":{"building":"yes","id":"way/947213018"},"geometry":{"type":"Polygon","coordinates":[[[-46.7679544,-23.543188],[-46.7680805,-23.5432563],[-46.7680501,-23.5433034],[-46.767924,-23.5432351],[-46.7679544,-23.543188]]]}},{"type":"Feature","id":"way/947213019","properties":{"building":"yes","id":"way/947213019"},"geometry":{"type":"Polygon","coordinates":[[[-46.7678894,-23.5433018],[-46.7679165,-23.543263],[-46.7680063,-23.5433155],[-46.7679792,-23.5433544],[-46.7678894,-23.5433018]]]}},{"type":"Feature","id":"way/947213020","properties":{"building":"yes","id":"way/947213020"},"geometry":{"type":"Polygon","coordinates":[[[-46.7678397,-23.5433579],[-46.7678681,-23.543318],[-46.7680057,-23.5434004],[-46.7679773,-23.5434402],[-46.7678397,-23.5433579]]]}},{"type":"Feature","id":"way/947213021","properties":{"building":"yes","id":"way/947213021"},"geometry":{"type":"Polygon","coordinates":[[[-46.7680384,-23.5431249],[-46.7680747,-23.5430606],[-46.7682062,-23.543123],[-46.7681699,-23.5431873],[-46.7680384,-23.5431249]]]}},{"type":"Feature","id":"way/947213022","properties":{"building":"yes","id":"way/947213022"},"geometry":{"type":"Polygon","coordinates":[[[-46.7681359,-23.5429743],[-46.7681785,-23.5428987],[-46.7683235,-23.5429674],[-46.7682808,-23.543043],[-46.7681359,-23.5429743]]]}},{"type":"Feature","id":"way/947213023","properties":{"building":"yes","id":"way/947213023"},"geometry":{"type":"Polygon","coordinates":[[[-46.7682486,-23.5428078],[-46.7682906,-23.5427335],[-46.7684038,-23.5427872],[-46.7683618,-23.5428615],[-46.7682486,-23.5428078]]]}},{"type":"Feature","id":"way/947213024","properties":{"building":"yes","id":"way/947213024"},"geometry":{"type":"Polygon","coordinates":[[[-46.7684111,-23.5425889],[-46.7684436,-23.5425311],[-46.7685485,-23.5425809],[-46.768516,-23.5426386],[-46.7684111,-23.5425889]]]}},{"type":"Feature","id":"way/947213025","properties":{"building":"yes","id":"way/947213025"},"geometry":{"type":"Polygon","coordinates":[[[-46.768499,-23.5424137],[-46.7685859,-23.5423546],[-46.7686548,-23.5424398],[-46.7685678,-23.5424989],[-46.768499,-23.5424137]]]}},{"type":"Feature","id":"way/947213026","properties":{"building":"yes","id":"way/947213026"},"geometry":{"type":"Polygon","coordinates":[[[-46.7686346,-23.5423594],[-46.7687074,-23.5423099],[-46.7688041,-23.5424295],[-46.7687313,-23.542479],[-46.7686346,-23.5423594]]]}},{"type":"Feature","id":"way/1032077095","properties":{"leisure":"park","id":"way/1032077095"},"geometry":{"type":"Polygon","coordinates":[[[-46.7774119,-23.5495207],[-46.7774356,-23.5495124],[-46.7775219,-23.5496289],[-46.7775661,-23.5496941],[-46.7774642,-23.5497334],[-46.7774119,-23.5495207]]]}},{"type":"Feature","id":"way/1058187606","properties":{"addr:city":"Osasco","addr:housenumber":"101","addr:postcode":"06020-194","addr:street":"Avenida Manoel Pedro Pimentel","addr:suburb":"Continental","landuse":"residential","name":"Condomínio Living Magic 1","residential":"apartments","id":"way/1058187606"},"geometry":{"type":"Polygon","coordinates":[[[-46.7621276,-23.5357412],[-46.7619011,-23.5366552],[-46.7621951,-23.5367171],[-46.7620634,-23.5371974],[-46.7615193,-23.5370858],[-46.7614483,-23.5361626],[-46.7615581,-23.5361812],[-46.7616232,-23.535928],[-46.761681,-23.5357028],[-46.761695,-23.5356483],[-46.7621276,-23.5357412]]]}},{"type":"Feature","id":"way/1058187753","properties":{"addr:city":"Osasco","addr:housenumber":"101","addr:postcode":"06020-194","addr:street":"Avenida Manoel Pedro Pimentel","addr:suburb":"Continental","building":"apartments","building:levels":"18","name":"Living Magic 1 - T1","id":"way/1058187753"},"geometry":{"type":"Polygon","coordinates":[[[-46.7618707,-23.5360665],[-46.7617693,-23.53646],[-46.76157,-23.5364104],[-46.7616646,-23.5360169],[-46.7618707,-23.5360665]]]}},{"type":"Feature","id":"way/1058187849","properties":{"addr:city":"Osasco","addr:housenumber":"101","addr:postcode":"06020-194","addr:street":"Avenida Manoel Pedro Pimentel","addr:suburb":"Continental","building":"yes","building:levels":"18","name":"Living Magic 1 - T2","id":"way/1058187849"},"geometry":{"type":"Polygon","coordinates":[[[-46.761766,-23.5365065],[-46.761668,-23.5369154],[-46.7614686,-23.5368783],[-46.76157,-23.5364631],[-46.761766,-23.5365065]]]}},{"type":"Feature","id":"way/1058188043","properties":{"addr:city":"Osasco","addr:housenumber":"101","addr:postcode":"06020-194","addr:street":"Avenida Manoel Pedro Pimentel","addr:suburb":"Continental","building":"apartments","building:levels":"18","name":"Living Magic 1 - T3","id":"way/1058188043"},"geometry":{"type":"Polygon","coordinates":[[[-46.7621512,-23.5367295],[-46.7620465,-23.5371354],[-46.7618538,-23.5370951],[-46.7619654,-23.5366955],[-46.7621512,-23.5367295]]]}},{"type":"Feature","id":"way/1058188251","properties":{"leisure":"swimming_pool","id":"way/1058188251"},"geometry":{"type":"Polygon","coordinates":[[[-46.7618653,-23.5357457],[-46.7618433,-23.535848],[-46.7618974,-23.5358573],[-46.7618839,-23.535927],[-46.7618518,-23.5359208],[-46.7618416,-23.5359704],[-46.761774,-23.5359564],[-46.7618197,-23.5357364],[-46.7618653,-23.5357457]]]}},{"type":"Feature","id":"way/1107223521","properties":{"leisure":"park","name":"Praça Osasco di Itália","id":"way/1107223521"},"geometry":{"type":"Polygon","coordinates":[[[-46.762737,-23.5448644],[-46.7624903,-23.5452701],[-46.7622139,-23.5452918],[-46.762611,-23.5448213],[-46.762737,-23.5448644]]]}},{"type":"Feature","id":"way/1144238426","properties":{"addr:city":"Osasco","addr:housenumber":"1473","addr:street":"Avenida dos Autonomistas","addr:suburb":"Vila Yara","brand":"Fiat","brand:wikidata":"Q27597","building":"retail","building:levels":"1","contact:website":"https://ventuno.com.br/?unidade=ventuno-osasco","name":"Fiat Ventuno","shop":"car","smoking":"outside","id":"way/1144238426"},"geometry":{"type":"Polygon","coordinates":[[[-46.7679515,-23.5415148],[-46.7677285,-23.5416867],[-46.7674985,-23.5414304],[-46.7677285,-23.5412552],[-46.7679515,-23.5415148]]]}},{"type":"Feature","id":"way/1144239472","properties":{"addr:city":"Osasco","addr:housenumber":"1325","addr:street":"Avenida dos Autonomistas","addr:suburb":"Vila Campesina","amenity":"university","name":"Faculdade Anhanguera Osasco","operator":"Anhanguera Educacional","operator:type":"private","website":"https://www.anhanguera.com/","id":"way/1144239472"},"geometry":{"type":"Polygon","coordinates":[[[-46.7682045,-23.5423375],[-46.7661119,-23.5438171],[-46.7653492,-23.5429548],[-46.7674535,-23.5414817],[-46.7682045,-23.5423375]]]}},{"type":"Feature","id":"way/1144239623","properties":{"addr:city":"Osasco","addr:housenumber":"1213","addr:postcode":"06028-015","addr:street":"Rua Deputado Emílio Carlos","addr:suburb":"Vila Campesina","landuse":"residential","name":"Edificio Marina","id":"way/1144239623"},"geometry":{"type":"Polygon","coordinates":[[[-46.7629801,-23.5460257],[-46.7627991,-23.5461634],[-46.7626113,-23.5459556],[-46.7625107,-23.5460712],[-46.7623578,-23.5459925],[-46.7625255,-23.5456778],[-46.7627722,-23.5457896],[-46.7629801,-23.5460257]]]}},{"type":"Feature","id":"way/1147626991","properties":{"addr:street":"Rua Narciso Sturlini","amenity":"restaurant","building":"yes","cuisine":"regional","name":"Frangão","id":"way/1147626991"},"geometry":{"type":"Polygon","coordinates":[[[-46.774217,-23.5422565],[-46.7740153,-23.5422656],[-46.7740114,-23.5421133],[-46.774213,-23.5421097],[-46.774217,-23.5422565]]]}},{"type":"Feature","id":"way/1147626992","properties":{"access":"customers","amenity":"parking","operator":"Frangão","operator:type":"private","parking":"surface","surface":"paved","id":"way/1147626992"},"geometry":{"type":"Polygon","coordinates":[[[-46.7741082,-23.5422782],[-46.7741142,-23.5423834],[-46.7740272,-23.5423852],[-46.7740311,-23.5422837],[-46.7741082,-23.5422782]]]}},{"type":"Feature","id":"way/1147631004","properties":{"addr:housenumber":"491","addr:street":"Rua Narciso Sturlini","addr:suburb":"Centro","amenity":"kindergarten","contact:mobile":"+55 11 98576 8527","education":"kindergarten","name":"Tic Tac Centro de Educação Infantil","phone":"+55 11 3682 7163","preschool":"yes","id":"way/1147631004"},"geometry":{"type":"Polygon","coordinates":[[[-46.7736353,-23.5433083],[-46.773837,-23.5432956],[-46.7738409,-23.5433808],[-46.7736353,-23.5433989],[-46.7736353,-23.5433083]]]}},{"type":"Feature","id":"way/1147631005","properties":{"addr:housenumber":"566","addr:postcode":"06018-090","addr:street":"Rua Narciso Sturlini","addr:suburb":"Centro","amenity":"school","education":"school","email":"colegioceus@colegioceus.com.br","name":"Colégio Ceus","opening_hours":"Mo-Fr 08:00-18:00; Sa,Su,PH off","phone":"+55 11 3682 9098","website":"https://colegioceus.com.br/","id":"way/1147631005"},"geometry":{"type":"Polygon","coordinates":[[[-46.7740954,-23.5435136],[-46.7743514,-23.5438425],[-46.7741003,-23.5438624],[-46.7740604,-23.543511],[-46.7740954,-23.5435136]]]}},{"type":"Feature","id":"way/1147639307","properties":{"addr:street":"Avenida Analice Sakatauskas","amenity":"restaurant","building":"yes","name":"Beer & Espetaria Paiol Urbano","outdoor_seating":"yes","smoking":"outside","id":"way/1147639307"},"geometry":{"type":"Polygon","coordinates":[[[-46.7760156,-23.5471719],[-46.7757778,-23.5474883],[-46.7757029,-23.5474226],[-46.775747,-23.5473632],[-46.775882,-23.5471808],[-46.7759048,-23.5472047],[-46.7759537,-23.5471271],[-46.7760156,-23.5471719]]]}},{"type":"Feature","id":"way/1147639308","properties":{"addr:housenumber":"48","addr:street":"Avenida Analice Sakatauskas","amenity":"restaurant","building":"yes","cuisine":"mexican","name":"El Puerto de México","id":"way/1147639308"},"geometry":{"type":"Polygon","coordinates":[[[-46.7758202,-23.547148],[-46.775882,-23.5471808],[-46.775747,-23.5473632],[-46.7756769,-23.5473301],[-46.7758202,-23.547148]]]}},{"type":"Feature","id":"way/1164000758","properties":{"building":"residential","building:colour":"beige","height":"60","id":"way/1164000758"},"geometry":{"type":"Polygon","coordinates":[[[-46.7682833,-23.5355737],[-46.7683294,-23.5356809],[-46.7683076,-23.5356887],[-46.7684001,-23.5359041],[-46.7684219,-23.5358962],[-46.7685028,-23.5360845],[-46.7683285,-23.5361474],[-46.7682475,-23.5359589],[-46.7682693,-23.535951],[-46.768177,-23.5357362],[-46.7681552,-23.5357441],[-46.768109,-23.5356367],[-46.7682833,-23.5355737]]]}},{"type":"Feature","id":"way/1164000759","properties":{"building":"residential","building:colour":"beige","height":"60","id":"way/1164000759"},"geometry":{"type":"Polygon","coordinates":[[[-46.769195,-23.535911],[-46.7690774,-23.5359523],[-46.769069,-23.5359322],[-46.7688337,-23.5360147],[-46.768842,-23.5360348],[-46.7687244,-23.536076],[-46.7686574,-23.5359154],[-46.7687751,-23.5358742],[-46.7687834,-23.5358942],[-46.7690188,-23.5358118],[-46.7690104,-23.5357917],[-46.7691281,-23.5357505],[-46.769195,-23.535911]]]}},{"type":"Feature","id":"way/1164000760","properties":{"leisure":"swimming_pool","id":"way/1164000760"},"geometry":{"type":"Polygon","coordinates":[[[-46.7698011,-23.5356199],[-46.7698217,-23.5357063],[-46.769838,-23.5357282],[-46.7698553,-23.5357381],[-46.7698629,-23.535754],[-46.7698661,-23.5357738],[-46.7698553,-23.5357887],[-46.7698325,-23.5358096],[-46.7697946,-23.5358334],[-46.7697762,-23.5357927],[-46.7698109,-23.5357768],[-46.7698228,-23.535757],[-46.7698174,-23.5357361],[-46.7698,-23.5357262],[-46.7697741,-23.5357113],[-46.7697437,-23.5356418],[-46.7698011,-23.5356199]]]}},{"type":"Feature","id":"way/1177998055","properties":{"building":"yes","height":"8","roof:colour":"silver","roof:shape":"gabled","id":"way/1177998055"},"geometry":{"type":"Polygon","coordinates":[[[-46.7677059,-23.5402004],[-46.7676338,-23.5402267],[-46.76689,-23.5404984],[-46.7668357,-23.5405182],[-46.7666913,-23.54019],[-46.7675377,-23.5398808],[-46.7677059,-23.5402004]]]}},{"type":"Feature","id":"way/1177998056","properties":{"building":"yes","height":"12","name":"Ifood","office":"company","roof:colour":"silver","roof:shape":"flat","id":"way/1177998056"},"geometry":{"type":"Polygon","coordinates":[[[-46.7676283,-23.5406649],[-46.7676914,-23.5408038],[-46.7671317,-23.5410096],[-46.7670742,-23.54087],[-46.7676283,-23.5406649]]]}},{"type":"Feature","id":"way/1177998057","properties":{"building":"yes","height":"12","id":"way/1177998057"},"geometry":{"type":"Polygon","coordinates":[[[-46.7670742,-23.54087],[-46.7671317,-23.5410096],[-46.7670528,-23.5410369],[-46.7669798,-23.5410621],[-46.7669561,-23.5410046],[-46.7669223,-23.5409226],[-46.7670742,-23.54087]]]}},{"type":"Feature","id":"way/1177998058","properties":{"building":"yes","height":"8","roof:colour":"silver","roof:shape":"gabled","id":"way/1177998058"},"geometry":{"type":"Polygon","coordinates":[[[-46.7669561,-23.5410046],[-46.7667294,-23.5410945],[-46.7666921,-23.5410082],[-46.7669223,-23.5409226],[-46.7669561,-23.5410046]]]}},{"type":"Feature","id":"way/1177998059","properties":{"building":"yes","height":"8","roof:colour":"silver","roof:shape":"gabled","id":"way/1177998059"},"geometry":{"type":"Polygon","coordinates":[[[-46.7669798,-23.5410621],[-46.7667524,-23.5411478],[-46.7667294,-23.5410945],[-46.7669561,-23.5410046],[-46.7669798,-23.5410621]]]}},{"type":"Feature","id":"way/1177998060","properties":{"building":"yes","height":"8","roof:colour":"silver","roof:shape":"gabled","id":"way/1177998060"},"geometry":{"type":"Polygon","coordinates":[[[-46.7670868,-23.5411155],[-46.7667875,-23.5412293],[-46.7667524,-23.5411478],[-46.7669798,-23.5410621],[-46.7670528,-23.5410369],[-46.7670868,-23.5411155]]]}},{"type":"Feature","id":"way/1177998061","properties":{"building":"yes","height":"8","roof:colour":"silver","roof:shape":"gabled","id":"way/1177998061"},"geometry":{"type":"Polygon","coordinates":[[[-46.7671199,-23.541192],[-46.7668188,-23.5413017],[-46.7667875,-23.5412293],[-46.7670868,-23.5411155],[-46.7671199,-23.541192]]]}},{"type":"Feature","id":"way/1177998062","properties":{"landuse":"forest","id":"way/1177998062"},"geometry":{"type":"Polygon","coordinates":[[[-46.767768,-23.5404658],[-46.7677323,-23.5404985],[-46.767723,-23.5405276],[-46.767723,-23.5405579],[-46.7677336,-23.5405785],[-46.7676661,-23.5405676],[-46.7676344,-23.5405628],[-46.7675735,-23.5405858],[-46.7675299,-23.5406258],[-46.7674889,-23.5406561],[-46.7674611,-23.5406537],[-46.76744,-23.5406489],[-46.7674069,-23.5406477],[-46.7673699,-23.5406683],[-46.7673209,-23.5407059],[-46.7672865,-23.540735],[-46.7672429,-23.5407556],[-46.7672072,-23.5407556],[-46.7671384,-23.5407532],[-46.7671014,-23.5407665],[-46.767063,-23.5408017],[-46.7670061,-23.5408004],[-46.7669836,-23.540814],[-46.7669693,-23.5408249],[-46.7669337,-23.5407409],[-46.7668357,-23.5405182],[-46.76689,-23.5404984],[-46.7676338,-23.5402267],[-46.767768,-23.5404658]]]}},{"type":"Feature","id":"way/1185530336","properties":{"addr:city":"Osasco","addr:housenumber":"257","addr:postcode":"06023-080","addr:street":"Rua Ana Pereira Melo","addr:suburb":"Vila Campesina","building":"retail","name":"Praça 256","id":"way/1185530336"},"geometry":{"type":"Polygon","coordinates":[[[-46.7671468,-23.5439449],[-46.7672272,-23.5441006],[-46.7671258,-23.5441479],[-46.7671208,-23.5441782],[-46.7671107,-23.5441757],[-46.767096,-23.5441704],[-46.767076,-23.5441597],[-46.767058,-23.5441439],[-46.7670488,-23.5441327],[-46.7670418,-23.5441193],[-46.7670338,-23.5441001],[-46.7670296,-23.5440844],[-46.7670318,-23.544078],[-46.7670433,-23.5440588],[-46.7671468,-23.5439449]]]}},{"type":"Feature","id":"way/1268488200","properties":{"building":"yes","building:levels":"16","id":"way/1268488200"},"geometry":{"type":"Polygon","coordinates":[[[-46.7629027,-23.5460488],[-46.7628246,-23.546107],[-46.7626681,-23.5459305],[-46.7627463,-23.5458722],[-46.7629027,-23.5460488]]]}},{"type":"Feature","id":"way/1268488203","properties":{"building":"yes","building:levels":"20","id":"way/1268488203"},"geometry":{"type":"Polygon","coordinates":[[[-46.769135,-23.5415246],[-46.7689394,-23.54164],[-46.7687928,-23.5414802],[-46.7690152,-23.5413358],[-46.769135,-23.5415246]]]}},{"type":"Feature","id":"way/1268488204","properties":{"building":"yes","building:levels":"20","id":"way/1268488204"},"geometry":{"type":"Polygon","coordinates":[[[-46.7695633,-23.5414462],[-46.7693677,-23.5415616],[-46.7692212,-23.5414019],[-46.7694436,-23.5412574],[-46.7695633,-23.5414462]]]}},{"type":"Feature","id":"way/1268488205","properties":{"building":"yes","building:levels":"20","id":"way/1268488205"},"geometry":{"type":"Polygon","coordinates":[[[-46.7704829,-23.5412111],[-46.7700671,-23.5415473],[-46.7699941,-23.5414714],[-46.7704099,-23.5411352],[-46.7704829,-23.5412111]]]}},{"type":"Feature","id":"way/1268488206","properties":{"natural":"scrub","id":"way/1268488206"},"geometry":{"type":"Polygon","coordinates":[[[-46.7706947,-23.5408998],[-46.770909,-23.5411002],[-46.7706989,-23.5411888],[-46.770577,-23.541052],[-46.7705833,-23.541],[-46.7706947,-23.5408998]]]}},{"type":"Feature","id":"way/1268488207","properties":{"building":"yes","building:levels":"20","id":"way/1268488207"},"geometry":{"type":"Polygon","coordinates":[[[-46.7714602,-23.5405776],[-46.7713179,-23.5406715],[-46.7712412,-23.5405738],[-46.7713834,-23.5404798],[-46.7714602,-23.5405776]]]}},{"type":"Feature","id":"way/1268488212","properties":{"building":"yes","building:levels":"20","id":"way/1268488212"},"geometry":{"type":"Polygon","coordinates":[[[-46.7769711,-23.5382799],[-46.7766556,-23.5383802],[-46.7765343,-23.5380596],[-46.7766532,-23.5380218],[-46.7767233,-23.5382072],[-46.7769199,-23.5381447],[-46.7769711,-23.5382799]]]}},{"type":"Feature","id":"way/1268488275","properties":{"building":"yes","building:levels":"15","id":"way/1268488275"},"geometry":{"type":"Polygon","coordinates":[[[-46.7692429,-23.5571078],[-46.7694118,-23.5571586],[-46.7692959,-23.5574824],[-46.769127,-23.5574316],[-46.7692429,-23.5571078]]]}},{"type":"Feature","id":"way/1268488278","properties":{"addr:city":"Osasco","addr:housenumber":"1284","addr:postcode":"06030-003","addr:street":"Avenida Martin Luther King","addr:suburb":"Umuarama","building":"residential","building:levels":"25","id":"way/1268488278"},"geometry":{"type":"Polygon","coordinates":[[[-46.7677411,-23.5584151],[-46.7677001,-23.5585911],[-46.7674365,-23.5585455],[-46.7674495,-23.5584818],[-46.7674734,-23.5583641],[-46.7675026,-23.5583697],[-46.7677411,-23.5584151]]]}},{"type":"Feature","id":"way/1268488279","properties":{"building":"yes","building:levels":"15","id":"way/1268488279"},"geometry":{"type":"Polygon","coordinates":[[[-46.7642051,-23.5545261],[-46.7642729,-23.5546424],[-46.764006,-23.5547731],[-46.7639382,-23.5546568],[-46.7642051,-23.5545261]]]}},{"type":"Feature","id":"way/1268488280","properties":{"building":"yes","building:levels":"15","id":"way/1268488280"},"geometry":{"type":"Polygon","coordinates":[[[-46.7648398,-23.5543852],[-46.7649077,-23.5545016],[-46.7646408,-23.5546323],[-46.764573,-23.554516],[-46.7648398,-23.5543852]]]}},{"type":"Feature","id":"way/1268488281","properties":{"building":"yes","building:levels":"15","id":"way/1268488281"},"geometry":{"type":"Polygon","coordinates":[[[-46.7654463,-23.5542703],[-46.7655141,-23.5543867],[-46.7652472,-23.5545174],[-46.7651794,-23.5544011],[-46.7654463,-23.5542703]]]}},{"type":"Feature","id":"way/1268488282","properties":{"building":"yes","building:levels":"15","id":"way/1268488282"},"geometry":{"type":"Polygon","coordinates":[[[-46.7659535,-23.5540335],[-46.7660768,-23.5541016],[-46.7659205,-23.5543392],[-46.7657973,-23.5542711],[-46.7659535,-23.5540335]]]}},{"type":"Feature","id":"way/1268488283","properties":{"building":"yes","building:levels":"15","id":"way/1268488283"},"geometry":{"type":"Polygon","coordinates":[[[-46.7663902,-23.553674],[-46.7665134,-23.5537421],[-46.7663571,-23.5539797],[-46.7662339,-23.5539116],[-46.7663902,-23.553674]]]}},{"type":"Feature","id":"way/1268488284","properties":{"building":"yes","building:levels":"15","id":"way/1268488284"},"geometry":{"type":"Polygon","coordinates":[[[-46.766653,-23.5531811],[-46.7667762,-23.5532492],[-46.7666199,-23.5534868],[-46.7664967,-23.5534187],[-46.766653,-23.5531811]]]}},{"type":"Feature","id":"way/1268488285","properties":{"building":"yes","building:levels":"15","id":"way/1268488285"},"geometry":{"type":"Polygon","coordinates":[[[-46.7667104,-23.5526413],[-46.7668538,-23.5526308],[-46.7668779,-23.5529073],[-46.7667345,-23.5529178],[-46.7667104,-23.5526413]]]}},{"type":"Feature","id":"way/1268488286","properties":{"building":"yes","building:levels":"15","id":"way/1268488286"},"geometry":{"type":"Polygon","coordinates":[[[-46.7634182,-23.554693],[-46.7635842,-23.5549779],[-46.7633703,-23.5550826],[-46.7632044,-23.5547976],[-46.7634182,-23.554693]]]}},{"type":"Feature","id":"way/1268488287","properties":{"building":"yes","building:levels":"15","id":"way/1268488287"},"geometry":{"type":"Polygon","coordinates":[[[-46.7629776,-23.554916],[-46.7631479,-23.5551853],[-46.7629452,-23.555293],[-46.762775,-23.5550236],[-46.7629776,-23.554916]]]}},{"type":"Feature","id":"way/1268488288","properties":{"building":"yes","building:levels":"15","id":"way/1268488288"},"geometry":{"type":"Polygon","coordinates":[[[-46.7623882,-23.5554537],[-46.7625139,-23.5553895],[-46.7626612,-23.5556318],[-46.7625355,-23.555696],[-46.7623882,-23.5554537]]]}},{"type":"Feature","id":"way/1268488289","properties":{"building":"yes","building:levels":"15","id":"way/1268488289"},"geometry":{"type":"Polygon","coordinates":[[[-46.762705,-23.5561253],[-46.7628436,-23.5561608],[-46.762762,-23.5564279],[-46.7626235,-23.5563924],[-46.762705,-23.5561253]]]}},{"type":"Feature","id":"way/1268488290","properties":{"building":"yes","building:levels":"15","id":"way/1268488290"},"geometry":{"type":"Polygon","coordinates":[[[-46.7616329,-23.5554281],[-46.7617586,-23.5553639],[-46.7619058,-23.5556063],[-46.7617802,-23.5556704],[-46.7616329,-23.5554281]]]}},{"type":"Feature","id":"way/1268488291","properties":{"building":"yes","building:levels":"15","id":"way/1268488291"},"geometry":{"type":"Polygon","coordinates":[[[-46.7619743,-23.5559103],[-46.7620382,-23.5557921],[-46.7623093,-23.5559154],[-46.7622454,-23.5560335],[-46.7619743,-23.5559103]]]}},{"type":"Feature","id":"way/1268488292","properties":{"building":"yes","building:levels":"15","id":"way/1268488292"},"geometry":{"type":"Polygon","coordinates":[[[-46.761156,-23.5556898],[-46.7612817,-23.5556256],[-46.761429,-23.5558679],[-46.7613033,-23.5559321],[-46.761156,-23.5556898]]]}},{"type":"Feature","id":"way/1268488293","properties":{"building":"yes","building:levels":"15","id":"way/1268488293"},"geometry":{"type":"Polygon","coordinates":[[[-46.7617338,-23.5561173],[-46.7618595,-23.5560531],[-46.7620068,-23.5562955],[-46.7618811,-23.5563597],[-46.7617338,-23.5561173]]]}},{"type":"Feature","id":"way/1268488300","properties":{"building":"yes","building:levels":"15","id":"way/1268488300"},"geometry":{"type":"Polygon","coordinates":[[[-46.7610227,-23.5493627],[-46.7611484,-23.5492985],[-46.7612957,-23.5495408],[-46.76117,-23.549605],[-46.7610227,-23.5493627]]]}},{"type":"Feature","id":"way/1276535927","properties":{"leisure":"pitch","name":"Beach Tennis","sport":"beachtennis","surface":"sand","id":"way/1276535927"},"geometry":{"type":"Polygon","coordinates":[[[-46.778302,-23.5533484],[-46.7784436,-23.5534798],[-46.778256,-23.5536825],[-46.7781445,-23.5534587],[-46.7780737,-23.5533403],[-46.7782011,-23.5532364],[-46.778302,-23.5533484]]]}},{"type":"Feature","id":"way/1303513873","properties":{"addr:housenumber":"2629","addr:postcode":"06090-020","addr:street":"Avenida dos Autonomistas","amenity":"clinic","building":"yes","healthcare":"clinic","name":"Unasco","opening_hours":"Mo-Fr 08:00-17:00; PH off","phone":"+55 11 3685 3847","website":"https://unasco.com.br/","id":"way/1303513873"},"geometry":{"type":"Polygon","coordinates":[[[-46.7783262,-23.5375048],[-46.7783656,-23.5376093],[-46.7782863,-23.5376344],[-46.7782469,-23.5375299],[-46.7783262,-23.5375048]]]}},{"type":"Feature","id":"way/1339702182","properties":{"building":"yes","id":"way/1339702182"},"geometry":{"type":"Polygon","coordinates":[[[-46.7682074,-23.5392838],[-46.7682403,-23.5393647],[-46.7681745,-23.5393996],[-46.7681901,-23.539444],[-46.7681503,-23.5394583],[-46.768133,-23.5394218],[-46.7681053,-23.5393314],[-46.7682074,-23.5392838]]]}},{"type":"Feature","id":"way/1356304914","properties":{"amenity":"bank","brand":"Itaú Unibanco","brand:wikidata":"Q1424293","building":"yes","height":"6","name":"Itaú","id":"way/1356304914"},"geometry":{"type":"Polygon","coordinates":[[[-46.7785668,-23.5367013],[-46.7786773,-23.537003],[-46.7786085,-23.5370242],[-46.7785985,-23.5369968],[-46.7785129,-23.5370231],[-46.7784125,-23.5367487],[-46.7785668,-23.5367013]]]}},{"type":"Feature","id":"way/1356685311","properties":{"building":"apartments","building:levels":"18","name":"Living Magic 2","id":"way/1356685311"},"geometry":{"type":"Polygon","coordinates":[[[-46.7626711,-23.5364113],[-46.7626392,-23.536554],[-46.762211,-23.5364664],[-46.7622534,-23.5363269],[-46.7626711,-23.5364113]]]}},{"type":"Feature","id":"way/1356685312","properties":{"building":"apartments","building:levels":"18","name":"Living Magic 2","id":"way/1356685312"},"geometry":{"type":"Polygon","coordinates":[[[-46.7623455,-23.5359537],[-46.762756,-23.5360446],[-46.7627206,-23.5361874],[-46.7623101,-23.5360965],[-46.7623455,-23.5359537]]]}},{"type":"Feature","id":"way/1356685313","properties":{"landuse":"residential","name":"Condominio Living Magic 2","id":"way/1356685313"},"geometry":{"type":"Polygon","coordinates":[[[-46.763202,-23.536077],[-46.7630356,-23.5367195],[-46.762349,-23.5365897],[-46.7623172,-23.5366806],[-46.7622358,-23.5366676],[-46.7621951,-23.5367171],[-46.7619011,-23.5366552],[-46.7621276,-23.5357412],[-46.7631205,-23.5359667],[-46.763202,-23.536077]]]}},{"type":"Feature","id":"way/1356685314","properties":{"building":"apartments","building:levels":"18","id":"way/1356685314"},"geometry":{"type":"Polygon","coordinates":[[[-46.7628303,-23.536103],[-46.7630356,-23.5361647],[-46.7629365,-23.5365605],[-46.7627383,-23.5365151],[-46.7628303,-23.536103]]]}},{"type":"Feature","id":"way/1356971097","properties":{"addr:city":"Osasco","addr:housenumber":"39","addr:postcode":"06016-010","addr:street":"Rua Padre Damaso","amenity":"parking","parking":"surface","id":"way/1356971097"},"geometry":{"type":"Polygon","coordinates":[[[-46.7763691,-23.537065],[-46.7764433,-23.5372623],[-46.7762259,-23.5372966],[-46.7762055,-23.5371211],[-46.7762548,-23.5371042],[-46.7763224,-23.537081],[-46.7763691,-23.537065]]]}},{"type":"Feature","id":"way/1356971098","properties":{"building":"roof","height":"3","layer":"1","roof:colour":"#bcbcbc","id":"way/1356971098"},"geometry":{"type":"Polygon","coordinates":[[[-46.7762548,-23.5371042],[-46.7762853,-23.5372389],[-46.7763753,-23.5372332],[-46.7763224,-23.537081],[-46.7763691,-23.537065],[-46.7764433,-23.5372623],[-46.7762259,-23.5372966],[-46.7762055,-23.5371211],[-46.7762548,-23.5371042]]]}},{"type":"Feature","id":"way/1356971099","properties":{"building":"hospital","height":"22","id":"way/1356971099"},"geometry":{"type":"Polygon","coordinates":[[[-46.7767935,-23.537024],[-46.776873,-23.537241],[-46.7767536,-23.5372778],[-46.7767228,-23.5371937],[-46.7767364,-23.5371895],[-46.7766918,-23.5370678],[-46.7766789,-23.5370717],[-46.7766748,-23.5370606],[-46.7767306,-23.5370434],[-46.7767191,-23.5370159],[-46.776745,-23.5370082],[-46.7767571,-23.5370352],[-46.7767935,-23.537024]]]}},{"type":"Feature","id":"way/1356971100","properties":{"building":"yes","height":"10","id":"way/1356971100"},"geometry":{"type":"Polygon","coordinates":[[[-46.7769312,-23.5369199],[-46.7770447,-23.5372255],[-46.7769558,-23.5372533],[-46.7769223,-23.5371632],[-46.7769128,-23.5371661],[-46.7769006,-23.5371333],[-46.7768869,-23.5371376],[-46.776819,-23.5369549],[-46.7769312,-23.5369199]]]}},{"type":"Feature","id":"way/1356971101","properties":{"addr:city":"Osasco","addr:housenumber":"2502","addr:postcode":"06090-010","addr:street":"Avenida dos Autonomistas","addr:suburb":"Centro","amenity":"hospital","healthcare":"hospital","name":"Hospital Cruzeiro do Sul","operator":"Norte Dame Intermedica","operator:type":"private","ref:CNES":"2079887","ref:vatin":"BR44649812026013","id":"way/1356971101"},"geometry":{"type":"Polygon","coordinates":[[[-46.7766484,-23.5369776],[-46.7767566,-23.5369435],[-46.7769224,-23.5368911],[-46.7769312,-23.5369199],[-46.7770447,-23.5372255],[-46.7769558,-23.5372533],[-46.7769711,-23.5372949],[-46.7770665,-23.5375535],[-46.777081,-23.537593],[-46.776954,-23.5376325],[-46.7769053,-23.5376477],[-46.7767219,-23.5377048],[-46.7765773,-23.5373351],[-46.7767536,-23.5372778],[-46.7767228,-23.5371937],[-46.7766789,-23.5370717],[-46.7766484,-23.5369776]]]}},{"type":"Feature","id":"way/1356971102","properties":{"building":"yes","height":"30","id":"way/1356971102"},"geometry":{"type":"Polygon","coordinates":[[[-46.7769693,-23.5372986],[-46.7770616,-23.5375513],[-46.7769106,-23.5375976],[-46.7768179,-23.5373439],[-46.7768434,-23.5373361],[-46.7768342,-23.5373108],[-46.776925,-23.537283],[-46.7769346,-23.5373093],[-46.7769693,-23.5372986]]]}},{"type":"Feature","id":"way/1356971103","properties":{"building":"hospital","height":"27","id":"way/1356971103"},"geometry":{"type":"Polygon","coordinates":[[[-46.7768508,-23.5364568],[-46.7769581,-23.5367274],[-46.7767573,-23.5367893],[-46.7766535,-23.5365187],[-46.7768508,-23.5364568]]]}},{"type":"Feature","id":"way/1356971104","properties":{"addr:city":"Osasco","addr:housenumber":"100","addr:postcode":"06016-010","addr:street":"Rua Padre Damaso","amenity":"hospital","healthcare":"hospital","name":"Hospital São Francisco","id":"way/1356971104"},"geometry":{"type":"Polygon","coordinates":[[[-46.776477,-23.5365306],[-46.7770395,-23.5363521],[-46.7771649,-23.5366917],[-46.7768833,-23.5367845],[-46.7768779,-23.5367863],[-46.7766016,-23.5368773],[-46.776477,-23.5365306]]]}},{"type":"Feature","id":"way/1356973709","properties":{"barrier":"kerb","height":"0,50","landuse":"grass","id":"way/1356973709"},"geometry":{"type":"Polygon","coordinates":[[[-46.7804286,-23.5366375],[-46.7805537,-23.5365995],[-46.7805841,-23.5365894],[-46.7806167,-23.5365783],[-46.7806251,-23.5365792],[-46.7806276,-23.5365841],[-46.7806266,-23.5365879],[-46.7805931,-23.5366],[-46.7805622,-23.5366105],[-46.7804335,-23.5366513],[-46.7785594,-23.5372395],[-46.7785553,-23.5372277],[-46.7804286,-23.5366375]]]}},{"type":"Feature","id":"way/1377956771","properties":{"addr:city":"Osasco","addr:housenumber":"201","addr:street":"Rua Machado de Assis","building":"yes","building:colour":"#dadada","height":"45","name":"Edifício Spot","roof:colour":"#8c8c8c","id":"way/1377956771"},"geometry":{"type":"Polygon","coordinates":[[[-46.775566,-23.5424456],[-46.7754925,-23.5425272],[-46.7754507,-23.5424956],[-46.7754298,-23.5424797],[-46.775439,-23.5424695],[-46.7753972,-23.5424379],[-46.775388,-23.5424481],[-46.7753671,-23.5424323],[-46.7753253,-23.5424006],[-46.7753988,-23.5423191],[-46.7754406,-23.5423507],[-46.7754615,-23.5423665],[-46.7754523,-23.5423767],[-46.7754941,-23.5424083],[-46.7755033,-23.5423981],[-46.7755242,-23.542414],[-46.775566,-23.5424456]]]}},{"type":"Feature","id":"way/1377956772","properties":{"building":"yes","building:colour":"#dadada","height":"48","roof:colour":"#8c8c8c","id":"way/1377956772"},"geometry":{"type":"Polygon","coordinates":[[[-46.775455,-23.5424517],[-46.7754133,-23.54242],[-46.7754523,-23.5423767],[-46.7754941,-23.5424083],[-46.775455,-23.5424517]]]}},{"type":"Feature","id":"way/1377956773","properties":{"leisure":"swimming_pool","id":"way/1377956773"},"geometry":{"type":"Polygon","coordinates":[[[-46.7756867,-23.5425055],[-46.7756585,-23.5425356],[-46.7756062,-23.5424932],[-46.7755888,-23.5425098],[-46.77557,-23.5424975],[-46.7756149,-23.5424477],[-46.7756867,-23.5425055]]]}},{"type":"Feature","id":"way/1377956776","properties":{"leisure":"swimming_pool","id":"way/1377956776"},"geometry":{"type":"Polygon","coordinates":[[[-46.7757372,-23.5426514],[-46.7756583,-23.5425967],[-46.7756856,-23.5425615],[-46.7756988,-23.542568],[-46.7756937,-23.5425833],[-46.7756982,-23.542594],[-46.7757084,-23.5426009],[-46.775719,-23.5426051],[-46.7757321,-23.5426014],[-46.7757392,-23.5425949],[-46.7757442,-23.5425926],[-46.7757513,-23.5425926],[-46.7757569,-23.5425972],[-46.7757599,-23.5426014],[-46.7757589,-23.542612],[-46.7757665,-23.5426199],[-46.7757372,-23.5426514]]]}},{"type":"Feature","id":"way/1377956777","properties":{"leisure":"swimming_pool","id":"way/1377956777"},"geometry":{"type":"Polygon","coordinates":[[[-46.7757286,-23.5425717],[-46.7757311,-23.5425751],[-46.7757323,-23.5425789],[-46.7757322,-23.542583],[-46.7757306,-23.5425868],[-46.7757279,-23.54259],[-46.7757242,-23.5425922],[-46.77572,-23.5425933],[-46.7757151,-23.542593],[-46.7757107,-23.5425912],[-46.7757072,-23.5425881],[-46.775705,-23.5425842],[-46.7757045,-23.5425797],[-46.7757056,-23.5425754],[-46.7757083,-23.5425717],[-46.7757122,-23.5425691],[-46.7757164,-23.5425679],[-46.7757209,-23.5425679],[-46.775725,-23.5425693],[-46.7757286,-23.5425717]]]}},{"type":"Feature","id":"way/1377956778","properties":{"leisure":"pitch","sport":"basketball","id":"way/1377956778"},"geometry":{"type":"Polygon","coordinates":[[[-46.775724,-23.5426744],[-46.775612,-23.5428004],[-46.7755337,-23.5427418],[-46.7756457,-23.5426158],[-46.775724,-23.5426744]]]}},{"type":"Feature","id":"way/1377956779","properties":{"addr:city":"Osasco","addr:housenumber":"1955","addr:street":"Avenida Santo Antônio","building":"yes","building:colour":"beige","height":"45","name":"Edifico Piazza Navona","roof:colour":"#e9e9e9","id":"way/1377956779"},"geometry":{"type":"Polygon","coordinates":[[[-46.7759194,-23.5427932],[-46.7759004,-23.5428146],[-46.7759118,-23.5428231],[-46.7758953,-23.5428417],[-46.7758848,-23.5428339],[-46.7758525,-23.5428702],[-46.7758633,-23.5428783],[-46.7758437,-23.5429003],[-46.7758325,-23.542892],[-46.7758175,-23.5429088],[-46.7757701,-23.5428734],[-46.775783,-23.5428589],[-46.7757497,-23.542834],[-46.7757369,-23.5428484],[-46.7756903,-23.5428136],[-46.7757075,-23.5427943],[-46.7756962,-23.5427859],[-46.7757136,-23.5427663],[-46.7757225,-23.542773],[-46.7757547,-23.5427367],[-46.7757459,-23.5427301],[-46.7757643,-23.5427094],[-46.7757738,-23.5427165],[-46.7757909,-23.5426972],[-46.7758395,-23.5427335],[-46.7758267,-23.542748],[-46.7758587,-23.542772],[-46.7758715,-23.5427575],[-46.7759194,-23.5427932]]]}},{"type":"Feature","id":"way/1377956780","properties":{"building":"yes","building:colour":"beige","height":"48","roof:colour":"#e9e9e9","id":"way/1377956780"},"geometry":{"type":"Polygon","coordinates":[[[-46.7758061,-23.5427712],[-46.7758378,-23.5427956],[-46.775783,-23.5428589],[-46.7757497,-23.542834],[-46.7758061,-23.5427712]]]}},{"type":"Feature","id":"way/1377956785","properties":{"addr:city":"Osasco","addr:housenumber":"225","addr:street":"Rua Machado de Assis","building":"yes","height":"60","name":"Varandas Residencial Clube","roof:colour":"#dbdbdb","roof:shape":"flat","id":"way/1377956785"},"geometry":{"type":"Polygon","coordinates":[[[-46.7758048,-23.5419587],[-46.775851,-23.5420054],[-46.7758436,-23.5420116],[-46.7758436,-23.5420252],[-46.7758523,-23.5420307],[-46.7758684,-23.5420276],[-46.7759042,-23.5420652],[-46.7758591,-23.5421013],[-46.7758731,-23.542116],[-46.7758014,-23.5421735],[-46.7757855,-23.5421569],[-46.775685,-23.5422377],[-46.7756721,-23.5422243],[-46.7756353,-23.542254],[-46.7755915,-23.5422085],[-46.7756141,-23.5421902],[-46.7756036,-23.5421793],[-46.7755692,-23.5422074],[-46.7755117,-23.5421484],[-46.7755546,-23.5421132],[-46.7755464,-23.5421049],[-46.7756389,-23.5420283],[-46.7756625,-23.5420522],[-46.775754,-23.5419763],[-46.7757674,-23.5419898],[-46.7758048,-23.5419587]]]}},{"type":"Feature","id":"way/1377956786","properties":{"building":"yes","height":"64","roof:colour":"#dbdbdb","roof:shape":"flat","id":"way/1377956786"},"geometry":{"type":"Polygon","coordinates":[[[-46.7757934,-23.5420724],[-46.775808,-23.5420885],[-46.7757434,-23.5421376],[-46.775732,-23.542125],[-46.7756878,-23.5421587],[-46.7756582,-23.542126],[-46.7756684,-23.5421183],[-46.7756724,-23.5421227],[-46.7757028,-23.5420996],[-46.7757001,-23.5420928],[-46.7757081,-23.5420867],[-46.7757115,-23.5420905],[-46.7757494,-23.5420616],[-46.7757731,-23.5420878],[-46.7757934,-23.5420724]]]}},{"type":"Feature","id":"way/1377956787","properties":{"garden:type":"residential","leisure":"garden","id":"way/1377956787"},"geometry":{"type":"Polygon","coordinates":[[[-46.7758265,-23.5418994],[-46.7756759,-23.5420209],[-46.7756619,-23.5420104],[-46.7756389,-23.5420283],[-46.7755464,-23.5421049],[-46.7754724,-23.5421688],[-46.7754521,-23.5421508],[-46.7755329,-23.542078],[-46.7756271,-23.5419947],[-46.7757139,-23.5419249],[-46.7757847,-23.5418776],[-46.7758008,-23.5418668],[-46.7758265,-23.5418994]]]}},{"type":"Feature","id":"way/1377956790","properties":{"leisure":"pitch","id":"way/1377956790"},"geometry":{"type":"Polygon","coordinates":[[[-46.7760449,-23.5421946],[-46.7759349,-23.5422794],[-46.7758805,-23.5422202],[-46.7759906,-23.5421354],[-46.7760449,-23.5421946]]]}},{"type":"Feature","id":"way/1377956791","properties":{"leisure":"swimming_pool","id":"way/1377956791"},"geometry":{"type":"Polygon","coordinates":[[[-46.7757631,-23.5422607],[-46.7758321,-23.5423346],[-46.7758054,-23.5423555],[-46.7757364,-23.5422817],[-46.7757631,-23.5422607]]]}},{"type":"Feature","id":"way/1377956792","properties":{"leisure":"swimming_pool","id":"way/1377956792"},"geometry":{"type":"Polygon","coordinates":[[[-46.7759039,-23.5422871],[-46.7758753,-23.5423097],[-46.7758432,-23.5422754],[-46.7758719,-23.5422529],[-46.7759039,-23.5422871]]]}},{"type":"Feature","id":"way/1378656525","properties":{"natural":"water","id":"way/1378656525"},"geometry":{"type":"Polygon","coordinates":[[[-46.7672301,-23.554698],[-46.767186,-23.554707],[-46.7671271,-23.554707],[-46.7671075,-23.5546891],[-46.7670977,-23.5546561],[-46.7670912,-23.5545992],[-46.7671043,-23.5545572],[-46.7671533,-23.5544943],[-46.767302,-23.554343],[-46.7675079,-23.5541228],[-46.7675977,-23.5540405],[-46.7676647,-23.554009],[-46.7677121,-23.554018],[-46.7677252,-23.5540516],[-46.767717,-23.5541049],[-46.7676533,-23.5542172],[-46.7675667,-23.554358],[-46.7674752,-23.5544838],[-46.767427,-23.554539],[-46.7673657,-23.5545962],[-46.7673134,-23.5546441],[-46.7672758,-23.5546741],[-46.7672301,-23.554698]]]}},{"type":"Feature","id":"way/1378814684","properties":{"building":"commercial","id":"way/1378814684"},"geometry":{"type":"Polygon","coordinates":[[[-46.7635106,-23.5425618],[-46.7635182,-23.542703],[-46.7631148,-23.5427215],[-46.7631071,-23.5425802],[-46.7635106,-23.5425618]]]}},{"type":"Feature","id":"way/1378814685","properties":{"building":"commercial","id":"way/1378814685"},"geometry":{"type":"Polygon","coordinates":[[[-46.7629909,-23.5425856],[-46.7629971,-23.5427337],[-46.762587,-23.542748],[-46.7625808,-23.5426],[-46.7629909,-23.5425856]]]}},{"type":"Feature","id":"way/1378814686","properties":{"landuse":"residential","residential":"apartments","id":"way/1378814686"},"geometry":{"type":"Polygon","coordinates":[[[-46.7629238,-23.537465],[-46.7627441,-23.5382317],[-46.7615986,-23.5383052],[-46.7615628,-23.5375667],[-46.7629238,-23.537465]]]}},{"type":"Feature","id":"way/1378814727","properties":{"landuse":"residential","residential":"apartments","id":"way/1378814727"},"geometry":{"type":"Polygon","coordinates":[[[-46.7634923,-23.554474],[-46.7638906,-23.5550518],[-46.7635507,-23.5552097],[-46.763476,-23.5553213],[-46.7632062,-23.5556024],[-46.7630902,-23.5556855],[-46.7628697,-23.5557771],[-46.7624582,-23.5549991],[-46.7631573,-23.5546451],[-46.7634923,-23.554474]]]}},{"type":"Feature","id":"way/1378814729","properties":{"leisure":"park","id":"way/1378814729"},"geometry":{"type":"Polygon","coordinates":[[[-46.7674635,-23.5588767],[-46.7672691,-23.5596932],[-46.7671606,-23.5602471],[-46.7669311,-23.5602029],[-46.7667343,-23.5600526],[-46.7666359,-23.5598262],[-46.7666398,-23.5596406],[-46.7667768,-23.5591101],[-46.7669905,-23.5590173],[-46.7674635,-23.5588767]]]}},{"type":"Feature","id":"way/1378823554","properties":{"access":"private","leisure":"pitch","sport":"tennis","id":"way/1378823554"},"geometry":{"type":"Polygon","coordinates":[[[-46.7685217,-23.5569824],[-46.7684573,-23.5571767],[-46.7683622,-23.5571502],[-46.7684266,-23.556956],[-46.7685217,-23.5569824]]]}},{"type":"Feature","id":"way/1378823556","properties":{"access":"private","leisure":"swimming_pool","id":"way/1378823556"},"geometry":{"type":"Polygon","coordinates":[[[-46.7681559,-23.5580582],[-46.7681098,-23.5582782],[-46.7680648,-23.5582703],[-46.768111,-23.5580503],[-46.7681559,-23.5580582]]]}},{"type":"Feature","id":"way/1378823557","properties":{"access":"private","leisure":"swimming_pool","id":"way/1378823557"},"geometry":{"type":"Polygon","coordinates":[[[-46.7680807,-23.5583335],[-46.7680806,-23.5583268],[-46.7680829,-23.5583205],[-46.7680873,-23.5583153],[-46.7680933,-23.5583116],[-46.7681002,-23.5583099],[-46.7681075,-23.5583103],[-46.7681141,-23.5583129],[-46.7681196,-23.5583174],[-46.7681231,-23.5583232],[-46.7681244,-23.5583297],[-46.7681233,-23.5583363],[-46.7681199,-23.5583422],[-46.7681146,-23.5583468],[-46.7681079,-23.5583495],[-46.7681007,-23.5583501],[-46.7680936,-23.5583485],[-46.7680876,-23.5583449],[-46.7680831,-23.5583397],[-46.7680807,-23.5583335]]]}},{"type":"Feature","id":"way/1378823558","properties":{"leisure":"pitch","sport":"futsal;basketball","id":"way/1378823558"},"geometry":{"type":"Polygon","coordinates":[[[-46.7679486,-23.5583469],[-46.7681422,-23.5583811],[-46.7681242,-23.5584668],[-46.7679306,-23.5584326],[-46.7679486,-23.5583469]]]}},{"type":"Feature","id":"way/1378823562","properties":{"building":"house","id":"way/1378823562"},"geometry":{"type":"Polygon","coordinates":[[[-46.7678464,-23.5585616],[-46.7678285,-23.5586712],[-46.7677427,-23.5586594],[-46.7677605,-23.5585499],[-46.7678464,-23.5585616]]]}},{"type":"Feature","id":"way/1378823563","properties":{"building":"house","id":"way/1378823563"},"geometry":{"type":"Polygon","coordinates":[[[-46.7679523,-23.5585756],[-46.7679344,-23.5586852],[-46.7678486,-23.5586734],[-46.7678664,-23.5585639],[-46.7679523,-23.5585756]]]}},{"type":"Feature","id":"way/1378823564","properties":{"building":"house","id":"way/1378823564"},"geometry":{"type":"Polygon","coordinates":[[[-46.7683818,-23.5587288],[-46.7683398,-23.5588091],[-46.7681682,-23.5587335],[-46.7682103,-23.5586533],[-46.7683818,-23.5587288]]]}},{"type":"Feature","id":"way/1378823566","properties":{"building":"house","id":"way/1378823566"},"geometry":{"type":"Polygon","coordinates":[[[-46.7686853,-23.5588594],[-46.7686166,-23.5589563],[-46.7685344,-23.5589074],[-46.7686031,-23.5588104],[-46.7686853,-23.5588594]]]}},{"type":"Feature","id":"way/1378823616","properties":{"building":"yes","office":"company","id":"way/1378823616"},"geometry":{"type":"Polygon","coordinates":[[[-46.7702444,-23.5538912],[-46.7703821,-23.5539988],[-46.7699803,-23.5544303],[-46.7698428,-23.5543227],[-46.7702444,-23.5538912]]]}},{"type":"Feature","id":"way/1378823617","properties":{"building":"yes","office":"company","id":"way/1378823617"},"geometry":{"type":"Polygon","coordinates":[[[-46.7705922,-23.5538455],[-46.7707301,-23.5539537],[-46.7705312,-23.5541666],[-46.7703933,-23.5540584],[-46.7705922,-23.5538455]]]}},{"type":"Feature","id":"way/1378823618","properties":{"building":"yes","office":"company","id":"way/1378823618"},"geometry":{"type":"Polygon","coordinates":[[[-46.7705914,-23.5541621],[-46.7708583,-23.5543834],[-46.7705339,-23.5547385],[-46.7702577,-23.5545264],[-46.7705914,-23.5541621]]]}},{"type":"Feature","id":"way/1378823621","properties":{"brand":"Assaí Atacadista","brand:wikidata":"Q28679415","building":"yes","name":"Assaí Atacadista","shop":"supermarket","id":"way/1378823621"},"geometry":{"type":"Polygon","coordinates":[[[-46.7696641,-23.540398],[-46.7700201,-23.5412465],[-46.7696512,-23.5413765],[-46.7692953,-23.5405281],[-46.7696641,-23.540398]]]}},{"type":"Feature","id":"way/1378823622","properties":{"amenity":"fuel","building":"roof","height":"5,5","layer":"1","id":"way/1378823622"},"geometry":{"type":"Polygon","coordinates":[[[-46.7723515,-23.5397382],[-46.7722403,-23.5399746],[-46.7720783,-23.5399105],[-46.7721896,-23.5396741],[-46.7723515,-23.5397382]]]}},{"type":"Feature","id":"way/1378902114","properties":{"building":"house","id":"way/1378902114"},"geometry":{"type":"Polygon","coordinates":[[[-46.7726079,-23.5590175],[-46.7725811,-23.5590938],[-46.7723655,-23.5590301],[-46.7724268,-23.5588556],[-46.7725005,-23.5588773],[-46.7724842,-23.5589237],[-46.7725767,-23.558951],[-46.7725585,-23.5590029],[-46.7726079,-23.5590175]]]}},{"type":"Feature","id":"way/1378902162","properties":{"building":"house","id":"way/1378902162"},"geometry":{"type":"Polygon","coordinates":[[[-46.7720697,-23.5565846],[-46.772038,-23.5566736],[-46.7718187,-23.556608],[-46.7718504,-23.556519],[-46.7720697,-23.5565846]]]}},{"type":"Feature","id":"way/1378902163","properties":{"building":"house","id":"way/1378902163"},"geometry":{"type":"Polygon","coordinates":[[[-46.7720318,-23.5566839],[-46.7720001,-23.5567729],[-46.7717808,-23.5567073],[-46.7718125,-23.5566183],[-46.7720318,-23.5566839]]]}},{"type":"Feature","id":"way/1378902164","properties":{"building":"house","id":"way/1378902164"},"geometry":{"type":"Polygon","coordinates":[[[-46.7720009,-23.5567864],[-46.7719692,-23.5568754],[-46.7717499,-23.5568098],[-46.7717816,-23.5567208],[-46.7720009,-23.5567864]]]}},{"type":"Feature","id":"way/1378902165","properties":{"building":"house","id":"way/1378902165"},"geometry":{"type":"Polygon","coordinates":[[[-46.771963,-23.5568921],[-46.7719313,-23.5569811],[-46.771712,-23.5569155],[-46.7717437,-23.5568265],[-46.771963,-23.5568921]]]}},{"type":"Feature","id":"way/1378902166","properties":{"building":"house","id":"way/1378902166"},"geometry":{"type":"Polygon","coordinates":[[[-46.7719252,-23.556993],[-46.7718935,-23.557082],[-46.7716742,-23.5570164],[-46.7717059,-23.5569274],[-46.7719252,-23.556993]]]}},{"type":"Feature","id":"way/1378902167","properties":{"building":"house","id":"way/1378902167"},"geometry":{"type":"Polygon","coordinates":[[[-46.7718856,-23.5570908],[-46.7718539,-23.5571798],[-46.7716346,-23.5571142],[-46.7716663,-23.5570252],[-46.7718856,-23.5570908]]]}},{"type":"Feature","id":"way/1378902171","properties":{"building":"house","id":"way/1378902171"},"geometry":{"type":"Polygon","coordinates":[[[-46.7727555,-23.5563075],[-46.7727238,-23.5563965],[-46.7725045,-23.5563309],[-46.7725362,-23.5562419],[-46.7727555,-23.5563075]]]}},{"type":"Feature","id":"way/1378902172","properties":{"building":"house","id":"way/1378902172"},"geometry":{"type":"Polygon","coordinates":[[[-46.772719,-23.5564185],[-46.7726873,-23.5565075],[-46.772468,-23.5564419],[-46.7724997,-23.5563529],[-46.772719,-23.5564185]]]}},{"type":"Feature","id":"way/1378902173","properties":{"building":"house","id":"way/1378902173"},"geometry":{"type":"Polygon","coordinates":[[[-46.7726664,-23.5565191],[-46.7726347,-23.5566081],[-46.7724154,-23.5565425],[-46.7724471,-23.5564535],[-46.7726664,-23.5565191]]]}},{"type":"Feature","id":"way/1378902174","properties":{"building":"house","id":"way/1378902174"},"geometry":{"type":"Polygon","coordinates":[[[-46.7726321,-23.5566322],[-46.7726004,-23.5567212],[-46.7723811,-23.5566556],[-46.7724128,-23.5565666],[-46.7726321,-23.5566322]]]}},{"type":"Feature","id":"way/1378902175","properties":{"building":"house","id":"way/1378902175"},"geometry":{"type":"Polygon","coordinates":[[[-46.7725841,-23.5567307],[-46.7725524,-23.5568197],[-46.7723331,-23.5567541],[-46.7723648,-23.5566651],[-46.7725841,-23.5567307]]]}},{"type":"Feature","id":"way/1378902176","properties":{"building":"house","id":"way/1378902176"},"geometry":{"type":"Polygon","coordinates":[[[-46.7725302,-23.5568339],[-46.7724623,-23.5570277],[-46.7723261,-23.5569876],[-46.7723439,-23.5569368],[-46.7723886,-23.5569499],[-46.7724114,-23.5568847],[-46.7723104,-23.5568549],[-46.7723377,-23.5567771],[-46.7725302,-23.5568339]]]}},{"type":"Feature","id":"way/1378902177","properties":{"building":"house","id":"way/1378902177"},"geometry":{"type":"Polygon","coordinates":[[[-46.7724832,-23.5570442],[-46.7724515,-23.5571332],[-46.7722322,-23.5570676],[-46.7722639,-23.5569786],[-46.7724832,-23.5570442]]]}},{"type":"Feature","id":"way/1378902178","properties":{"building":"house","id":"way/1378902178"},"geometry":{"type":"Polygon","coordinates":[[[-46.7723969,-23.5572487],[-46.7723652,-23.5573377],[-46.7721459,-23.5572721],[-46.7721776,-23.5571831],[-46.7723969,-23.5572487]]]}},{"type":"Feature","id":"way/1378902179","properties":{"building":"house","id":"way/1378902179"},"geometry":{"type":"Polygon","coordinates":[[[-46.7723746,-23.5573524],[-46.7723429,-23.5574414],[-46.7721236,-23.5573758],[-46.7721553,-23.5572868],[-46.7723746,-23.5573524]]]}},{"type":"Feature","id":"way/1378902183","properties":{"building":"house","id":"way/1378902183"},"geometry":{"type":"Polygon","coordinates":[[[-46.772629,-23.5574288],[-46.7725973,-23.5575178],[-46.772378,-23.5574522],[-46.7724097,-23.5573632],[-46.772629,-23.5574288]]]}},{"type":"Feature","id":"way/1378902184","properties":{"building":"house","id":"way/1378902184"},"geometry":{"type":"Polygon","coordinates":[[[-46.7725858,-23.5575379],[-46.7725541,-23.5576269],[-46.7723348,-23.5575613],[-46.7723665,-23.5574723],[-46.7725858,-23.5575379]]]}},{"type":"Feature","id":"way/1378902185","properties":{"building":"house","id":"way/1378902185"},"geometry":{"type":"Polygon","coordinates":[[[-46.7725471,-23.5576442],[-46.7725154,-23.5577332],[-46.7722961,-23.5576676],[-46.7723278,-23.5575786],[-46.7725471,-23.5576442]]]}},{"type":"Feature","id":"way/1378902189","properties":{"building":"house","id":"way/1378902189"},"geometry":{"type":"Polygon","coordinates":[[[-46.7726924,-23.5572351],[-46.7726607,-23.5573241],[-46.7724414,-23.5572585],[-46.7724731,-23.5571695],[-46.7726924,-23.5572351]]]}},{"type":"Feature","id":"way/1378902190","properties":{"building":"house","id":"way/1378902190"},"geometry":{"type":"Polygon","coordinates":[[[-46.7727305,-23.5571199],[-46.7726988,-23.5572089],[-46.7724795,-23.5571433],[-46.7725112,-23.5570543],[-46.7727305,-23.5571199]]]}},{"type":"Feature","id":"way/1378902191","properties":{"building":"house","id":"way/1378902191"},"geometry":{"type":"Polygon","coordinates":[[[-46.7727686,-23.5570151],[-46.7727369,-23.5571041],[-46.7725176,-23.5570385],[-46.7725493,-23.5569495],[-46.7727686,-23.5570151]]]}},{"type":"Feature","id":"way/1378902192","properties":{"building":"house","id":"way/1378902192"},"geometry":{"type":"Polygon","coordinates":[[[-46.7727808,-23.5569974],[-46.7725597,-23.5569298],[-46.7725921,-23.5568408],[-46.7727103,-23.5568769],[-46.7727402,-23.5567946],[-46.7728432,-23.5568261],[-46.7727808,-23.5569974]]]}},{"type":"Feature","id":"way/1378902193","properties":{"building":"house","id":"way/1378902193"},"geometry":{"type":"Polygon","coordinates":[[[-46.772893,-23.5566485],[-46.7728404,-23.5567879],[-46.7726486,-23.5567271],[-46.7727011,-23.5565877],[-46.772893,-23.5566485]]]}},{"type":"Feature","id":"way/1378902194","properties":{"building":"house","id":"way/1378902194"},"geometry":{"type":"Polygon","coordinates":[[[-46.7729478,-23.5564876],[-46.7729161,-23.5565766],[-46.7726968,-23.556511],[-46.7727285,-23.556422],[-46.7729478,-23.5564876]]]}},{"type":"Feature","id":"way/1378902195","properties":{"building":"house","id":"way/1378902195"},"geometry":{"type":"Polygon","coordinates":[[[-46.7729859,-23.5563893],[-46.7729542,-23.5564783],[-46.7727349,-23.5564127],[-46.7727666,-23.5563237],[-46.7729859,-23.5563893]]]}},{"type":"Feature","id":"way/1378902196","properties":{"building":"house","id":"way/1378902196"},"geometry":{"type":"Polygon","coordinates":[[[-46.7730386,-23.5562844],[-46.7730069,-23.5563734],[-46.7727876,-23.5563078],[-46.7728193,-23.5562188],[-46.7730386,-23.5562844]]]}},{"type":"Feature","id":"way/1378902242","properties":{"access":"private","leisure":"pitch","sport":"tennis","id":"way/1378902242"},"geometry":{"type":"Polygon","coordinates":[[[-46.7734955,-23.5589233],[-46.7734637,-23.5590038],[-46.7732525,-23.5589337],[-46.7732843,-23.5588531],[-46.7734955,-23.5589233]]]}},{"type":"Feature","id":"way/1378902243","properties":{"access":"private","leisure":"pitch","sport":"futsal;soccer;q","id":"way/1378902243"},"geometry":{"type":"Polygon","coordinates":[[[-46.7731949,-23.5589615],[-46.7734844,-23.5590517],[-46.7734288,-23.5592015],[-46.7731394,-23.5591113],[-46.7731949,-23.5589615]]]}},{"type":"Feature","id":"way/1378902244","properties":{"access":"private","leisure":"pitch","sport":"tennis","id":"way/1378902244"},"geometry":{"type":"Polygon","coordinates":[[[-46.7696764,-23.5573728],[-46.7696038,-23.5575954],[-46.7695071,-23.5575689],[-46.7695797,-23.5573463],[-46.7696764,-23.5573728]]]}},{"type":"Feature","id":"way/1378902245","properties":{"access":"private","leisure":"swimming_pool","id":"way/1378902245"},"geometry":{"type":"Polygon","coordinates":[[[-46.7697306,-23.5572271],[-46.7697092,-23.5572877],[-46.7695485,-23.5572401],[-46.7695299,-23.5572927],[-46.7694546,-23.5572704],[-46.7694859,-23.5571817],[-46.7695673,-23.5572058],[-46.7695759,-23.5571813],[-46.7697306,-23.5572271]]]}},{"type":"Feature","id":"way/1378902246","properties":{"access":"private","leisure":"swimming_pool","id":"way/1378902246"},"geometry":{"type":"Polygon","coordinates":[[[-46.7695154,-23.5573346],[-46.769507,-23.5573605],[-46.7694313,-23.5573354],[-46.7694433,-23.5573051],[-46.7695154,-23.5573346]]]}},{"type":"Feature","id":"way/1378902247","properties":{"access":"private","indoor":"yes","leisure":"playground","id":"way/1378902247"},"geometry":{"type":"Polygon","coordinates":[[[-46.7681964,-23.5579032],[-46.7682094,-23.5578904],[-46.7682261,-23.5578819],[-46.7682448,-23.5578786],[-46.7682638,-23.5578809],[-46.7682823,-23.5578894],[-46.7682966,-23.5579031],[-46.768305,-23.5579204],[-46.7683066,-23.5579393],[-46.768301,-23.5579576],[-46.768289,-23.5579731],[-46.7682721,-23.557984],[-46.7682521,-23.5579889],[-46.7682314,-23.5579874],[-46.7682139,-23.5579804],[-46.7681997,-23.5579687],[-46.7681902,-23.5579536],[-46.7681863,-23.5579364],[-46.7681885,-23.5579191],[-46.7681964,-23.5579032]]]}},{"type":"Feature","id":"way/1378902248","properties":{"access":"private","leisure":"swimming_pool","id":"way/1378902248"},"geometry":{"type":"Polygon","coordinates":[[[-46.7698855,-23.5557382],[-46.7701576,-23.5558292],[-46.7701576,-23.5558501],[-46.770167,-23.5558667],[-46.7701778,-23.5558796],[-46.7701912,-23.5558863],[-46.7702227,-23.5558863],[-46.7702495,-23.5559343],[-46.77023,-23.5559355],[-46.7702059,-23.5559318],[-46.7701831,-23.5559343],[-46.7701469,-23.5559293],[-46.7701342,-23.5559183],[-46.7701208,-23.5559011],[-46.770108,-23.5558845],[-46.770098,-23.5558734],[-46.7700691,-23.5558667],[-46.7700356,-23.5558691],[-46.7700202,-23.5558747],[-46.7699934,-23.5558747],[-46.7699579,-23.5558703],[-46.7699183,-23.5558826],[-46.7698969,-23.5558955],[-46.7698801,-23.5558759],[-46.7698633,-23.5558863],[-46.7698506,-23.5558839],[-46.7698526,-23.5558605],[-46.7698566,-23.5558163],[-46.7698674,-23.5557794],[-46.7698855,-23.5557382]]]}},{"type":"Feature","id":"way/1378902249","properties":{"access":"private","leisure":"swimming_pool","id":"way/1378902249"},"geometry":{"type":"Polygon","coordinates":[[[-46.7699451,-23.5556331],[-46.7699706,-23.5556583],[-46.7700068,-23.5556559],[-46.7700182,-23.5556829],[-46.7700336,-23.5556977],[-46.7700665,-23.5557179],[-46.7700953,-23.5557296],[-46.7701221,-23.5557302],[-46.7701436,-23.5557296],[-46.7701717,-23.555729],[-46.7701938,-23.5557296],[-46.770214,-23.5557388],[-46.770224,-23.5557517],[-46.7702394,-23.5557628],[-46.7702542,-23.5557702],[-46.77023,-23.5558034],[-46.770171,-23.5558046],[-46.7698928,-23.5557143],[-46.7699163,-23.55567],[-46.7699451,-23.5556331]]]}},{"type":"Feature","id":"way/1378902253","properties":{"access":"private","leisure":"swimming_pool","id":"way/1378902253"},"geometry":{"type":"Polygon","coordinates":[[[-46.7713748,-23.557258],[-46.7713598,-23.5572604],[-46.7713454,-23.5572687],[-46.7713422,-23.5572807],[-46.7713232,-23.5572532],[-46.7713114,-23.5572406],[-46.7712912,-23.5572298],[-46.7712781,-23.5572262],[-46.7712663,-23.5572142],[-46.7712585,-23.5571987],[-46.7712565,-23.5571849],[-46.7712565,-23.5571669],[-46.7712605,-23.5571495],[-46.7712696,-23.5571316],[-46.7712807,-23.557119],[-46.7712892,-23.5571052],[-46.7712905,-23.5570932],[-46.7712905,-23.5570812],[-46.7712925,-23.5570609],[-46.7712977,-23.5570465],[-46.7713075,-23.5570345],[-46.7713206,-23.5570273],[-46.7713395,-23.5570219],[-46.7713572,-23.5570219],[-46.7713846,-23.5570273],[-46.7714003,-23.5570351],[-46.7714127,-23.5570441],[-46.7714186,-23.5570585],[-46.7714225,-23.5570747],[-46.7714108,-23.5570944],[-46.771397,-23.5571088],[-46.7713885,-23.557119],[-46.7713846,-23.5571322],[-46.7713912,-23.5571477],[-46.7714062,-23.5571579],[-46.7714251,-23.5571627],[-46.7713748,-23.557258]]]}},{"type":"Feature","id":"way/1378909311","properties":{"natural":"wood","id":"way/1378909311"},"geometry":{"type":"Polygon","coordinates":[[[-46.7650445,-23.5563199],[-46.7647032,-23.5567636],[-46.7647134,-23.5567822],[-46.7647889,-23.5568324],[-46.7648662,-23.556913],[-46.764785,-23.557221],[-46.7647268,-23.5574157],[-46.7650298,-23.5574918],[-46.7651668,-23.5575248],[-46.7652585,-23.5575761],[-46.7651657,-23.5578256],[-46.7650526,-23.5578603],[-46.7637222,-23.5575846],[-46.7635042,-23.5575849],[-46.7632091,-23.5576193],[-46.7627039,-23.5576932],[-46.7624625,-23.5573441],[-46.7624035,-23.5569261],[-46.763447,-23.5561266],[-46.7638371,-23.5561611],[-46.7639543,-23.5562639],[-46.7644891,-23.556039],[-46.7645405,-23.5561048],[-46.7646565,-23.5560286],[-46.7647287,-23.5560099],[-46.7649436,-23.5561374],[-46.7650445,-23.5563199]]]}},{"type":"Feature","id":"way/1378909312","properties":{"natural":"wood","id":"way/1378909312"},"geometry":{"type":"Polygon","coordinates":[[[-46.7670365,-23.5549049],[-46.7671689,-23.5548629],[-46.7672555,-23.5551478],[-46.7670314,-23.5553906],[-46.766848,-23.5554793],[-46.7667002,-23.5553672],[-46.7665321,-23.5553906],[-46.7665474,-23.5558623],[-46.7664149,-23.5558576],[-46.7661908,-23.5559276],[-46.7660583,-23.5561285],[-46.7657527,-23.5566702],[-46.7653502,-23.5572726],[-46.7651923,-23.5573146],[-46.7650547,-23.5571232],[-46.7651068,-23.5569185],[-46.7654695,-23.5564977],[-46.7652432,-23.5563479],[-46.7650875,-23.5561905],[-46.7646249,-23.5557179],[-46.7645036,-23.5557012],[-46.7640918,-23.5558716],[-46.7637913,-23.556021],[-46.7636213,-23.5559623],[-46.7635793,-23.5552983],[-46.7637759,-23.5551898],[-46.7642391,-23.5550868],[-46.7645341,-23.5550131],[-46.7648024,-23.5549737],[-46.7651135,-23.554959],[-46.7654461,-23.554959],[-46.7658841,-23.5549489],[-46.766147,-23.554944],[-46.7665729,-23.5550497],[-46.7670365,-23.5549049]]]}},{"type":"Feature","id":"way/1378909313","properties":{"natural":"wood","id":"way/1378909313"},"geometry":{"type":"Polygon","coordinates":[[[-46.7671538,-23.5566184],[-46.7668949,-23.5565551],[-46.7666532,-23.5562465],[-46.7671884,-23.5558825],[-46.7674042,-23.5555343],[-46.7675855,-23.5552099],[-46.767853,-23.5550516],[-46.7679374,-23.5550438],[-46.7678401,-23.5548425],[-46.7680652,-23.554409],[-46.7683772,-23.5536406],[-46.7685064,-23.5534781],[-46.7685741,-23.5530903],[-46.7687422,-23.5527757],[-46.7688435,-23.5527916],[-46.7688314,-23.5528594],[-46.7687557,-23.5530186],[-46.7688216,-23.5532384],[-46.7688035,-23.5535062],[-46.7683862,-23.5540274],[-46.7681609,-23.5546119],[-46.7681352,-23.5548164],[-46.7684314,-23.5545083],[-46.7688716,-23.55411],[-46.7692083,-23.5537777],[-46.7694845,-23.5533345],[-46.7699679,-23.552836],[-46.770241,-23.5524923],[-46.7703153,-23.5523423],[-46.7708387,-23.5527448],[-46.7693997,-23.5542754],[-46.7688471,-23.5548557],[-46.768679,-23.5551013],[-46.7678775,-23.5572146],[-46.7676832,-23.5576708],[-46.767575,-23.5576323],[-46.7682977,-23.5554763],[-46.7691566,-23.5543591],[-46.7704629,-23.552952],[-46.7703289,-23.5529247],[-46.7695807,-23.5537516],[-46.7689146,-23.554423],[-46.7680122,-23.5554961],[-46.7678079,-23.5563977],[-46.7671538,-23.5566184]]]}},{"type":"Feature","id":"way/1378909314","properties":{"natural":"wood","id":"way/1378909314"},"geometry":{"type":"Polygon","coordinates":[[[-46.7702258,-23.5517407],[-46.7685797,-23.5503902],[-46.7680861,-23.5507439],[-46.7678534,-23.5510976],[-46.7673541,-23.5510508],[-46.7666278,-23.5508011],[-46.7660112,-23.5506831],[-46.7663615,-23.5503313],[-46.7666104,-23.5504248],[-46.7669859,-23.5504444],[-46.7673164,-23.5504297],[-46.7676726,-23.5503953],[-46.768003,-23.550233],[-46.7682973,-23.5499854],[-46.7685357,-23.5496652],[-46.7705265,-23.5514181],[-46.7702258,-23.5517407]]]}},{"type":"Feature","id":"way/1378909315","properties":{"natural":"wood","id":"way/1378909315"},"geometry":{"type":"Polygon","coordinates":[[[-46.7686592,-23.5516802],[-46.7688464,-23.5518518],[-46.7688748,-23.5520027],[-46.7688804,-23.5522315],[-46.7688049,-23.5524413],[-46.7686581,-23.552661],[-46.7685524,-23.5527248],[-46.7684545,-23.5526988],[-46.7684442,-23.5525358],[-46.7684519,-23.55225],[-46.7684519,-23.5520468],[-46.7684725,-23.5518933],[-46.7684957,-23.5518012],[-46.7685344,-23.5517303],[-46.7685833,-23.5516713],[-46.7686592,-23.5516802]]]}},{"type":"Feature","id":"way/1378909316","properties":{"natural":"wood","id":"way/1378909316"},"geometry":{"type":"Polygon","coordinates":[[[-46.7694388,-23.552035],[-46.7694543,-23.5522169],[-46.7694594,-23.5523704],[-46.7694543,-23.5524649],[-46.769444,-23.5525736],[-46.769578,-23.5526751],[-46.7695058,-23.5527555],[-46.769444,-23.5528476],[-46.7693589,-23.5529728],[-46.7692713,-23.5529799],[-46.7691373,-23.5529373],[-46.7692353,-23.5527271],[-46.7692275,-23.5526019],[-46.7691863,-23.5525169],[-46.7691631,-23.5523374],[-46.7691683,-23.5522594],[-46.7692146,-23.552146],[-46.7692713,-23.5520705],[-46.7693486,-23.5519996],[-46.7694388,-23.552035]]]}},{"type":"Feature","id":"way/1378909317","properties":{"natural":"wood","id":"way/1378909317"},"geometry":{"type":"Polygon","coordinates":[[[-46.7676273,-23.5545564],[-46.7675129,-23.554632],[-46.7674488,-23.5545732],[-46.7677647,-23.5541032],[-46.7678288,-23.5537801],[-46.767902,-23.5535367],[-46.7679112,-23.5533268],[-46.7678471,-23.553096],[-46.7677281,-23.5525295],[-46.767609,-23.5523448],[-46.7675404,-23.552177],[-46.7677097,-23.5517909],[-46.7678333,-23.5517657],[-46.7679341,-23.5519462],[-46.7680668,-23.5521644],[-46.768163,-23.5523994],[-46.7682591,-23.5527016],[-46.768227,-23.5529533],[-46.7681401,-23.5532891],[-46.7679478,-23.5538766],[-46.7678105,-23.554292],[-46.7676273,-23.5545564]]]}},{"type":"Feature","id":"way/1378909318","properties":{"natural":"wood","id":"way/1378909318"},"geometry":{"type":"Polygon","coordinates":[[[-46.7661649,-23.5569355],[-46.7664158,-23.5570505],[-46.7665601,-23.5572288],[-46.7665162,-23.5574473],[-46.7662276,-23.5578844],[-46.766604,-23.5579821],[-46.7667483,-23.5577521],[-46.7669114,-23.5577694],[-46.7668863,-23.5579994],[-46.767062,-23.5580166],[-46.7672376,-23.5580339],[-46.7675323,-23.5580252],[-46.7673024,-23.5582123],[-46.7671034,-23.5582853],[-46.7657024,-23.557995],[-46.765801,-23.5577579],[-46.7659453,-23.5572518],[-46.7661649,-23.5569355]]]}},{"type":"Feature","id":"way/1378909319","properties":{"natural":"wood","id":"way/1378909319"},"geometry":{"type":"Polygon","coordinates":[[[-46.762034,-23.5574808],[-46.7623004,-23.5574009],[-46.7622655,-23.5575812],[-46.7622008,-23.5577295],[-46.7620863,-23.5578893],[-46.7618971,-23.5580627],[-46.7615685,-23.5582613],[-46.761312,-23.5583708],[-46.7610307,-23.5584598],[-46.7607718,-23.5585237],[-46.76061,-23.5585602],[-46.7605353,-23.5584575],[-46.7610282,-23.5581106],[-46.7611452,-23.5582498],[-46.7612821,-23.5581449],[-46.7615485,-23.5579509],[-46.7616332,-23.5578368],[-46.7617602,-23.5576702],[-46.7618448,-23.5575857],[-46.7619494,-23.5577478],[-46.762039,-23.5577135],[-46.7621162,-23.5576131],[-46.762034,-23.5574808]]]}},{"type":"Feature","id":"way/1378909320","properties":{"natural":"wood","id":"way/1378909320"},"geometry":{"type":"Polygon","coordinates":[[[-46.7630869,-23.5581271],[-46.7643164,-23.5589214],[-46.7644201,-23.5591455],[-46.7644127,-23.5593661],[-46.764383,-23.5594476],[-46.7639016,-23.5598787],[-46.7630203,-23.560802],[-46.7629573,-23.560768],[-46.7629203,-23.5606696],[-46.7628684,-23.5604218],[-46.7627166,-23.5603064],[-46.7624796,-23.5602826],[-46.7622722,-23.5603743],[-46.76215,-23.5604795],[-46.7619982,-23.5605135],[-46.7614612,-23.5604659],[-46.761713,-23.5598957],[-46.7616723,-23.5597056],[-46.7615538,-23.55958],[-46.7610724,-23.5594102],[-46.7607798,-23.5592168],[-46.7604576,-23.5588501],[-46.7617908,-23.5591115],[-46.7619945,-23.5593322],[-46.7622241,-23.5595664],[-46.7625907,-23.5596003],[-46.7628092,-23.5595223],[-46.7631165,-23.5593899],[-46.7631758,-23.5595257],[-46.7632499,-23.5595766],[-46.7633498,-23.5595766],[-46.7634424,-23.5595596],[-46.7636202,-23.5597191],[-46.7639349,-23.559417],[-46.7636757,-23.5591217],[-46.7633461,-23.558806],[-46.7630869,-23.5581271]]]}},{"type":"Feature","id":"way/1378909321","properties":{"natural":"wood","id":"way/1378909321"},"geometry":{"type":"Polygon","coordinates":[[[-46.7630462,-23.5584292],[-46.7624685,-23.5590131],[-46.7622241,-23.5590606],[-46.7619241,-23.5590504],[-46.7605169,-23.5587755],[-46.7613797,-23.5585446],[-46.7617019,-23.5584258],[-46.762113,-23.5581475],[-46.7623129,-23.5579676],[-46.7626573,-23.5578623],[-46.7628129,-23.5579302],[-46.7629277,-23.5581033],[-46.7630462,-23.5584292]]]}},{"type":"Feature","id":"way/1378911869","properties":{"landuse":"residential","residential":"apartments","id":"way/1378911869"},"geometry":{"type":"Polygon","coordinates":[[[-46.7708387,-23.5527448],[-46.7703153,-23.5523423],[-46.7706086,-23.5520218],[-46.7708033,-23.5521715],[-46.7707495,-23.5522303],[-46.7710782,-23.5524831],[-46.7708387,-23.5527448]]]}},{"type":"Feature","id":"way/1378911870","properties":{"building":"yes","id":"way/1378911870"},"geometry":{"type":"Polygon","coordinates":[[[-46.7707376,-23.5521907],[-46.770546,-23.5523968],[-46.7704315,-23.5523075],[-46.7706231,-23.5521013],[-46.7707376,-23.5521907]]]}},{"type":"Feature","id":"way/1378911871","properties":{"building":"yes","id":"way/1378911871"},"geometry":{"type":"Polygon","coordinates":[[[-46.7707555,-23.5523486],[-46.7709548,-23.5524994],[-46.770865,-23.5525992],[-46.7706656,-23.5524483],[-46.7707555,-23.5523486]]]}},{"type":"Feature","id":"way/1378911872","properties":{"building":"yes","id":"way/1378911872"},"geometry":{"type":"Polygon","coordinates":[[[-46.7704807,-23.5526331],[-46.7703506,-23.5527711],[-46.7702285,-23.5526742],[-46.7703586,-23.5525363],[-46.7704807,-23.5526331]]]}},{"type":"Feature","id":"way/1378911873","properties":{"building":"yes","id":"way/1378911873"},"geometry":{"type":"Polygon","coordinates":[[[-46.7695685,-23.553487],[-46.7694334,-23.5536325],[-46.7693822,-23.5535926],[-46.7695173,-23.5534471],[-46.7695685,-23.553487]]]}},{"type":"Feature","id":"way/1378911874","properties":{"building":"yes","id":"way/1378911874"},"geometry":{"type":"Polygon","coordinates":[[[-46.7660655,-23.5569473],[-46.7659302,-23.5571031],[-46.7657629,-23.5569811],[-46.7658981,-23.5568253],[-46.7660655,-23.5569473]]]}},{"type":"Feature","id":"way/1378911875","properties":{"building":"yes","id":"way/1378911875"},"geometry":{"type":"Polygon","coordinates":[[[-46.7650879,-23.5572969],[-46.7650298,-23.5574918],[-46.7647268,-23.5574157],[-46.764785,-23.557221],[-46.7650879,-23.5572969]]]}},{"type":"Feature","id":"way/1378911876","properties":{"building":"yes","id":"way/1378911876"},"geometry":{"type":"Polygon","coordinates":[[[-46.7651818,-23.5567561],[-46.7650645,-23.5568981],[-46.7649835,-23.5568418],[-46.7650731,-23.5567333],[-46.7651008,-23.5566998],[-46.7651818,-23.5567561]]]}},{"type":"Feature","id":"way/1378911877","properties":{"building":"yes","id":"way/1378911877"},"geometry":{"type":"Polygon","coordinates":[[[-46.7650279,-23.5566011],[-46.7649483,-23.5566975],[-46.7649106,-23.5567431],[-46.7648781,-23.5567197],[-46.7648293,-23.5566872],[-46.7649469,-23.5565448],[-46.7650279,-23.5566011]]]}},{"type":"Feature","id":"way/1378911878","properties":{"building":"yes","id":"way/1378911878"},"geometry":{"type":"Polygon","coordinates":[[[-46.7648293,-23.5566872],[-46.7648781,-23.5567197],[-46.7647889,-23.5568324],[-46.7647134,-23.5567822],[-46.7648027,-23.5566695],[-46.7648293,-23.5566872]]]}},{"type":"Feature","id":"way/1378911879","properties":{"building":"yes","id":"way/1378911879"},"geometry":{"type":"Polygon","coordinates":[[[-46.7648685,-23.5567788],[-46.7649156,-23.556813],[-46.7649063,-23.5568238],[-46.7649604,-23.556863],[-46.7649116,-23.5569195],[-46.7648582,-23.5568807],[-46.7648707,-23.5568662],[-46.7648229,-23.5568315],[-46.7648685,-23.5567788]]]}},{"type":"Feature","id":"way/1378911886","properties":{"building":"yes","id":"way/1378911886"},"geometry":{"type":"Polygon","coordinates":[[[-46.7646249,-23.5557179],[-46.7646123,-23.5557945],[-46.7644911,-23.5557778],[-46.7645036,-23.5557012],[-46.7646249,-23.5557179]]]}},{"type":"Feature","id":"way/1378911887","properties":{"building":"yes","id":"way/1378911887"},"geometry":{"type":"Polygon","coordinates":[[[-46.7646565,-23.5560286],[-46.7645405,-23.5561048],[-46.7644891,-23.556039],[-46.7646052,-23.5559629],[-46.7646565,-23.5560286]]]}},{"type":"Feature","id":"way/1378911888","properties":{"building":"yes","id":"way/1378911888"},"geometry":{"type":"Polygon","coordinates":[[[-46.7645833,-23.5559483],[-46.7643545,-23.5560807],[-46.7643102,-23.5560163],[-46.764539,-23.5558839],[-46.7645833,-23.5559483]]]}},{"type":"Feature","id":"way/1378911889","properties":{"building":"yes","id":"way/1378911889"},"geometry":{"type":"Polygon","coordinates":[[[-46.7644251,-23.5559006],[-46.7642794,-23.5559705],[-46.7642424,-23.5559056],[-46.7643881,-23.5558357],[-46.7644251,-23.5559006]]]}},{"type":"Feature","id":"way/1388018510","properties":{"building":"yes","id":"way/1388018510"},"geometry":{"type":"Polygon","coordinates":[[[-46.7639489,-23.5382968],[-46.7639635,-23.5385676],[-46.7633775,-23.5386123],[-46.7633593,-23.5382823],[-46.7635742,-23.5383278],[-46.7637579,-23.5383168],[-46.7637762,-23.5383001],[-46.7639489,-23.5382968]]]}},{"type":"Feature","id":"way/1448300435","properties":{"addr:street":"Rua Silvério Sasso","leisure":"park","name":"Praça Valentina Dias Pradella","related_law:url":"http://leismunicipa.is/0isdf","id":"way/1448300435"},"geometry":{"type":"Polygon","coordinates":[[[-46.7635621,-23.5518586],[-46.7639715,-23.5523834],[-46.7638695,-23.5524363],[-46.7637557,-23.5523226],[-46.7635196,-23.5523273],[-46.7632767,-23.5523335],[-46.7631493,-23.5523335],[-46.7630592,-23.552318],[-46.7627806,-23.5521062],[-46.7630792,-23.5519744],[-46.7635621,-23.5518586]]]}},{"type":"Feature","id":"way/1448305213","properties":{"leisure":"park","name":"Área de Lazer Lazaro Bento","id":"way/1448305213"},"geometry":{"type":"Polygon","coordinates":[[[-46.7641261,-23.5516956],[-46.7644092,-23.5520462],[-46.7646364,-23.5519264],[-46.7647712,-23.5520948],[-46.7641003,-23.5524154],[-46.7637247,-23.5519501],[-46.7641261,-23.5516956]]]}},{"type":"Feature","id":"way/1448305217","properties":{"addr:city":"Osasco","addr:housenumber":"292","addr:postcode":"06.026-170","addr:street":"Rua Artur Eloy","addr:suburb":"Vila Yara","amenity":"school","denomination":"seventh_day_adventist","education":"school","name":"Colégio Adventista de Vila Yara","phone":"+55 11 2284 3800","religion":"christian","website":"https://vilayara.educacaoadventista.org.br/","id":"way/1448305217"},"geometry":{"type":"Polygon","coordinates":[[[-46.7617338,-23.5501645],[-46.7618534,-23.5505972],[-46.7618565,-23.551007],[-46.762141,-23.5516018],[-46.7617998,-23.5517382],[-46.7614511,-23.5510381],[-46.761425,-23.5509499],[-46.7615246,-23.5505082],[-46.761628,-23.5501611],[-46.7617338,-23.5501645]]]}},{"type":"Feature","id":"way/1448320050","properties":{"addr:street":"Rua Alcides Teves","leisure":"park","name":"Praça Terezinha Aires de Nicola","related_law:url":"http://leismunicipa.is/0ech2","id":"way/1448320050"},"geometry":{"type":"Polygon","coordinates":[[[-46.7613262,-23.5546315],[-46.7613944,-23.5548423],[-46.7612387,-23.5548939],[-46.7611692,-23.554883],[-46.7611369,-23.5548292],[-46.7611153,-23.5547336],[-46.7610974,-23.5546491],[-46.7613262,-23.5546315]]]}},{"type":"Feature","id":"way/1448320051","properties":{"natural":"wood","id":"way/1448320051"},"geometry":{"type":"Polygon","coordinates":[[[-46.7599633,-23.5542302],[-46.7600055,-23.5545368],[-46.7600274,-23.5546056],[-46.7599461,-23.5545769],[-46.7597961,-23.5545913],[-46.7598039,-23.5546729],[-46.7598649,-23.5548879],[-46.7599962,-23.5549409],[-46.7601165,-23.554895],[-46.76019,-23.554842],[-46.7608754,-23.5547166],[-46.7609219,-23.555],[-46.760351,-23.5550555],[-46.7601665,-23.5550455],[-46.7600477,-23.5550441],[-46.7600305,-23.5551515],[-46.7597851,-23.5552332],[-46.7597164,-23.5552217],[-46.7596632,-23.5549767],[-46.7595335,-23.5547919],[-46.7594819,-23.5544809],[-46.759521,-23.5542115],[-46.7599633,-23.5542302]]]}},{"type":"Feature","id":"way/1458273339","properties":{"highway":"services","id":"way/1458273339"},"geometry":{"type":"Polygon","coordinates":[[[-46.7719635,-23.5398568],[-46.7721781,-23.5396648],[-46.7722049,-23.5396592],[-46.7722672,-23.5396545],[-46.7723096,-23.5396648],[-46.7723321,-23.5396799],[-46.7723581,-23.5397029],[-46.7723685,-23.5400099],[-46.7721158,-23.5400186],[-46.7719635,-23.5398568]]]}},{"type":"Feature","id":"way/1466527045","properties":{"leisure":"swimming_pool","id":"way/1466527045"},"geometry":{"type":"Polygon","coordinates":[[[-46.7764592,-23.5568101],[-46.7765349,-23.5568739],[-46.7765784,-23.5568592],[-46.776577,-23.5568224],[-46.7765757,-23.5567831],[-46.7765971,-23.5567696],[-46.7766132,-23.5567684],[-46.7766306,-23.5567733],[-46.7766426,-23.5567905],[-46.7766466,-23.5568076],[-46.7766479,-23.5568346],[-46.7766479,-23.5568641],[-46.7766439,-23.5568972],[-46.7766306,-23.556934],[-46.7766011,-23.5569512],[-46.7765784,-23.5569426],[-46.7765462,-23.5569806],[-46.7764151,-23.5568432],[-46.7764592,-23.5568101]]]}},{"type":"Feature","id":"way/1466532040","properties":{"addr:housenumber":"415","addr:postcode":"06036-060","addr:street":"Rua Dionísio Bizarro","addr:suburb":"Jardim Ester","building":"yes","email":"info@pestalozziosasco.org.br","name":"Associação Pestalozzi de Osasco","office":"ngo","opening_hours":"Mo-Fr 08:00-17:00; PH off","phone":"+55 11 3682 2158","website":"https://pestalozziosasco.org.br/","id":"way/1466532040"},"geometry":{"type":"Polygon","coordinates":[[[-46.7737505,-23.5554965],[-46.7738239,-23.5555983],[-46.7736386,-23.5557204],[-46.77363,-23.5557087],[-46.7735865,-23.5557353],[-46.7732141,-23.5558566],[-46.7731808,-23.5558558],[-46.7731671,-23.5558206],[-46.7731945,-23.5557877],[-46.7732474,-23.5557729],[-46.7732363,-23.5557329],[-46.7732901,-23.5557204],[-46.7732782,-23.5556828],[-46.7734507,-23.5556233],[-46.7734473,-23.5556053],[-46.7735207,-23.5555818],[-46.7735609,-23.5556257],[-46.7737505,-23.5554965]]]}},{"type":"Feature","id":"way/1497332446","properties":{"access":"private","leisure":"pitch","sport":"tennis","surface":"concrete","id":"way/1497332446"},"geometry":{"type":"Polygon","coordinates":[[[-46.7685841,-23.5361243],[-46.7686531,-23.5362719],[-46.7683293,-23.5363952],[-46.7682603,-23.5362435],[-46.7685841,-23.5361243]]]}},{"type":"Feature","id":"way/1497332944","properties":{"access":"private","leisure":"pitch","sport":"multi","surface":"concrete","id":"way/1497332944"},"geometry":{"type":"Polygon","coordinates":[[[-46.7695555,-23.5412204],[-46.7695077,-23.541236],[-46.7694538,-23.5412543],[-46.7693768,-23.5410382],[-46.7694753,-23.5410072],[-46.7695555,-23.5412204]]]}},{"type":"Feature","id":"way/1497347292","properties":{"access":"private","leisure":"pitch","sport":"tennis","surface":"concrete","id":"way/1497347292"},"geometry":{"type":"Polygon","coordinates":[[[-46.7616833,-23.5559296],[-46.7615471,-23.5562037],[-46.7614099,-23.5561494],[-46.7615462,-23.5558663],[-46.7616134,-23.5558963],[-46.7616833,-23.5559296]]]}},{"type":"Feature","id":"way/1497347512","properties":{"access":"private","leisure":"pitch","sport":"tennis","surface":"concrete","id":"way/1497347512"},"geometry":{"type":"Polygon","coordinates":[[[-46.7662977,-23.5525391],[-46.7664479,-23.5526203],[-46.7662642,-23.552903],[-46.7661059,-23.5528219],[-46.7662078,-23.5526842],[-46.7662977,-23.5525391]]]}},{"type":"Feature","id":"way/24654491","properties":{"highway":"primary","lanes":"3","lit":"yes","maxspeed":"60","name":"Avenida dos Autonomistas","oneway":"yes","surface":"asphalt","id":"way/24654491"},"geometry":{"type":"LineString","coordinates":[[-46.7628242,-23.5445558],[-46.7631071,-23.5443464],[-46.7637376,-23.5438798],[-46.763772,-23.5438543],[-46.7638092,-23.5438267],[-46.7643719,-23.5434102],[-46.7652442,-23.5427983],[-46.7653927,-23.5426942],[-46.7654836,-23.5426324],[-46.765686,-23.5424898],[-46.765713,-23.5424708]]}},{"type":"Feature","id":"way/33483409","properties":{"alt_name":"Rua Antônio de Azevedo Filho","highway":"residential","name":"Rua Doutor Armando Pitta Britto","id":"way/33483409"},"geometry":{"type":"LineString","coordinates":[[-46.7601732,-23.5439058],[-46.7601295,-23.5438851],[-46.76,-23.5438238]]}},{"type":"Feature","id":"way/33483413","properties":{"cycleway:right":"lane","highway":"residential","name":"Avenida Doutor Francisco de Paula Vicente de Azevedo","oneway":"no","oneway:bicycle":"no","source":"Shapefile CET 2021","surface":"asphalt","id":"way/33483413"},"geometry":{"type":"LineString","coordinates":[[-46.76,-23.5457449],[-46.7600185,-23.5456662],[-46.7600463,-23.5455183],[-46.7600662,-23.5454125],[-46.7600922,-23.5452739],[-46.7601085,-23.5451527],[-46.7601448,-23.5448831],[-46.7601728,-23.5446295],[-46.7601818,-23.5443572],[-46.7601732,-23.5439058],[-46.7601626,-23.5436036],[-46.7600707,-23.5427853],[-46.76,-23.5423023]]}},{"type":"Feature","id":"way/40271226","properties":{"bicycle":"designated","cycleway:left":"lane","highway":"secondary","lanes":"2","name":"Avenida Doutor Cândido Mota Filho","oneway":"yes","oneway:bicycle":"yes","sidewalk":"right","source":"Shapefile CET 2021","surface":"asphalt","id":"way/40271226"},"geometry":{"type":"LineString","coordinates":[[-46.76,-23.5586914],[-46.7601259,-23.5586839],[-46.7603391,-23.5586618],[-46.7605014,-23.5586372],[-46.7608528,-23.5585659],[-46.7610553,-23.5585069],[-46.7613463,-23.5584114],[-46.7615099,-23.558352],[-46.7616481,-23.5582844],[-46.7617748,-23.5582137],[-46.7618962,-23.5581369],[-46.7620303,-23.5580189],[-46.7620931,-23.5579597]]}},{"type":"Feature","id":"way/41565523","properties":{"highway":"residential","name":"Avenida Osasco","id":"way/41565523"},"geometry":{"type":"LineString","coordinates":[[-46.7609105,-23.5439582],[-46.7604572,-23.5444082],[-46.7601728,-23.5446295]]}},{"type":"Feature","id":"way/41565524","properties":{"access":"private","highway":"residential","name":"Avenida Osasco","service":"driveway","surface":"asphalt","id":"way/41565524"},"geometry":{"type":"LineString","coordinates":[[-46.7605136,-23.5366776],[-46.7603968,-23.5368874],[-46.7603055,-23.5370041],[-46.76,-23.5374584]]}},{"type":"Feature","id":"way/41565524","properties":{"access":"private","highway":"residential","name":"Avenida Osasco","service":"driveway","surface":"asphalt","id":"way/41565524"},"geometry":{"type":"LineString","coordinates":[[-46.76,-23.5395056],[-46.7600723,-23.5398014],[-46.7602171,-23.5403694],[-46.7602713,-23.5406205],[-46.760351,-23.5409643],[-46.7604498,-23.5413422],[-46.7604907,-23.5414981],[-46.7606208,-23.542103],[-46.7607482,-23.5425911],[-46.7607785,-23.542743],[-46.7608169,-23.54299],[-46.7608595,-23.5432845],[-46.7609051,-23.5436435],[-46.7609279,-23.5437406],[-46.7609775,-23.5439066]]}},{"type":"Feature","id":"way/41565525","properties":{"access":"private","highway":"residential","name":"Rua 66","service":"driveway","surface":"paved","id":"way/41565525"},"geometry":{"type":"LineString","coordinates":[[-46.7606208,-23.542103],[-46.7608249,-23.5419062],[-46.7613047,-23.5414169],[-46.7615327,-23.5411981],[-46.761636,-23.5411046]]}},{"type":"Feature","id":"way/41565526","properties":{"access":"private","highway":"residential","name":"Rua 65","service":"driveway","surface":"paved","id":"way/41565526"},"geometry":{"type":"LineString","coordinates":[[-46.7607482,-23.5425911],[-46.7608555,-23.5425431],[-46.7610057,-23.5424472],[-46.7616092,-23.5418436],[-46.7617406,-23.5417268]]}},{"type":"Feature","id":"way/41565527","properties":{"access":"private","highway":"residential","name":"Rua 64","service":"driveway","surface":"paved","id":"way/41565527"},"geometry":{"type":"LineString","coordinates":[[-46.7608595,-23.5432845],[-46.7610687,-23.5430988],[-46.7616025,-23.5425677],[-46.7618036,-23.542387]]}},{"type":"Feature","id":"way/41565528","properties":{"access":"private","highway":"residential","name":"Rua 67","service":"driveway","surface":"paved","id":"way/41565528"},"geometry":{"type":"LineString","coordinates":[[-46.7610781,-23.5409387],[-46.7609292,-23.5410579],[-46.7607023,-23.5412831],[-46.7604907,-23.5414981]]}},{"type":"Feature","id":"way/41565529","properties":{"access":"private","highway":"residential","name":"Rua 68","service":"driveway","surface":"paved","id":"way/41565529"},"geometry":{"type":"LineString","coordinates":[[-46.7609292,-23.5410579],[-46.7608132,-23.5409491],[-46.7607827,-23.5409107],[-46.7607626,-23.5408698],[-46.7607502,-23.5408132],[-46.7607442,-23.5406872],[-46.7607368,-23.540544],[-46.7607274,-23.540485],[-46.7607079,-23.5404321],[-46.7606724,-23.5403694]]}},{"type":"Feature","id":"way/41565530","properties":{"access":"private","highway":"residential","name":"Rua 69","id":"way/41565530"},"geometry":{"type":"LineString","coordinates":[[-46.7602171,-23.5403694],[-46.7603727,-23.5402126],[-46.7607029,-23.5398831],[-46.7608323,-23.5397473],[-46.7608603,-23.5397228],[-46.7608903,-23.5397027],[-46.7609507,-23.5396812]]}},{"type":"Feature","id":"way/41565531","properties":{"access":"private","highway":"residential","name":"Rua 70","id":"way/41565531"},"geometry":{"type":"LineString","coordinates":[[-46.7600723,-23.5398014],[-46.7602654,-23.5395942],[-46.7607154,-23.5391006],[-46.7608186,-23.538985],[-46.7611099,-23.5389592],[-46.7611592,-23.5389542],[-46.7612018,-23.5389364],[-46.7612387,-23.5389057],[-46.7612615,-23.5388786],[-46.7612756,-23.5388411],[-46.7612759,-23.5387821],[-46.7612565,-23.5384071],[-46.761241,-23.5380727],[-46.761227,-23.537943],[-46.7612008,-23.5378637],[-46.7611619,-23.5377708],[-46.7610969,-23.5376798],[-46.7605725,-23.5370731],[-46.7603968,-23.5368874]]}},{"type":"Feature","id":"way/41565532","properties":{"access":"private","highway":"residential","name":"Rua 71","id":"way/41565532"},"geometry":{"type":"LineString","coordinates":[[-46.7608186,-23.538985],[-46.7607904,-23.5389438],[-46.7607656,-23.5388989],[-46.7607488,-23.5388424],[-46.7607274,-23.5386106],[-46.7606872,-23.538144],[-46.7606751,-23.5380739],[-46.7606513,-23.5380155],[-46.7606154,-23.5379586],[-46.7604035,-23.537694],[-46.7603184,-23.5375913],[-46.7602577,-23.5375292],[-46.7602154,-23.5374982],[-46.7601755,-23.5374696]]}},{"type":"Feature","id":"way/41565533","properties":{"highway":"tertiary","lanes":"2","name":"Rua Jerônimo A. Silveira","oneway":"yes","surface":"asphalt","id":"way/41565533"},"geometry":{"type":"LineString","coordinates":[[-46.7621054,-23.5453906],[-46.7622898,-23.5453371],[-46.7623266,-23.5453341]]}},{"type":"Feature","id":"way/41565534","properties":{"highway":"primary_link","lanes":"2","motorroad":"no","oneway":"yes","surface":"paved","id":"way/41565534"},"geometry":{"type":"LineString","coordinates":[[-46.7616534,-23.5466077],[-46.7616105,-23.5466163],[-46.7615616,-23.5466132],[-46.7615106,-23.5466003],[-46.7614643,-23.5465782],[-46.7614281,-23.5465229],[-46.7614214,-23.5464714],[-46.7614187,-23.5464196],[-46.7614222,-23.54634],[-46.7614349,-23.5462611]]}},{"type":"Feature","id":"way/41565736","properties":{"highway":"residential","lit":"yes","name":"Rua Santa Terezinha","surface":"asphalt","id":"way/41565736"},"geometry":{"type":"LineString","coordinates":[[-46.765387,-23.5528181],[-46.7653171,-23.5527482],[-46.765223,-23.5526351],[-46.7651852,-23.5525882],[-46.7648084,-23.552099],[-46.76433,-23.5514609],[-46.76403,-23.5510606],[-46.7626995,-23.5492854]]}},{"type":"Feature","id":"way/41565737","properties":{"highway":"residential","lanes":"2","name":"Rua Silvério Sasso","surface":"asphalt","id":"way/41565737"},"geometry":{"type":"LineString","coordinates":[[-46.7641016,-23.5524887],[-46.7636625,-23.5519151],[-46.7633608,-23.5515216],[-46.7631394,-23.5512328],[-46.7629849,-23.5510327],[-46.7623086,-23.5501571],[-46.7621597,-23.5499659]]}},{"type":"Feature","id":"way/41565738","properties":{"highway":"residential","name":"Rua Gago Coutinho","id":"way/41565738"},"geometry":{"type":"LineString","coordinates":[[-46.76405,-23.5540554],[-46.7636745,-23.5534604],[-46.7633405,-23.5529183],[-46.7630374,-23.5523958],[-46.7629825,-23.5523122],[-46.7629141,-23.5522519],[-46.7628028,-23.5522114],[-46.7626821,-23.5522101],[-46.762324,-23.5522114]]}},{"type":"Feature","id":"way/41565739","properties":{"highway":"residential","lanes":"1","name":"Rua Luiz Lopes","surface":"asphalt","id":"way/41565739"},"geometry":{"type":"LineString","coordinates":[[-46.7634626,-23.554364],[-46.7632735,-23.554053],[-46.7629543,-23.5535379],[-46.7624111,-23.5526503],[-46.7623267,-23.5524892],[-46.7622784,-23.5523958],[-46.7622019,-23.5522618]]}},{"type":"Feature","id":"way/41565740","properties":{"highway":"residential","name":"Rua Paulo Ferraz da Costa Aguiar","sidewalk":"both","surface":"asphalt","id":"way/41565740"},"geometry":{"type":"LineString","coordinates":[[-46.7610944,-23.5553289],[-46.7617592,-23.5551541],[-46.7621496,-23.5550352],[-46.7623723,-23.5549553],[-46.7627411,-23.5547844],[-46.7629275,-23.5546664],[-46.7634626,-23.554364],[-46.7638995,-23.5541438],[-46.76405,-23.5540554],[-46.7644678,-23.5538212],[-46.7646483,-23.5536638],[-46.7647854,-23.5535068],[-46.7650393,-23.5532161],[-46.765387,-23.5528181],[-46.765504,-23.5527122],[-46.7657329,-23.5525303],[-46.7660223,-23.5523601],[-46.766169,-23.552278],[-46.7664918,-23.5521645],[-46.7666336,-23.5521712],[-46.7666865,-23.5521773],[-46.7667215,-23.5521733],[-46.7667469,-23.5521683],[-46.7667738,-23.5521511],[-46.7667845,-23.552129]]}},{"type":"Feature","id":"way/41565741","properties":{"highway":"residential","name":"Rua Mateus Bariani","id":"way/41565741"},"geometry":{"type":"LineString","coordinates":[[-46.7629543,-23.5535379],[-46.7622891,-23.553887],[-46.7616776,-23.5542054],[-46.7613557,-23.5542804],[-46.7610942,-23.5542976],[-46.7608581,-23.554273],[-46.760712,-23.5542128],[-46.7605443,-23.5540579],[-46.7604558,-23.5538944],[-46.7603606,-23.5536817],[-46.760319,-23.5535256],[-46.7602748,-23.5533399]]}},{"type":"Feature","id":"way/41565742","properties":{"highway":"residential","name":"Rua Ângelo Este","id":"way/41565742"},"geometry":{"type":"LineString","coordinates":[[-46.7623723,-23.5549553],[-46.7621215,-23.5546701],[-46.7616776,-23.5542054],[-46.761404,-23.5538907],[-46.7612806,-23.5536805],[-46.7611679,-23.5534235],[-46.7610821,-23.5532268],[-46.7609587,-23.5530215],[-46.7608421,-23.5528605],[-46.7606422,-23.5526392],[-46.7603472,-23.552322]]}},{"type":"Feature","id":"way/41565743","properties":{"highway":"residential","name":"Rua Franz Maria Sohn","id":"way/41565743"},"geometry":{"type":"LineString","coordinates":[[-46.7617232,-23.5529502],[-46.7622891,-23.553887]]}},{"type":"Feature","id":"way/41565744","properties":{"highway":"residential","name":"Rua Hamilton Ary Exel Júnior","id":"way/41565744"},"geometry":{"type":"LineString","coordinates":[[-46.7624111,-23.5526503],[-46.7617232,-23.5529502],[-46.7610821,-23.5532268],[-46.7608622,-23.5532858],[-46.760602,-23.5533203],[-46.7602748,-23.5533399],[-46.7601272,-23.5533043],[-46.7600307,-23.5532674],[-46.76,-23.5532578]]}},{"type":"Feature","id":"way/41565746","properties":{"highway":"secondary","lanes":"2","lit":"yes","name":"Avenida Martin Luther King","name:etymology:wikidata":"Q8027","sidewalk":"both","surface":"asphalt","id":"way/41565746"},"geometry":{"type":"LineString","coordinates":[[-46.7601026,-23.5556923],[-46.7601637,-23.5557267],[-46.7605963,-23.5559212],[-46.760769,-23.5559971],[-46.7609412,-23.5560728],[-46.7610114,-23.556104],[-46.7616262,-23.556346],[-46.7619121,-23.5564959],[-46.7619759,-23.5565507],[-46.76206,-23.5566227],[-46.7621523,-23.5567219],[-46.7622596,-23.5568854],[-46.7623146,-23.5570194],[-46.7623658,-23.5571822],[-46.7624054,-23.557311]]}},{"type":"Feature","id":"way/41565748","properties":{"highway":"residential","name":"Rua Adalberto Martins Moita","id":"way/41565748"},"geometry":{"type":"LineString","coordinates":[[-46.7632735,-23.554053],[-46.7621215,-23.5546701]]}},{"type":"Feature","id":"way/41565757","properties":{"highway":"residential","name":"Rua Professor Astoufo Tavares Pais","sidewalk":"both","surface":"asphalt","id":"way/41565757"},"geometry":{"type":"LineString","coordinates":[[-46.7612632,-23.5576894],[-46.7610942,-23.557725],[-46.7600213,-23.5579083],[-46.76,-23.5579121]]}},{"type":"Feature","id":"way/41565763","properties":{"highway":"residential","lit":"yes","name":"Rua Manoel José de Santana","surface":"asphalt","id":"way/41565763"},"geometry":{"type":"LineString","coordinates":[[-46.76,-23.5510144],[-46.7600548,-23.5510705],[-46.7602721,-23.5512672],[-46.7603338,-23.5513201],[-46.760378,-23.551336],[-46.7604317,-23.551341],[-46.7604786,-23.5513373],[-46.7605256,-23.551309],[-46.760653,-23.5512279],[-46.7610136,-23.5509537]]}},{"type":"Feature","id":"way/41565764","properties":{"highway":"residential","name":"Rua Benedito Soares Fernandes","id":"way/41565764"},"geometry":{"type":"LineString","coordinates":[[-46.7612357,-23.5497907],[-46.7612017,-23.5500548],[-46.7611763,-23.550186],[-46.7611016,-23.5505564],[-46.7610803,-23.5506581],[-46.7610362,-23.5508496],[-46.7610136,-23.5509537],[-46.760926,-23.5513564],[-46.760842,-23.5517045],[-46.7607991,-23.5518278],[-46.7605406,-23.552102],[-46.7603472,-23.552322],[-46.76,-23.552666]]}},{"type":"Feature","id":"way/41565765","properties":{"highway":"residential","lit":"yes","name":"Rua Ângelo Maglio","surface":"asphalt","id":"way/41565765"},"geometry":{"type":"LineString","coordinates":[[-46.7609574,-23.5495049],[-46.7611351,-23.5497046],[-46.7612357,-23.5497907],[-46.7613228,-23.5498085],[-46.7614288,-23.5498245],[-46.7615622,-23.5498405],[-46.761634,-23.5498528]]}},{"type":"Feature","id":"way/41565766","properties":{"highway":"residential","lit":"yes","name":"Rua Matilda Paizer","surface":"asphalt","id":"way/41565766"},"geometry":{"type":"LineString","coordinates":[[-46.7609574,-23.5495049],[-46.7604813,-23.5501607],[-46.76,-23.5508157]]}},{"type":"Feature","id":"way/41565767","properties":{"highway":"residential","lit":"yes","name":"Rua Rosa Dangelo Pisapia","oneway":"yes","surface":"asphalt","id":"way/41565767"},"geometry":{"type":"LineString","coordinates":[[-46.76,-23.5495433],[-46.7603204,-23.5499653],[-46.7604813,-23.5501607]]}},{"type":"Feature","id":"way/41565769","properties":{"highway":"residential","name":"Rua José Carlos Catano","id":"way/41565769"},"geometry":{"type":"LineString","coordinates":[[-46.7633405,-23.5529183],[-46.7641016,-23.5524887],[-46.7648084,-23.552099]]}},{"type":"Feature","id":"way/41565770","properties":{"highway":"residential","name":"Rua Sacadura Cabral","id":"way/41565770"},"geometry":{"type":"LineString","coordinates":[[-46.7636745,-23.5534604],[-46.7640891,-23.5532394],[-46.765223,-23.5526351]]}},{"type":"Feature","id":"way/41565771","properties":{"highway":"residential","junction":"roundabout","id":"way/41565771"},"geometry":{"type":"LineString","coordinates":[[-46.7617956,-23.55013],[-46.7617486,-23.5500931],[-46.7617017,-23.5500353],[-46.7616551,-23.5499551],[-46.7616387,-23.5499038],[-46.761634,-23.5498528],[-46.761644,-23.549795],[-46.7616568,-23.5497403],[-46.761693,-23.5496665],[-46.761737,-23.5496182],[-46.7617844,-23.5495734],[-46.761844,-23.5495402],[-46.7618814,-23.5495288],[-46.761923,-23.5495184],[-46.7619612,-23.5495184],[-46.7619967,-23.5495239],[-46.7620437,-23.5495393],[-46.762092,-23.5495657],[-46.7621349,-23.5495934],[-46.7621651,-23.5496167],[-46.7621885,-23.5496499],[-46.76221,-23.5497046],[-46.7622207,-23.5497759],[-46.762216,-23.5498263],[-46.7622066,-23.5498706],[-46.7621824,-23.549927],[-46.7621597,-23.5499659],[-46.7621295,-23.5499997],[-46.7620658,-23.550055],[-46.761982,-23.5501122],[-46.7619116,-23.550138],[-46.7618626,-23.5501417],[-46.7617956,-23.55013]]}},{"type":"Feature","id":"way/41565772","properties":{"highway":"residential","lit":"yes","name":"Rua Silvério Sasso","oneway":"yes","surface":"asphalt","id":"way/41565772"},"geometry":{"type":"LineString","coordinates":[[-46.761844,-23.5495402],[-46.7613383,-23.5488944],[-46.7611612,-23.5486596],[-46.7607361,-23.5480695]]}},{"type":"Feature","id":"way/82538256","properties":{"highway":"secondary","lanes":"3","lit":"yes","name":"Rua Dona Primitiva Vianco","oneway":"yes","surface":"asphalt","id":"way/82538256"},"geometry":{"type":"LineString","coordinates":[[-46.7760626,-23.537967],[-46.7760447,-23.5378462],[-46.7759606,-23.5371267],[-46.775919,-23.5367705],[-46.7758539,-23.5363105],[-46.7758507,-23.5362874],[-46.7757583,-23.5356309],[-46.775754,-23.5356]]}},{"type":"Feature","id":"way/82541110","properties":{"highway":"primary","lanes":"3","lit":"yes","name":"Avenida Bussocaba","oneway":"yes","surface":"paved","id":"way/82541110"},"geometry":{"type":"LineString","coordinates":[[-46.7729072,-23.5384954],[-46.7729441,-23.5386691],[-46.7729769,-23.5387843],[-46.7730198,-23.5390176]]}},{"type":"Feature","id":"way/147215433","properties":{"highway":"primary","horse":"no","lanes":"3","lit":"yes","maxspeed":"50","name":"Rua Aurora Soares Barbosa","oneway":"yes","surface":"asphalt","id":"way/147215433"},"geometry":{"type":"LineString","coordinates":[[-46.774925,-23.5477179],[-46.7746548,-23.5476429],[-46.7743094,-23.5475413],[-46.7738052,-23.5473896],[-46.773749,-23.5473727],[-46.7736892,-23.5473546],[-46.7733713,-23.5472618],[-46.7731333,-23.5471886],[-46.7729455,-23.5471112],[-46.7728738,-23.54707],[-46.7727336,-23.546979],[-46.772625,-23.5468917],[-46.7724815,-23.5467565],[-46.7724037,-23.5466471],[-46.7723394,-23.5465561],[-46.7722589,-23.5463704],[-46.7722332,-23.5462958],[-46.7722247,-23.5462763],[-46.7720979,-23.5458983]]}},{"type":"Feature","id":"way/147215435","properties":{"highway":"secondary","lanes":"1","lit":"yes","name":"Avenida Padre Vicente Melillo","oneway":"yes","surface":"asphalt","id":"way/147215435"},"geometry":{"type":"LineString","coordinates":[[-46.7750591,-23.5477554],[-46.7750407,-23.5478237],[-46.775019,-23.5481419]]}},{"type":"Feature","id":"way/147215437","properties":{"bicycle":"yes","cycleway":"no","foot":"yes","highway":"primary","lanes":"3","maxspeed":"50","name":"Avenida Prefeito Hirant Sanazar","oneway":"yes","surface":"asphalt","id":"way/147215437"},"geometry":{"type":"LineString","coordinates":[[-46.7751548,-23.547494],[-46.7752318,-23.5475167],[-46.7753026,-23.5475373]]}},{"type":"Feature","id":"way/147215686","properties":{"bicycle":"yes","cycleway":"no","foot":"yes","highway":"secondary","horse":"no","lanes":"3","lit":"yes","maxspeed":"40","name":"Rua Narciso Sturlini","oneway":"yes","surface":"asphalt","id":"way/147215686"},"geometry":{"type":"LineString","coordinates":[[-46.7737979,-23.5389333],[-46.773814,-23.5392259],[-46.7738193,-23.5393661]]}},{"type":"Feature","id":"way/147215756","properties":{"bicycle":"yes","cycleway":"no","foot":"yes","highway":"secondary","lanes":"3","lit":"yes","name":"Avenida Padre Vicente Melillo","oneway":"yes","surface":"asphalt","id":"way/147215756"},"geometry":{"type":"LineString","coordinates":[[-46.7751548,-23.547494],[-46.7751422,-23.5475259]]}},{"type":"Feature","id":"way/147602620","properties":{"highway":"residential","lit":"yes","name":"Rua Padre Damaso","oneway":"yes","postal_code":"06016-010","surface":"asphalt","id":"way/147602620"},"geometry":{"type":"LineString","coordinates":[[-46.7759606,-23.5371267],[-46.7760676,-23.5370984],[-46.7764604,-23.536973],[-46.7781813,-23.5364239],[-46.7782621,-23.5363981],[-46.7787291,-23.5362491],[-46.7790277,-23.5361538],[-46.7792,-23.5360988]]}},{"type":"Feature","id":"way/147602625","properties":{"highway":"residential","name":"Rua Presidente Castelo Branco","oneway":"yes","surface":"asphalt","id":"way/147602625"},"geometry":{"type":"LineString","coordinates":[[-46.7780113,-23.5356],[-46.7779922,-23.5356061],[-46.7778904,-23.5356386],[-46.7759578,-23.5362563],[-46.7759432,-23.5362606],[-46.7758507,-23.5362874]]}},{"type":"Feature","id":"way/148451526","properties":{"highway":"primary","lanes":"3","lit":"yes","maxspeed":"60","name":"Avenida Domingos Odália Filho","oneway":"yes","surface":"asphalt","id":"way/148451526"},"geometry":{"type":"LineString","coordinates":[[-46.7725238,-23.5384531],[-46.7725335,-23.5383946],[-46.7725627,-23.5382176],[-46.772631,-23.5369672],[-46.7726625,-23.5363916]]}},{"type":"Feature","id":"way/148452618","properties":{"alt_name":"Avenida dos Autonomistas","bicycle":"yes","bridge":"yes","bridge:structure":"arch","foot":"no","highway":"primary","lanes":"3","layer":"1","lit":"yes","maxspeed":"60","name":"Viaduto Doutor Reynaldo de Oliveira","oneway":"yes","surface":"asphalt","id":"way/148452618"},"geometry":{"type":"LineString","coordinates":[[-46.7705416,-23.5397142],[-46.7719974,-23.5392235],[-46.7727618,-23.5389641],[-46.7736173,-23.5387201]]}},{"type":"Feature","id":"way/148452619","properties":{"highway":"primary","lanes":"3","lit":"yes","maxspeed":"60","name":"Avenida dos Autonomistas","oneway":"yes","surface":"paved","id":"way/148452619"},"geometry":{"type":"LineString","coordinates":[[-46.778474,-23.5372164],[-46.778544,-23.5371946],[-46.7788362,-23.5371036],[-46.7792,-23.536989]]}},{"type":"Feature","id":"way/148452620","properties":{"highway":"primary","lanes":"3","lit":"yes","maxspeed":"60","name":"Avenida dos Autonomistas","oneway":"yes","surface":"paved","id":"way/148452620"},"geometry":{"type":"LineString","coordinates":[[-46.7702766,-23.5398946],[-46.7697736,-23.5400643],[-46.7694811,-23.540163],[-46.7694083,-23.5401876],[-46.7693487,-23.5402075],[-46.7691468,-23.5402751],[-46.768878,-23.5403855],[-46.7686941,-23.5404674],[-46.7684971,-23.5405796]]}},{"type":"Feature","id":"way/148452621","properties":{"bicycle":"yes","bridge":"yes","bridge:name":"Viaduto Doutor Reynaldo de Oliveira","bridge:structure":"arch","foot":"no","highway":"primary","lanes":"3","layer":"1","lit":"yes","maxspeed":"60","name":"Avenida dos Autonomistas","oneway":"yes","surface":"asphalt","id":"way/148452621"},"geometry":{"type":"LineString","coordinates":[[-46.7742943,-23.5386054],[-46.7733559,-23.5388854],[-46.7727564,-23.5390821],[-46.7721757,-23.5392567],[-46.770576,-23.5398]]}},{"type":"Feature","id":"way/148980220","properties":{"bicycle":"yes","cycleway":"no","foot":"yes","highway":"tertiary","lanes":"1","lit":"yes","maxspeed":"60","name":"Avenida Analice Sakatauskas","oneway":"yes","sidewalk":"both","surface":"asphalt","id":"way/148980220"},"geometry":{"type":"LineString","coordinates":[[-46.7751829,-23.5470282],[-46.7753188,-23.5471927],[-46.7753625,-23.5472377],[-46.7754131,-23.5472897]]}},{"type":"Feature","id":"way/151558024","properties":{"highway":"residential","name":"Rua Luiz Rodrigues Filho","postal_code":"06026-075","id":"way/151558024"},"geometry":{"type":"LineString","coordinates":[[-46.762324,-23.5522114],[-46.7622019,-23.5522618],[-46.7613637,-23.5526085],[-46.7612283,-23.5526392],[-46.7611116,-23.552633],[-46.7610124,-23.5525925],[-46.7605406,-23.552102]]}},{"type":"Feature","id":"way/151558031","properties":{"highway":"residential","name":"Rua Luís Antônio de Arruda","oneway":"yes","id":"way/151558031"},"geometry":{"type":"LineString","coordinates":[[-46.762552,-23.5514959],[-46.7622891,-23.5511836],[-46.7621657,-23.5510189],[-46.7620102,-23.5507656],[-46.7618733,-23.550494],[-46.761817,-23.5503095],[-46.7617956,-23.55013]]}},{"type":"Feature","id":"way/151558033","properties":{"highway":"residential","lanes":"2","name":"Rua Artur Eloy","oneway":"yes","surface":"asphalt","id":"way/151558033"},"geometry":{"type":"LineString","coordinates":[[-46.7607991,-23.5518278],[-46.7609346,-23.5519458],[-46.7610204,-23.5520073],[-46.7611264,-23.552038],[-46.7612565,-23.5520307],[-46.7614844,-23.5519557],[-46.7617969,-23.551818],[-46.7619729,-23.5517422],[-46.7620826,-23.551695]]}},{"type":"Feature","id":"way/151587618","properties":{"highway":"secondary","lanes":"2","name":"Avenida Franz Voegeli","oneway":"yes","surface":"asphalt","id":"way/151587618"},"geometry":{"type":"LineString","coordinates":[[-46.7624259,-23.5449406],[-46.7624098,-23.5448158],[-46.7623719,-23.5439687],[-46.7623629,-23.5437689],[-46.7623256,-23.5430103],[-46.7622698,-23.5418762],[-46.7621881,-23.540217],[-46.7621811,-23.5400737],[-46.7621872,-23.5399704],[-46.7622086,-23.5398462],[-46.7622127,-23.539834],[-46.7622415,-23.5397479],[-46.7622656,-23.539703],[-46.7623843,-23.5394909],[-46.7625131,-23.539277],[-46.762552,-23.5391903],[-46.7625754,-23.5391128],[-46.762619,-23.5389321],[-46.7626928,-23.5386284],[-46.7628846,-23.5378034],[-46.7629764,-23.5373755],[-46.7630901,-23.5368886]]}},{"type":"Feature","id":"way/151587620","properties":{"highway":"secondary","lanes":"2","name":"Avenida Franz Voegeli","oneway":"yes","surface":"asphalt","id":"way/151587620"},"geometry":{"type":"LineString","coordinates":[[-46.7634894,-23.5359683],[-46.7634411,-23.5361411],[-46.7633016,-23.5366759],[-46.7632306,-23.5368899],[-46.7630079,-23.5377764],[-46.7628095,-23.5386198],[-46.7627873,-23.5387179],[-46.7627585,-23.5388448],[-46.7626794,-23.5391817],[-46.7626374,-23.5393073],[-46.7625821,-23.5394221],[-46.7625238,-23.5395223],[-46.7623768,-23.5397835],[-46.762334,-23.5398653],[-46.7623126,-23.539936],[-46.7622965,-23.5400141],[-46.7622931,-23.5401149],[-46.7622986,-23.5402175],[-46.7623222,-23.5407261],[-46.7623879,-23.5418744],[-46.7624257,-23.5425764],[-46.7624487,-23.5430067],[-46.7624998,-23.5439644],[-46.7625225,-23.5443886]]}},{"type":"Feature","id":"way/152900913","properties":{"highway":"secondary","lanes":"3","lit":"yes","maxspeed":"60","name":"Avenida Manoel Pedro Pimentel","oneway":"yes","postal_code":"06020-194","surface":"asphalt","id":"way/152900913"},"geometry":{"type":"LineString","coordinates":[[-46.7622726,-23.5356],[-46.7624849,-23.5356419],[-46.7625084,-23.5356471],[-46.7633593,-23.535834]]}},{"type":"Feature","id":"way/152900919","properties":{"highway":"residential","lit":"yes","name":"Rua Alfredo Pinheiro","surface":"asphalt","id":"way/152900919"},"geometry":{"type":"LineString","coordinates":[[-46.76,-23.5363602],[-46.7601058,-23.5365013],[-46.7602409,-23.5366726]]}},{"type":"Feature","id":"way/153027590","properties":{"bicycle":"yes","cycleway":"no","foot":"yes","highway":"tertiary","lanes":"3","name":"Rua Salém Bechara","oneway":"yes","source":"Bing","surface":"asphalt","id":"way/153027590"},"geometry":{"type":"LineString","coordinates":[[-46.7785478,-23.5403774],[-46.77848,-23.5403124],[-46.7784122,-23.5402474],[-46.7782412,-23.5401527],[-46.7778245,-23.5400269],[-46.7770945,-23.5398698],[-46.7767055,-23.5397674],[-46.7766698,-23.539758],[-46.7764646,-23.5397039],[-46.7763881,-23.5396661],[-46.7763206,-23.5396097],[-46.7762621,-23.5395321],[-46.7762061,-23.5394102],[-46.776204,-23.5392141],[-46.7762048,-23.5391947],[-46.7762001,-23.5391048],[-46.7761946,-23.5389997],[-46.7761801,-23.5387217],[-46.7761042,-23.5381827],[-46.7760835,-23.5380659]]}},{"type":"Feature","id":"way/153027592","properties":{"bicycle":"yes","foot":"yes","highway":"secondary","horse":"no","lanes":"2","name":"Avenida Santo Antônio","source":"bing","surface":"asphalt","id":"way/153027592"},"geometry":{"type":"LineString","coordinates":[[-46.7792,-23.5445122],[-46.7788543,-23.5444296],[-46.7787614,-23.5443928],[-46.7783893,-23.5443106],[-46.7782027,-23.5442619],[-46.7780162,-23.5442226],[-46.7779036,-23.5442041],[-46.7777915,-23.544189],[-46.777716,-23.5441973],[-46.7776032,-23.5442103],[-46.7775308,-23.5442312],[-46.7774637,-23.5442545],[-46.777343,-23.544305],[-46.777229,-23.5443541],[-46.777166,-23.5443959],[-46.7771198,-23.5444465],[-46.7770514,-23.5445316],[-46.7769929,-23.544607],[-46.7768869,-23.5447602],[-46.7768388,-23.544825],[-46.7767033,-23.5449934],[-46.7765974,-23.5451102],[-46.7764659,-23.5452025],[-46.7763117,-23.5452541],[-46.7761602,-23.5452566],[-46.776069,-23.5452406],[-46.7759328,-23.5451643],[-46.7758396,-23.5451047],[-46.7757498,-23.5450451],[-46.7756613,-23.5449553],[-46.7756197,-23.5448865],[-46.7755915,-23.5448004],[-46.7755768,-23.5447033],[-46.7755687,-23.5445779],[-46.7755741,-23.5444082],[-46.7755854,-23.5442032],[-46.7755906,-23.5441286],[-46.7756122,-23.5439067],[-46.7756621,-23.5436986],[-46.7756966,-23.5435665],[-46.775749,-23.5434273],[-46.7758161,-23.5432758],[-46.7758837,-23.5431596],[-46.7759878,-23.5430117],[-46.7760972,-23.5428842],[-46.7762212,-23.5427691],[-46.7763649,-23.542637],[-46.7764579,-23.5425677],[-46.7766295,-23.5424767],[-46.7768052,-23.542398],[-46.7769648,-23.5423501],[-46.7770803,-23.5423141],[-46.7771803,-23.5422798],[-46.7774179,-23.5422347],[-46.7774704,-23.5422247],[-46.7775496,-23.5421954],[-46.7777023,-23.5421317],[-46.7778779,-23.5420313],[-46.7780372,-23.5419161],[-46.7782523,-23.5417501],[-46.7783636,-23.5416702],[-46.7784603,-23.5415841],[-46.7784994,-23.5415312],[-46.7785755,-23.5413685],[-46.7787096,-23.5409575],[-46.7788504,-23.5406061],[-46.7789833,-23.5403264],[-46.7790839,-23.5401523],[-46.7791158,-23.5401098],[-46.7792,-23.5399929]]}},{"type":"Feature","id":"way/153032798","properties":{"highway":"residential","name":"Rua Caetano Poli","oneway":"yes","source":"Bing","id":"way/153032798"},"geometry":{"type":"LineString","coordinates":[[-46.7752512,-23.5446105],[-46.7751408,-23.5449895],[-46.7751366,-23.5450047]]}},{"type":"Feature","id":"way/153032799","properties":{"highway":"residential","horse":"no","name":"Rua Alfredo Sturlini","oneway":"yes","source":"Bing","surface":"asphalt","id":"way/153032799"},"geometry":{"type":"LineString","coordinates":[[-46.7749665,-23.5446918],[-46.7750417,-23.5447008],[-46.775096,-23.5447015],[-46.7751349,-23.5446892],[-46.7751718,-23.5446689],[-46.7752512,-23.5446105]]}},{"type":"Feature","id":"way/153032800","properties":{"highway":"residential","name":"Rua Caetano Poli","oneway":"no","source":"Bing","id":"way/153032800"},"geometry":{"type":"LineString","coordinates":[[-46.7752512,-23.5446105],[-46.7753863,-23.544289],[-46.7754439,-23.5441712]]}},{"type":"Feature","id":"way/153032801","properties":{"highway":"residential","horse":"no","name":"Rua Alfredo Sturlini","oneway":"yes","source":"Bing","surface":"asphalt","id":"way/153032801"},"geometry":{"type":"LineString","coordinates":[[-46.773944,-23.5432371],[-46.7743777,-23.5437478],[-46.7746647,-23.5441963],[-46.7746969,-23.5442797],[-46.7749665,-23.5446918],[-46.775043,-23.5448146],[-46.7750792,-23.544876],[-46.7751202,-23.5449499],[-46.7751366,-23.5450047]]}},{"type":"Feature","id":"way/153032802","properties":{"highway":"residential","name":"Rua Paulo Licio Rizzo","oneway":"yes","source":"Bing","id":"way/153032802"},"geometry":{"type":"LineString","coordinates":[[-46.7762001,-23.5391048],[-46.7766703,-23.5389781],[-46.7768092,-23.5389407],[-46.7771687,-23.5388276],[-46.7780331,-23.5385465],[-46.7788383,-23.5383013],[-46.7791963,-23.5382121],[-46.7792,-23.5382111]]}},{"type":"Feature","id":"way/153032803","properties":{"highway":"residential","horse":"no","lanes":"2","lit":"yes","name":"Rua Alfredo Sturlini","oneway":"yes","source":"Bing","surface":"asphalt","id":"way/153032803"},"geometry":{"type":"LineString","coordinates":[[-46.7751366,-23.5450047],[-46.7751289,-23.5456573],[-46.7751276,-23.5457716],[-46.7751164,-23.5461048],[-46.775098,-23.5466516],[-46.7750967,-23.5466912],[-46.7750863,-23.5468668]]}},{"type":"Feature","id":"way/153032805","properties":{"highway":"residential","name":"Rua Machado de Assis","oneway":"yes","source":"Bing","id":"way/153032805"},"geometry":{"type":"LineString","coordinates":[[-46.7792,-23.5384371],[-46.7789894,-23.5386086],[-46.7789092,-23.5386845],[-46.7785456,-23.5390285],[-46.7781207,-23.5395262],[-46.7778245,-23.5400269]]}},{"type":"Feature","id":"way/154360885","properties":{"highway":"tertiary","lanes":"2","maxspeed":"40","name":"Avenida Lucianinho Melli","source":"bing","surface":"paved","id":"way/154360885"},"geometry":{"type":"LineString","coordinates":[[-46.7792,-23.5420083],[-46.7790824,-23.5420145],[-46.778955,-23.5420157],[-46.7787907,-23.5420231],[-46.7787317,-23.5420304],[-46.7786593,-23.5420323],[-46.7786057,-23.5420194],[-46.7785688,-23.5419979],[-46.7785393,-23.5419711],[-46.7785373,-23.541907],[-46.7785393,-23.5418421],[-46.7785363,-23.5417563],[-46.7785171,-23.5416867],[-46.7784603,-23.5415841]]}},{"type":"Feature","id":"way/154546206","properties":{"highway":"primary_link","lanes":"2","name":"Avenida dos Autonomistas","oneway":"yes","surface":"asphalt","id":"way/154546206"},"geometry":{"type":"LineString","coordinates":[[-46.7746221,-23.5385303],[-46.7745053,-23.5386175],[-46.7744204,-23.5386621],[-46.7740836,-23.5388089],[-46.7737979,-23.5389333],[-46.773601,-23.5390441],[-46.7735591,-23.5390677],[-46.7734768,-23.5390828],[-46.773427,-23.5390858],[-46.7733371,-23.5390895],[-46.7732634,-23.5390686],[-46.7732111,-23.5390268],[-46.7731397,-23.5389364],[-46.7731344,-23.5387938],[-46.7731759,-23.5387107],[-46.7732352,-23.5386567],[-46.7733049,-23.5386026],[-46.7736019,-23.5385453],[-46.7736764,-23.5385357],[-46.7737509,-23.5385261],[-46.7738403,-23.5385103],[-46.7739477,-23.5384773],[-46.7741808,-23.5384231],[-46.7743437,-23.5384028],[-46.7744844,-23.5384071],[-46.7745895,-23.5384193]]}},{"type":"Feature","id":"way/154546210","properties":{"highway":"primary_link","lanes":"1","lit":"yes","oneway":"yes","surface":"asphalt","id":"way/154546210"},"geometry":{"type":"LineString","coordinates":[[-46.772448,-23.5400301],[-46.7725097,-23.5399649],[-46.772562,-23.5399342],[-46.7726237,-23.5399255],[-46.77268,-23.5399403],[-46.7727202,-23.539971],[-46.7727596,-23.5400086],[-46.7727939,-23.5400502]]}},{"type":"Feature","id":"way/154546211","properties":{"highway":"primary_link","lanes":"3","name":"Avenida Autonomista","oneway":"yes","surface":"paved","id":"way/154546211"},"geometry":{"type":"LineString","coordinates":[[-46.7720186,-23.5388717],[-46.7720886,-23.5388325],[-46.7721787,-23.5388011],[-46.7722776,-23.5387768],[-46.7724595,-23.5387522],[-46.7726982,-23.5387113],[-46.7729441,-23.5386691],[-46.7730433,-23.5386508],[-46.7733049,-23.5386026]]}},{"type":"Feature","id":"way/154546215","properties":{"highway":"primary_link","lanes":"1","name":"Avenida dos Autonomistas","oneway":"yes","surface":"asphalt","id":"way/154546215"},"geometry":{"type":"LineString","coordinates":[[-46.7729072,-23.5384954],[-46.7730348,-23.5385053],[-46.7733372,-23.5385289],[-46.7736019,-23.5385453]]}},{"type":"Feature","id":"way/154546216","properties":{"highway":"primary_link","lanes":"3","name":"Avenida dos Autonomistas","oneway":"yes","surface":"asphalt","id":"way/154546216"},"geometry":{"type":"LineString","coordinates":[[-46.7720186,-23.5388717],[-46.7721057,-23.5387758],[-46.7722186,-23.5386579],[-46.772335,-23.5385625],[-46.7723954,-23.5385159],[-46.7725238,-23.5384531]]}},{"type":"Feature","id":"way/154546218","properties":{"highway":"primary_link","lanes":"3","oneway":"yes","surface":"asphalt","id":"way/154546218"},"geometry":{"type":"LineString","coordinates":[[-46.7724276,-23.539016],[-46.7725242,-23.5388865],[-46.7725791,-23.5388311],[-46.7726982,-23.5387113]]}},{"type":"Feature","id":"way/154546221","properties":{"highway":"primary_link","lanes":"2","lit":"yes","maxspeed":"60","maxspeed:advisory":"50","name":"Avenida dos Autonomistas","oneway":"yes","surface":"asphalt","id":"way/154546221"},"geometry":{"type":"LineString","coordinates":[[-46.7703929,-23.5397498],[-46.770486,-23.539671],[-46.7706977,-23.539543],[-46.7707599,-23.5395146],[-46.7711592,-23.5393526],[-46.7714435,-23.5392542],[-46.7717768,-23.5391196],[-46.7718639,-23.5390852],[-46.7719377,-23.5390514],[-46.7720121,-23.5390311],[-46.7720819,-23.5390305],[-46.7721469,-23.5390544],[-46.7722113,-23.5391067],[-46.7722629,-23.5392069],[-46.7722669,-23.5392825],[-46.7722468,-23.5393532],[-46.77221,-23.5393989],[-46.7721151,-23.5394773],[-46.7720387,-23.5395172],[-46.7719582,-23.5395418],[-46.7719003,-23.5395569]]}},{"type":"Feature","id":"way/154546224","properties":{"alt_name":"Praça Dalle Coutinho","highway":"primary_link","horse":"no","lanes":"2","lit":"yes","maxspeed:advisory":"40","name":"Avenida dos Autonomistas","oneway":"yes","surface":"asphalt","id":"way/154546224"},"geometry":{"type":"LineString","coordinates":[[-46.7728369,-23.5396919],[-46.7724276,-23.5396355],[-46.7723096,-23.5396205],[-46.7722046,-23.5396069],[-46.7719952,-23.5395772],[-46.7719707,-23.5395769],[-46.7719298,-23.5395681],[-46.7719003,-23.5395569]]}},{"type":"Feature","id":"way/154546227","properties":{"highway":"primary_link","lanes":"1","lit":"yes","oneway":"yes","surface":"asphalt","id":"way/154546227"},"geometry":{"type":"LineString","coordinates":[[-46.7730198,-23.5390176],[-46.773247,-23.5391312],[-46.7733194,-23.5391528],[-46.7733707,-23.5391571],[-46.7734545,-23.5391587],[-46.7735638,-23.5391743],[-46.7736507,-23.5391976],[-46.7737019,-23.5392223],[-46.7737365,-23.5392585],[-46.7738193,-23.5393661]]}},{"type":"Feature","id":"way/154612305","properties":{"highway":"residential","horse":"no","lit":"yes","name":"Passagem Ângelo Bianchy","oneway":"yes","postal_code":"06018-150","surface":"asphalt","id":"way/154612305"},"geometry":{"type":"LineString","coordinates":[[-46.7738813,-23.5409851],[-46.7740901,-23.54097],[-46.7741942,-23.5409796],[-46.7743015,-23.5410128],[-46.77439,-23.5410548],[-46.7744877,-23.5411011],[-46.7745939,-23.5411399],[-46.7747085,-23.5411485],[-46.7748514,-23.5411311],[-46.7749742,-23.5411097],[-46.7751327,-23.5410724],[-46.7752453,-23.5410295],[-46.775442,-23.5409755],[-46.7755836,-23.5409403],[-46.7757227,-23.5409128],[-46.7758284,-23.5409],[-46.7758841,-23.5408931],[-46.776164,-23.5408799],[-46.7764616,-23.5408715],[-46.7765798,-23.5408715],[-46.7767073,-23.5408905],[-46.7768521,-23.5409089],[-46.7769902,-23.5409323],[-46.7771123,-23.5409766],[-46.7773061,-23.5411006]]}},{"type":"Feature","id":"way/154612310","properties":{"highway":"residential","horse":"no","name":"Rua Eclisio Viviani","oneway":"yes","surface":"asphalt","id":"way/154612310"},"geometry":{"type":"LineString","coordinates":[[-46.775773,-23.5418276],[-46.7739101,-23.5419134]]}},{"type":"Feature","id":"way/154612314","properties":{"highway":"residential","name":"Rua Vicente Zanardi","id":"way/154612314"},"geometry":{"type":"LineString","coordinates":[[-46.7792,-23.540218],[-46.7790839,-23.5401523]]}},{"type":"Feature","id":"way/154612315","properties":{"highway":"residential","horse":"no","name":"Rua Afonso Schimidt","oneway":"yes","surface":"paving_stones","id":"way/154612315"},"geometry":{"type":"LineString","coordinates":[[-46.7774631,-23.540889],[-46.7785755,-23.5413685]]}},{"type":"Feature","id":"way/154612322","properties":{"highway":"residential","horse":"no","lit":"yes","maxspeed":"60","name":"Rua Machado de Assis","oneway":"yes","surface":"asphalt","id":"way/154612322"},"geometry":{"type":"LineString","coordinates":[[-46.7770501,-23.5412822],[-46.7768991,-23.5413272],[-46.7767423,-23.5413791],[-46.7765153,-23.541453],[-46.7762515,-23.5415545],[-46.7760987,-23.5416344],[-46.7759635,-23.5417034],[-46.775773,-23.5418276],[-46.7757163,-23.5418645],[-46.7755192,-23.542009],[-46.7752132,-23.5422922],[-46.7750074,-23.5425534],[-46.7749137,-23.5427324],[-46.7748522,-23.5428821],[-46.7747957,-23.5430152],[-46.7746444,-23.543393],[-46.7745642,-23.5435783],[-46.7744824,-23.5436693],[-46.7744167,-23.543721],[-46.7743777,-23.5437478]]}},{"type":"Feature","id":"way/154612353","properties":{"highway":"residential","horse":"no","name":"Rua Patrício Galafrio","oneway":"yes","surface":"asphalt","id":"way/154612353"},"geometry":{"type":"LineString","coordinates":[[-46.7771803,-23.5422798],[-46.7772871,-23.5421688],[-46.7773396,-23.5421098],[-46.7773971,-23.5420419],[-46.7774238,-23.5419652],[-46.777449,-23.5418558],[-46.7774497,-23.5417666],[-46.7774355,-23.5416542],[-46.7773951,-23.5415602],[-46.7773312,-23.5414749],[-46.7772532,-23.5414083],[-46.7771565,-23.5413403],[-46.7770501,-23.5412822]]}},{"type":"Feature","id":"way/156530824","properties":{"highway":"residential","name":"Rua Raul Torres","oneway":"yes","surface":"asphalt","id":"way/156530824"},"geometry":{"type":"LineString","coordinates":[[-46.7654803,-23.547321],[-46.7655151,-23.5472669],[-46.7656674,-23.5470712],[-46.7656781,-23.5470491],[-46.7656844,-23.5470313],[-46.7656851,-23.5470128],[-46.7656791,-23.546991],[-46.7654286,-23.5466919],[-46.7650592,-23.5462327],[-46.7648131,-23.5459211],[-46.7645857,-23.5456475],[-46.7643242,-23.5453604],[-46.7642442,-23.5452902]]}},{"type":"Feature","id":"way/156530826","properties":{"highway":"tertiary","lanes":"2","name":"Rua Mônica Maria Rubacher Smith","oneway":"no","surface":"asphalt","id":"way/156530826"},"geometry":{"type":"LineString","coordinates":[[-46.7653651,-23.5448623],[-46.7657561,-23.5447237],[-46.7660638,-23.5446123],[-46.766531,-23.5444254],[-46.7669903,-23.5443284]]}},{"type":"Feature","id":"way/156530827","properties":{"highway":"tertiary","lanes":"2","name":"Rua Jerônimo A. Silveira","oneway":"yes","surface":"asphalt","id":"way/156530827"},"geometry":{"type":"LineString","coordinates":[[-46.7625506,-23.5453352],[-46.7626847,-23.5453414],[-46.7628886,-23.545366],[-46.7630777,-23.5454016],[-46.7632091,-23.5454606],[-46.763358,-23.5455615],[-46.7634478,-23.5456377],[-46.7635404,-23.5457397]]}},{"type":"Feature","id":"way/156530828","properties":{"highway":"residential","name":"Rua Benedito Américo de Oliveira","id":"way/156530828"},"geometry":{"type":"LineString","coordinates":[[-46.766315,-23.5483599],[-46.7663953,-23.5476585],[-46.7663098,-23.5476298],[-46.7662251,-23.5475972],[-46.7659892,-23.54748],[-46.7658739,-23.5474308],[-46.7657029,-23.5473743],[-46.7656311,-23.5473527],[-46.7655621,-23.5473343],[-46.7654803,-23.547321]]}},{"type":"Feature","id":"way/156530829","properties":{"highway":"tertiary","lanes":"2","lit":"yes","name":"Rua Dimitri Sensaud de Lavaud","note":"IBGE says \"Rua Dimitre Sansaud de Lavaud\" OSM official name says \"Rua Dimitre Sansoud de Lavaud\"","official_name":"Rua Dimitre Sansoud de Lavaud","oneway":"yes","surface":"asphalt","id":"way/156530829"},"geometry":{"type":"LineString","coordinates":[[-46.7723668,-23.5425905],[-46.7721839,-23.5425949],[-46.7708936,-23.5426872]]}},{"type":"Feature","id":"way/156530830","properties":{"highway":"tertiary","lanes":"2","name":"Avenida Yara","surface":"paved","id":"way/156530830"},"geometry":{"type":"LineString","coordinates":[[-46.7626928,-23.54632],[-46.7628209,-23.5464656],[-46.7641541,-23.5480428],[-46.7642344,-23.5481273],[-46.7643021,-23.5482011],[-46.7644746,-23.5483993],[-46.7646065,-23.5485182],[-46.7646696,-23.5485564],[-46.764738,-23.5485896],[-46.7648258,-23.5486135],[-46.7649014,-23.5486218],[-46.765175,-23.5485821],[-46.7654112,-23.5485478],[-46.7661823,-23.5484703],[-46.7662434,-23.5484678],[-46.7662586,-23.5484693],[-46.7663211,-23.5484807],[-46.7663852,-23.5484952],[-46.7664323,-23.5485141],[-46.7666422,-23.5486058],[-46.7667714,-23.548655],[-46.7676451,-23.5490169],[-46.7679003,-23.5491182],[-46.7682302,-23.5492497],[-46.7683482,-23.5493038],[-46.7684622,-23.5493813],[-46.7684998,-23.5494194],[-46.7685601,-23.5494821],[-46.7687772,-23.5497535],[-46.7688362,-23.5498204],[-46.7689805,-23.5499913]]}},{"type":"Feature","id":"way/157332655","properties":{"highway":"residential","name":"Rua Brígida Dias Gonçalves","id":"way/157332655"},"geometry":{"type":"LineString","coordinates":[[-46.7684435,-23.5589723],[-46.7682737,-23.5592]]}},{"type":"Feature","id":"way/157332659","properties":{"highway":"residential","name":"Rua José Aristides Jofre","oneway":"yes","id":"way/157332659"},"geometry":{"type":"LineString","coordinates":[[-46.7668134,-23.558644],[-46.7665176,-23.5585906],[-46.7664083,-23.5585961],[-46.7663045,-23.5586471],[-46.7662186,-23.5587356],[-46.7657606,-23.5592]]}},{"type":"Feature","id":"way/157335340","properties":{"highway":"residential","name":"Rua Nelson Camargo","note":"There is a slight spelling difference between IGBE data (Rua Nelson de Camargo) and OSM data (Rua Nelson Camargo)","oneway":"yes","surface":"asphalt","id":"way/157335340"},"geometry":{"type":"LineString","coordinates":[[-46.7736942,-23.5373932],[-46.7736962,-23.5373427],[-46.7737041,-23.5371484],[-46.7737624,-23.5357086],[-46.7737686,-23.5356]]}},{"type":"Feature","id":"way/157335341","properties":{"highway":"residential","name":"Rua Doutor Antônio José Luciano","oneway":"yes","id":"way/157335341"},"geometry":{"type":"LineString","coordinates":[[-46.7743234,-23.5356],[-46.7743283,-23.5356382],[-46.7743399,-23.5357283]]}},{"type":"Feature","id":"way/157335346","properties":{"highway":"residential","name":"Rua Itabuna","oneway":"yes","surface":"asphalt","id":"way/157335346"},"geometry":{"type":"LineString","coordinates":[[-46.773691,-23.5374728],[-46.7741123,-23.5373534],[-46.7745419,-23.5372059],[-46.7752269,-23.5369843],[-46.775919,-23.5367705]]}},{"type":"Feature","id":"way/157335347","properties":{"highway":"residential","name":"Rua Cônego Afonso","oneway":"yes","surface":"asphalt","id":"way/157335347"},"geometry":{"type":"LineString","coordinates":[[-46.7746557,-23.5356],[-46.7743988,-23.53563],[-46.7743283,-23.5356382],[-46.7742544,-23.5356469],[-46.7739084,-23.5356873],[-46.7738382,-23.5356985],[-46.7737624,-23.5357086],[-46.7730312,-23.5356686]]}},{"type":"Feature","id":"way/157477753","properties":{"highway":"residential","name":"Rua Primo Gasparini","id":"way/157477753"},"geometry":{"type":"LineString","coordinates":[[-46.7712024,-23.5458057],[-46.7709923,-23.5458095],[-46.7703921,-23.5458024],[-46.7703243,-23.5457932],[-46.7702653,-23.5457791],[-46.7702305,-23.5457637],[-46.7701976,-23.5457293],[-46.7701828,-23.5457004],[-46.7701741,-23.5456463],[-46.7701782,-23.545591],[-46.7701913,-23.545506],[-46.7702476,-23.5452995],[-46.7703934,-23.5448275],[-46.7704672,-23.5446123],[-46.7705356,-23.5443984],[-46.7705708,-23.544226]]}},{"type":"Feature","id":"way/157477754","properties":{"highway":"residential","name":"Rua Otávio Antônio Meneguesso","id":"way/157477754"},"geometry":{"type":"LineString","coordinates":[[-46.7654683,-23.549253],[-46.7666157,-23.5495501],[-46.7668703,-23.5496259],[-46.7671359,-23.5496727],[-46.7673102,-23.5496579],[-46.7674363,-23.5496112],[-46.7675409,-23.5495301],[-46.7676187,-23.5494268],[-46.7676884,-23.5492645],[-46.7676964,-23.5491539],[-46.7676451,-23.5490169]]}},{"type":"Feature","id":"way/157477755","properties":{"highway":"residential","name":"Rua João Oxisque","id":"way/157477755"},"geometry":{"type":"LineString","coordinates":[[-46.7684622,-23.5493813],[-46.7684269,-23.5495654],[-46.7683911,-23.549693],[-46.7683037,-23.5498543],[-46.7681685,-23.5500082],[-46.7678676,-23.550225],[-46.7676906,-23.5503047],[-46.7675091,-23.5503357],[-46.7667436,-23.5503357],[-46.7665622,-23.5503047],[-46.7663586,-23.5502206],[-46.7661418,-23.5500702],[-46.7659161,-23.5498091],[-46.7654683,-23.549253],[-46.7653198,-23.5490612],[-46.7652386,-23.5489597],[-46.7651108,-23.548809]]}},{"type":"Feature","id":"way/157477756","properties":{"highway":"tertiary","horse":"no","lanes":"2","lit":"yes","name":"Rua Deputado Emílio Carlos","surface":"asphalt","id":"way/157477756"},"geometry":{"type":"LineString","coordinates":[[-46.7717795,-23.5399356],[-46.7716502,-23.5400327],[-46.7715915,-23.5400768],[-46.7715134,-23.5401398],[-46.7710148,-23.5405419],[-46.7706194,-23.5408608],[-46.7705084,-23.5409485],[-46.7704497,-23.5409949],[-46.7703509,-23.541073],[-46.7699958,-23.5413415],[-46.7697023,-23.5415293],[-46.7696444,-23.5415655],[-46.7691921,-23.5418557],[-46.7690009,-23.5419781],[-46.7684235,-23.5423431],[-46.7682945,-23.5424255],[-46.7680869,-23.5425583],[-46.7678931,-23.5426821],[-46.7667899,-23.5434198],[-46.7662963,-23.5437664],[-46.7661126,-23.5439005],[-46.7660362,-23.5439681],[-46.7658484,-23.5441537],[-46.765721,-23.5442927],[-46.7655368,-23.5444989],[-46.7655081,-23.5445417],[-46.7653884,-23.5447402],[-46.7653669,-23.5448029],[-46.7653651,-23.5448623]]}},{"type":"Feature","id":"way/157477757","properties":{"highway":"residential","lit":"yes","name":"Rua Maria de Lourdes Ponce","oneway":"yes","surface":"asphalt","id":"way/157477757"},"geometry":{"type":"LineString","coordinates":[[-46.7710325,-23.5450118],[-46.771069,-23.5449414],[-46.7711116,-23.5448871],[-46.7711505,-23.5448459],[-46.7711893,-23.5448139],[-46.7712913,-23.5447488],[-46.7714884,-23.5446437],[-46.7716286,-23.5445687],[-46.7717332,-23.5445121],[-46.7718466,-23.5444172],[-46.7719473,-23.5442948]]}},{"type":"Feature","id":"way/157477758","properties":{"highway":"residential","name":"Rua Anita Fabri Prado","id":"way/157477758"},"geometry":{"type":"LineString","coordinates":[[-46.7644984,-23.5472273],[-46.7649275,-23.5465605]]}},{"type":"Feature","id":"way/157477760","properties":{"highway":"residential","name":"Praça José Daniel da Silva","id":"way/157477760"},"geometry":{"type":"LineString","coordinates":[[-46.7643075,-23.5443437],[-46.7643276,-23.5443375],[-46.7643437,-23.5443375],[-46.7643571,-23.5443425],[-46.7644845,-23.5444943],[-46.7645006,-23.5445287],[-46.7645013,-23.5445459],[-46.7644952,-23.5445638],[-46.7644805,-23.5445797],[-46.763644,-23.5448835]]}},{"type":"Feature","id":"way/157477761","properties":{"highway":"residential","name":"Rua João Teixeira Machado","surface":"asphalt","id":"way/157477761"},"geometry":{"type":"LineString","coordinates":[[-46.7691462,-23.5447732],[-46.7690107,-23.5447651],[-46.7668119,-23.5448792]]}},{"type":"Feature","id":"way/157477762","properties":{"highway":"residential","name":"Rua Santina da Costa","oneway":"yes","surface":"asphalt","id":"way/157477762"},"geometry":{"type":"LineString","coordinates":[[-46.7677039,-23.5442913],[-46.7672813,-23.5443062],[-46.7672431,-23.5443056],[-46.7671262,-23.5442975]]}},{"type":"Feature","id":"way/157477763","properties":{"highway":"residential","name":"Rua André Thomaz","surface":"asphalt","id":"way/157477763"},"geometry":{"type":"LineString","coordinates":[[-46.7692704,-23.5436545],[-46.7694613,-23.5436349],[-46.7695968,-23.5436177],[-46.7697188,-23.5436054],[-46.7698435,-23.5435796],[-46.7707146,-23.5433203],[-46.7709614,-23.5432251],[-46.7711303,-23.5431644],[-46.7713035,-23.5431644],[-46.7714204,-23.5432251],[-46.7714542,-23.5432569],[-46.7715149,-23.5433752],[-46.7715285,-23.5435023],[-46.7714507,-23.5436581],[-46.7713425,-23.5437533],[-46.7711563,-23.5438443],[-46.7709831,-23.5439395],[-46.7707752,-23.5440781],[-46.7706843,-23.5441257],[-46.7705708,-23.544226],[-46.7705099,-23.5442816],[-46.770247,-23.5444851],[-46.7700694,-23.544641],[-46.769801,-23.5449181],[-46.7695845,-23.545165],[-46.7694949,-23.5452652],[-46.7694385,-23.5453236],[-46.7694151,-23.5453389],[-46.7693916,-23.5453494],[-46.7693701,-23.5453506],[-46.76935,-23.5453494]]}},{"type":"Feature","id":"way/157477765","properties":{"highway":"residential","name":"Rua Santina da Costa","oneway":"no","surface":"asphalt","id":"way/157477765"},"geometry":{"type":"LineString","coordinates":[[-46.7677039,-23.5442913],[-46.7680831,-23.544259],[-46.7696239,-23.5441851],[-46.7697324,-23.5441765],[-46.7698975,-23.5441709],[-46.7706843,-23.5441257]]}},{"type":"Feature","id":"way/157477766","properties":{"highway":"residential","name":"Rua José Fabiano Rodrigues","id":"way/157477766"},"geometry":{"type":"LineString","coordinates":[[-46.7621885,-23.5496499],[-46.7626995,-23.5492854],[-46.7634639,-23.5487186]]}},{"type":"Feature","id":"way/157477768","properties":{"highway":"residential","name":"Rua Maria de Lourdes Ponce","id":"way/157477768"},"geometry":{"type":"LineString","coordinates":[[-46.7702305,-23.5457637],[-46.7704979,-23.5454747],[-46.7710325,-23.5450118]]}},{"type":"Feature","id":"way/157477773","properties":{"highway":"residential","lanes":"2","name":"Rua Doutor Carlos Morais Barros","surface":"asphalt","id":"way/157477773"},"geometry":{"type":"LineString","coordinates":[[-46.7656929,-23.5453643],[-46.7662597,-23.5449274],[-46.7663237,-23.544878],[-46.7664555,-23.5447828],[-46.7665334,-23.5447265]]}},{"type":"Feature","id":"way/157477775","properties":{"highway":"residential","name":"Rua Celso Bueno da Silveira","surface":"asphalt","id":"way/157477775"},"geometry":{"type":"LineString","coordinates":[[-46.76935,-23.5453494],[-46.7691851,-23.5453229],[-46.7691046,-23.5453131],[-46.7690536,-23.5453113],[-46.7688417,-23.545307],[-46.7686822,-23.5453113],[-46.7678501,-23.5453631],[-46.7668513,-23.5454189],[-46.7657921,-23.5454717],[-46.7657525,-23.5454649],[-46.7657183,-23.5454447],[-46.7656962,-23.5454121],[-46.7656875,-23.5453893],[-46.7656929,-23.5453643]]}},{"type":"Feature","id":"way/157477776","properties":{"highway":"residential","lit":"yes","name":"Rua José Bacarelli","oneway":"yes","surface":"asphalt","id":"way/157477776"},"geometry":{"type":"LineString","coordinates":[[-46.7718288,-23.5419984],[-46.7718265,-23.541901],[-46.7718316,-23.5407925],[-46.771815,-23.5405178],[-46.7718015,-23.5404155],[-46.7717747,-23.5403583],[-46.7717425,-23.5403025],[-46.771643,-23.5401538],[-46.7715915,-23.5400768]]}},{"type":"Feature","id":"way/157477778","properties":{"highway":"residential","name":"Rua Victor Brecheret","id":"way/157477778"},"geometry":{"type":"LineString","coordinates":[[-46.7649398,-23.5506843],[-46.7641813,-23.5496488],[-46.7634639,-23.5487186],[-46.763425,-23.5486596],[-46.763256,-23.5484531],[-46.7624272,-23.5474659],[-46.7622006,-23.54722],[-46.7619905,-23.5469881],[-46.7619133,-23.5469028]]}},{"type":"Feature","id":"way/157477779","properties":{"highway":"residential","lit":"yes","name":"Rua Manoel Saraiva","oneway":"yes","surface":"asphalt","id":"way/157477779"},"geometry":{"type":"LineString","coordinates":[[-46.7692826,-23.5432974],[-46.7694118,-23.5431349],[-46.7705284,-23.5415969],[-46.770615,-23.5414411],[-46.7706453,-23.5412895],[-46.7705804,-23.5411466],[-46.7705151,-23.5410708],[-46.7704497,-23.5409949]]}},{"type":"Feature","id":"way/157477780","properties":{"highway":"residential","name":"Rua Nico Branco","oneway":"yes","surface":"asphalt","id":"way/157477780"},"geometry":{"type":"LineString","coordinates":[[-46.7710148,-23.5405419],[-46.7710636,-23.5406046],[-46.7710962,-23.5406466],[-46.7711665,-23.5407472],[-46.7711975,-23.5408265],[-46.7712042,-23.5409078],[-46.7711997,-23.5414191],[-46.771171,-23.5415625],[-46.771129,-23.5417018],[-46.7710188,-23.5419612],[-46.7707635,-23.542371],[-46.770734,-23.5424435],[-46.7707273,-23.5425087],[-46.7707287,-23.5425736]]}},{"type":"Feature","id":"way/157477783","properties":{"highway":"residential","name":"Rua Vitório Vanucci","id":"way/157477783"},"geometry":{"type":"LineString","coordinates":[[-46.7686822,-23.5453113],[-46.7690215,-23.5449051],[-46.7691462,-23.5447732],[-46.7692525,-23.5446658],[-46.7697324,-23.5441765],[-46.7707146,-23.5433203]]}},{"type":"Feature","id":"way/157477784","properties":{"highway":"residential","name":"Rua Anselmo Pedro de Medeiros","oneway":"yes","surface":"asphalt","id":"way/157477784"},"geometry":{"type":"LineString","coordinates":[[-46.7642442,-23.5452902],[-46.7639709,-23.5451238],[-46.7637764,-23.5449984],[-46.7635967,-23.5449234],[-46.7634411,-23.5449049],[-46.7632896,-23.5449111],[-46.7631206,-23.544959],[-46.7628819,-23.5450512],[-46.7626583,-23.5451432]]}},{"type":"Feature","id":"way/157477785","properties":{"highway":"residential","lit":"yes","name":"Rua Atílio Delanina","oneway":"yes","surface":"asphalt","id":"way/157477785"},"geometry":{"type":"LineString","coordinates":[[-46.7699958,-23.5413415],[-46.7697942,-23.5416298],[-46.7697434,-23.5416944],[-46.7686514,-23.5431871],[-46.7685486,-23.5433346],[-46.7684217,-23.5434239],[-46.7682938,-23.5435027],[-46.7681374,-23.5436037],[-46.7680217,-23.5436844],[-46.7679917,-23.5437263],[-46.767976,-23.5437739],[-46.7679678,-23.5438385],[-46.7680026,-23.5438978]]}},{"type":"Feature","id":"way/157477787","properties":{"highway":"residential","name":"Rua Moema","oneway":"yes","surface":"asphalt","id":"way/157477787"},"geometry":{"type":"LineString","coordinates":[[-46.7637304,-23.5456033],[-46.764286,-23.5462573],[-46.7643464,-23.5463581],[-46.7643625,-23.546411],[-46.7643517,-23.5464614],[-46.7643316,-23.5465217],[-46.7642578,-23.5466569],[-46.7642123,-23.5467479],[-46.7641988,-23.5468118],[-46.7642042,-23.546861],[-46.7642283,-23.5469151],[-46.7642659,-23.5469692],[-46.7644984,-23.5472273],[-46.7648892,-23.5476225]]}},{"type":"Feature","id":"way/157585707","properties":{"bicycle":"designated","cycleway:left":"lane","highway":"secondary","lanes":"2","name":"Avenida Doutor Cândido Mota Filho","oneway":"yes","oneway:bicycle":"yes","sidewalk":"right","source":"Shapefile CET 2021","surface":"asphalt","id":"way/157585707"},"geometry":{"type":"LineString","coordinates":[[-46.762155,-23.5580225],[-46.7619657,-23.5581756],[-46.7618063,-23.5582905],[-46.761583,-23.558415],[-46.7613768,-23.5584873],[-46.760951,-23.5586102],[-46.7604987,-23.5587196],[-46.7603217,-23.5587515],[-46.76,-23.5587713]]}},{"type":"Feature","id":"way/157633079","properties":{"highway":"residential","lit":"yes","name":"Rua Particular","surface":"asphalt","id":"way/157633079"},"geometry":{"type":"LineString","coordinates":[[-46.7782545,-23.556352],[-46.777921,-23.5559892],[-46.7778178,-23.5559044],[-46.7777353,-23.5558466],[-46.77763,-23.555795],[-46.7775033,-23.5557532],[-46.7770466,-23.5556499],[-46.776934,-23.5556278],[-46.7768428,-23.5556081],[-46.7767207,-23.5555676],[-46.7765906,-23.5555024],[-46.7764203,-23.5553942],[-46.7762406,-23.5552381],[-46.776142,-23.5551453],[-46.7760623,-23.5550672]]}},{"type":"Feature","id":"way/157633080","properties":{"highway":"residential","lit":"yes","name":"Rua Dário Zambelli","surface":"asphalt","id":"way/157633080"},"geometry":{"type":"LineString","coordinates":[[-46.7728869,-23.5536209],[-46.7728972,-23.5533694],[-46.7728986,-23.5532686],[-46.772908,-23.5531936],[-46.7729224,-23.5530508],[-46.7730353,-23.5528726],[-46.7731921,-23.5526656],[-46.7733363,-23.5525276],[-46.7735621,-23.5523206],[-46.7735933,-23.5522618],[-46.7736094,-23.5521978],[-46.7736053,-23.5521376],[-46.7735872,-23.5520619],[-46.7733264,-23.5514796],[-46.7732825,-23.5513495],[-46.7732663,-23.5512351],[-46.7732335,-23.5510737],[-46.7731642,-23.5508817],[-46.7730634,-23.5506088],[-46.7730256,-23.5505063]]}},{"type":"Feature","id":"way/157633081","properties":{"highway":"secondary","lanes":"2","lit":"yes","name":"Avenida Martin Luther King","name:etymology:wikidata":"Q8027","surface":"asphalt","id":"way/157633081"},"geometry":{"type":"LineString","coordinates":[[-46.7689482,-23.5549061],[-46.7690591,-23.5547476],[-46.7691549,-23.5546482],[-46.7693296,-23.5544671],[-46.770021,-23.5537321],[-46.770122,-23.5536248],[-46.7707245,-23.5529843],[-46.7710105,-23.5526803],[-46.7713574,-23.552306],[-46.7716994,-23.5519338],[-46.7717398,-23.551891],[-46.7718123,-23.5518137],[-46.7719034,-23.5517168],[-46.772087,-23.5515215],[-46.7721369,-23.5514686],[-46.7726976,-23.5508746],[-46.7729326,-23.5506108],[-46.7730256,-23.5505063],[-46.773067,-23.5504601],[-46.7732791,-23.5502237],[-46.7733254,-23.550172],[-46.7733627,-23.5501366],[-46.7733975,-23.5501036],[-46.7734495,-23.5500541],[-46.7735175,-23.5500095],[-46.7735959,-23.5499728],[-46.7736851,-23.5499517],[-46.7737733,-23.5499403],[-46.7738655,-23.5499333],[-46.7739551,-23.5499362],[-46.7740513,-23.5499597],[-46.7741417,-23.5499905],[-46.7745103,-23.5501562],[-46.7746913,-23.5502376],[-46.7752587,-23.5504902]]}},{"type":"Feature","id":"way/157633083","properties":{"highway":"residential","lit":"yes","name":"Rua Santa Maria","surface":"asphalt","id":"way/157633083"},"geometry":{"type":"LineString","coordinates":[[-46.7729224,-23.5530508],[-46.7721474,-23.5524221]]}},{"type":"Feature","id":"way/157633086","properties":{"highway":"residential","lit":"yes","name":"Rua Capitão José Parente","oneway":"no","surface":"asphalt","id":"way/157633086"},"geometry":{"type":"LineString","coordinates":[[-46.7727758,-23.5517554],[-46.7731921,-23.5526656]]}},{"type":"Feature","id":"way/157633087","properties":{"bicycle":"yes","foot":"yes","highway":"secondary","lanes":"2","maxspeed":"40","name":"Avenida Presidente João Goulart","oneway":"yes","surface":"asphalt","id":"way/157633087"},"geometry":{"type":"LineString","coordinates":[[-46.7792,-23.5559994],[-46.7791729,-23.556004],[-46.7790395,-23.5560286],[-46.778959,-23.5560544],[-46.7788263,-23.5561208],[-46.7787867,-23.5561417],[-46.7786398,-23.556219],[-46.778427,-23.5563734],[-46.7782903,-23.5564986],[-46.7782318,-23.5565523],[-46.7777086,-23.5570401],[-46.777271,-23.5574642],[-46.7764713,-23.5582393],[-46.7763668,-23.5583379],[-46.7763205,-23.5583816],[-46.7762762,-23.5584548],[-46.7762185,-23.5585808],[-46.7761077,-23.5588694],[-46.7759683,-23.5592]]}},{"type":"Feature","id":"way/157633088","properties":{"highway":"residential","name":"Rua Canadá","oneway":"yes","id":"way/157633088"},"geometry":{"type":"LineString","coordinates":[[-46.7774771,-23.558699],[-46.7779995,-23.5584498],[-46.7781334,-23.5583856],[-46.7782418,-23.5583356],[-46.7786423,-23.558151],[-46.7787683,-23.5580921],[-46.7791706,-23.5579038],[-46.7792,-23.5578901]]}},{"type":"Feature","id":"way/157633090","properties":{"highway":"secondary","lanes":"1","lit":"yes","name":"Avenida Martin Luther King","name:etymology:wikidata":"Q8027","oneway":"yes","surface":"asphalt","id":"way/157633090"},"geometry":{"type":"LineString","coordinates":[[-46.7756288,-23.550544],[-46.7755133,-23.5505539],[-46.7754085,-23.5505548],[-46.7752587,-23.5504902]]}},{"type":"Feature","id":"way/157633091","properties":{"highway":"secondary","lanes":"1","lit":"yes","name":"Avenida Martin Luther King","name:etymology:wikidata":"Q8027","oneway":"yes","surface":"asphalt","id":"way/157633091"},"geometry":{"type":"LineString","coordinates":[[-46.7752587,-23.5504902],[-46.7753448,-23.5504779],[-46.7754153,-23.5504555],[-46.7754623,-23.5504295],[-46.7754857,-23.550413],[-46.7755416,-23.5503735]]}},{"type":"Feature","id":"way/157633092","properties":{"highway":"residential","lit":"yes","name":"Rua Alberto Filipini","surface":"asphalt","id":"way/157633092"},"geometry":{"type":"LineString","coordinates":[[-46.7732046,-23.5540913],[-46.7733443,-23.5539364],[-46.773828,-23.5534001]]}},{"type":"Feature","id":"way/157633093","properties":{"highway":"residential","name":"Rua Fagundes Varela","id":"way/157633093"},"geometry":{"type":"LineString","coordinates":[[-46.7759362,-23.5532121],[-46.7764242,-23.5530129],[-46.7772405,-23.5526434],[-46.7774941,-23.5525441]]}},{"type":"Feature","id":"way/157633094","properties":{"highway":"residential","lit":"yes","name":"Rua Julieta Filipini","surface":"asphalt","id":"way/157633094"},"geometry":{"type":"LineString","coordinates":[[-46.7733443,-23.5539364],[-46.7728869,-23.5536209],[-46.7718673,-23.5527929],[-46.7718612,-23.5527757],[-46.7718579,-23.5527572],[-46.7718599,-23.5527326],[-46.7718713,-23.5527123]]}},{"type":"Feature","id":"way/157633095","properties":{"highway":"residential","lit":"yes","name":"Rua Cuevas Torres","surface":"asphalt","id":"way/157633095"},"geometry":{"type":"LineString","coordinates":[[-46.7725649,-23.555788],[-46.7743153,-23.553776],[-46.7751112,-23.5528841],[-46.7753808,-23.5525391],[-46.7761127,-23.5516164],[-46.7762061,-23.5515637]]}},{"type":"Feature","id":"way/157633096","properties":{"highway":"residential","lit":"yes","name":"Rua Dona Lina Filipini","surface":"asphalt","id":"way/157633096"},"geometry":{"type":"LineString","coordinates":[[-46.7732663,-23.5512351],[-46.7727758,-23.5517554],[-46.7723307,-23.5522277],[-46.7721474,-23.5524221],[-46.7718713,-23.5527123]]}},{"type":"Feature","id":"way/157633097","properties":{"highway":"secondary","lanes":"2","lit":"yes","maxspeed":"40","name":"Avenida Martin Luther King","name:etymology:wikidata":"Q8027","oneway":"yes","surface":"asphalt","id":"way/157633097"},"geometry":{"type":"LineString","coordinates":[[-46.7677563,-23.5578256],[-46.7678972,-23.5573858],[-46.7681066,-23.5568155],[-46.7682461,-23.5564356]]}},{"type":"Feature","id":"way/157633098","properties":{"highway":"residential","lit":"yes","name":"Rua Giuseppe Ferrari","surface":"asphalt","id":"way/157633098"},"geometry":{"type":"LineString","coordinates":[[-46.774744,-23.5565071],[-46.7740909,-23.5562847],[-46.7732027,-23.5560028],[-46.7725649,-23.555788],[-46.7724644,-23.5557728],[-46.7723474,-23.5557519],[-46.7720694,-23.555686]]}},{"type":"Feature","id":"way/157633099","properties":{"highway":"secondary","lanes":"3","lit":"yes","maxspeed":"40","name":"Avenida Martin Luther King","name:etymology:wikidata":"Q8027","oneway":"yes","surface":"asphalt","id":"way/157633099"},"geometry":{"type":"LineString","coordinates":[[-46.7683643,-23.5564969],[-46.7682353,-23.5568558],[-46.76815,-23.5570932],[-46.7680169,-23.5573696],[-46.7679976,-23.5574033]]}},{"type":"Feature","id":"way/157633100","properties":{"highway":"residential","lit":"yes","name":"Rua Doutor Alberto Schweitzer","surface":"asphalt","id":"way/157633100"},"geometry":{"type":"LineString","coordinates":[[-46.7764242,-23.5530129],[-46.7765035,-23.5531273],[-46.7765598,-23.5532576],[-46.7765652,-23.5533559],[-46.7765504,-23.5534358],[-46.7765008,-23.5535256],[-46.7763341,-23.5537119],[-46.7759487,-23.5541539],[-46.7750148,-23.555225],[-46.7740909,-23.5562847]]}},{"type":"Feature","id":"way/157633101","properties":{"highway":"residential","lit":"yes","name":"Rua Dionísio Bizarro","postal_code":"06036-060","surface":"asphalt","id":"way/157633101"},"geometry":{"type":"LineString","coordinates":[[-46.7732027,-23.5560028],[-46.7735443,-23.5558528],[-46.7736952,-23.5557821],[-46.7737998,-23.5557126],[-46.7738984,-23.5556309],[-46.7739923,-23.5555374],[-46.7740794,-23.5554452],[-46.7745441,-23.5548939],[-46.7754909,-23.5538095],[-46.775735,-23.5535268],[-46.7758477,-23.553383],[-46.7759013,-23.5532957],[-46.7759362,-23.5532121],[-46.775967,-23.5530805],[-46.7759871,-23.5530105],[-46.7760126,-23.5528998],[-46.7762547,-23.5521314],[-46.7762965,-23.5520015]]}},{"type":"Feature","id":"way/157689910","properties":{"highway":"residential","name":"Rua Peru","surface":"asphalt","id":"way/157689910"},"geometry":{"type":"LineString","coordinates":[[-46.7784749,-23.5590343],[-46.7781334,-23.5583856]]}},{"type":"Feature","id":"way/157689913","properties":{"highway":"residential","name":"Rua Uruguai","id":"way/157689913"},"geometry":{"type":"LineString","coordinates":[[-46.7792,-23.5579487],[-46.7791706,-23.5579038]]}},{"type":"Feature","id":"way/157689915","properties":{"highway":"residential","name":"Rua Paraguai","id":"way/157689915"},"geometry":{"type":"LineString","coordinates":[[-46.7786423,-23.558151],[-46.7791884,-23.5591683]]}},{"type":"Feature","id":"way/157689922","properties":{"highway":"residential","lanes":"2","maxspeed":"40","name":"Rua Chile","surface":"asphalt","id":"way/157689922"},"geometry":{"type":"LineString","coordinates":[[-46.7773043,-23.5592],[-46.7774959,-23.5587999],[-46.7774771,-23.558699]]}},{"type":"Feature","id":"way/157693023","properties":{"highway":"residential","lit":"yes","name":"Rua Estacio de Sa","surface":"asphalt","id":"way/157693023"},"geometry":{"type":"LineString","coordinates":[[-46.7711749,-23.550802],[-46.7717184,-23.5501718]]}},{"type":"Feature","id":"way/157693024","properties":{"highway":"residential","lit":"yes","name":"Rua Visconde de Porto Seguro","surface":"asphalt","id":"way/157693024"},"geometry":{"type":"LineString","coordinates":[[-46.7716153,-23.5511494],[-46.7716722,-23.5510882],[-46.7723648,-23.5503427]]}},{"type":"Feature","id":"way/157693025","properties":{"highway":"residential","lit":"yes","name":"Rua Pedro Pinto de Carvalho","surface":"asphalt","id":"way/157693025"},"geometry":{"type":"LineString","coordinates":[[-46.7716994,-23.5519338],[-46.7716401,-23.5518863],[-46.7708065,-23.5512178],[-46.7698268,-23.5504312],[-46.7698174,-23.5504109],[-46.7698154,-23.5503876],[-46.7698248,-23.5503587]]}},{"type":"Feature","id":"way/157693026","properties":{"highway":"residential","lit":"yes","name":"Rua Ana Martinelli Lovera","surface":"asphalt","id":"way/157693026"},"geometry":{"type":"LineString","coordinates":[[-46.7745086,-23.5526454],[-46.7737914,-23.5510752],[-46.7736035,-23.5506638],[-46.7734063,-23.5502321],[-46.7733627,-23.5501366]]}},{"type":"Feature","id":"way/157693027","properties":{"highway":"residential","name":"Rua Amancio M. Bianco","id":"way/157693027"},"geometry":{"type":"LineString","coordinates":[[-46.7749407,-23.5521663],[-46.7746929,-23.5517375],[-46.7745247,-23.5513773]]}},{"type":"Feature","id":"way/157693028","properties":{"highway":"tertiary","lanes":"2","lit":"yes","name":"Rua Bezerra de Menezes","oneway":"yes","surface":"asphalt","id":"way/157693028"},"geometry":{"type":"LineString","coordinates":[[-46.772087,-23.5515215],[-46.772017,-23.5514663],[-46.7716153,-23.5511494],[-46.7714434,-23.5510138],[-46.7712004,-23.5508221],[-46.7711749,-23.550802],[-46.7702272,-23.5500385],[-46.7700779,-23.5497825]]}},{"type":"Feature","id":"way/157693029","properties":{"highway":"residential","lit":"yes","name":"Rua José Segundo Poli","surface":"asphalt","id":"way/157693029"},"geometry":{"type":"LineString","coordinates":[[-46.7746929,-23.5517375],[-46.7748583,-23.5515086],[-46.7751741,-23.5510951],[-46.77552,-23.5506499],[-46.7755803,-23.5506074],[-46.7756531,-23.5505755]]}},{"type":"Feature","id":"way/157693030","properties":{"highway":"residential","name":"Rua Agnaldo Soares Bonfim","oneway":"yes","id":"way/157693030"},"geometry":{"type":"LineString","coordinates":[[-46.7705386,-23.5498845],[-46.77032,-23.5499909],[-46.7702272,-23.5500385]]}},{"type":"Feature","id":"way/157693031","properties":{"highway":"residential","lit":"yes","name":"Rua Carmo Caracho","surface":"asphalt","id":"way/157693031"},"geometry":{"type":"LineString","coordinates":[[-46.7751741,-23.5510951],[-46.7748861,-23.5509291],[-46.7745522,-23.5507767],[-46.7743336,-23.5506795],[-46.7740653,-23.5505873],[-46.7739715,-23.5505652],[-46.773887,-23.5505677],[-46.7737565,-23.5506],[-46.7736035,-23.5506638]]}},{"type":"Feature","id":"way/157742343","properties":{"bicycle":"yes","foot":"yes","highway":"footway","motor_vehicle":"private","name":"Viela Antônio Borelio","oneway":"no","surface":"paving_stones","id":"way/157742343"},"geometry":{"type":"LineString","coordinates":[[-46.7758815,-23.5477083],[-46.7766524,-23.5468577],[-46.7767519,-23.5467539],[-46.7768952,-23.546608],[-46.7769166,-23.5465862],[-46.7770538,-23.5463933],[-46.7772276,-23.5461416],[-46.7773878,-23.5458774],[-46.7778584,-23.5451913]]}},{"type":"Feature","id":"way/157742346","properties":{"bicycle":"yes","cycleway":"no","foot":"yes","highway":"residential","lanes":"2","name":"Rua Michael Kalinin","oneway":"no","sidewalk":"both","surface":"asphalt","id":"way/157742346"},"geometry":{"type":"LineString","coordinates":[[-46.7770422,-23.5489128],[-46.7775214,-23.5486247],[-46.7775721,-23.5485835],[-46.7776622,-23.5485219],[-46.777681,-23.5484937],[-46.7776823,-23.5484605],[-46.7776756,-23.5484396],[-46.7765571,-23.5474745]]}},{"type":"Feature","id":"way/157742349","properties":{"highway":"residential","name":"Avenida Monte Ararat","id":"way/157742349"},"geometry":{"type":"LineString","coordinates":[[-46.7773955,-23.5498084],[-46.7767449,-23.5499394]]}},{"type":"Feature","id":"way/157742352","properties":{"highway":"residential","name":"Rua Raimundo Testa","id":"way/157742352"},"geometry":{"type":"LineString","coordinates":[[-46.7792,-23.5464737],[-46.7790301,-23.5463241]]}},{"type":"Feature","id":"way/157742353","properties":{"highway":"residential","name":"Rua Pouso Alegre","oneway":"no","surface":"asphalt","id":"way/157742353"},"geometry":{"type":"LineString","coordinates":[[-46.7760654,-23.5458129],[-46.7768055,-23.5458657]]}},{"type":"Feature","id":"way/157742354","properties":{"highway":"residential","lanes":"2","name":"Rua José Ângelo Francisco Pregnolato","oneway":"no","oneway:conditional":"yes@ (Su 07:00-16:00)","id":"way/157742354"},"geometry":{"type":"LineString","coordinates":[[-46.7778003,-23.5524351],[-46.7778626,-23.55238]]}},{"type":"Feature","id":"way/157742355","properties":{"bridge":"viaduct","highway":"residential","lanes":"2","layer":"1","name":"Rua José Ângelo Francisco Pregnolato","oneway":"no","oneway:conditional":"yes@ (Su 07:00-16:00)","id":"way/157742355"},"geometry":{"type":"LineString","coordinates":[[-46.7778626,-23.55238],[-46.7779826,-23.5522783]]}},{"type":"Feature","id":"way/157742356","properties":{"highway":"residential","name":"Rua Antônio Nouche","surface":"asphalt","id":"way/157742356"},"geometry":{"type":"LineString","coordinates":[[-46.7784513,-23.5483125],[-46.7770019,-23.5470503]]}},{"type":"Feature","id":"way/157742358","properties":{"highway":"residential","name":"Rua Atílio Fabri","surface":"asphalt","id":"way/157742358"},"geometry":{"type":"LineString","coordinates":[[-46.7791931,-23.5472425],[-46.7786779,-23.5468413]]}},{"type":"Feature","id":"way/157742364","properties":{"highway":"residential","name":"Rua Antônio Gomes Heleno","id":"way/157742364"},"geometry":{"type":"LineString","coordinates":[[-46.7775728,-23.5449556],[-46.7773522,-23.5452172],[-46.7768055,-23.5458657],[-46.776371,-23.54639],[-46.776212,-23.546582]]}},{"type":"Feature","id":"way/157742365","properties":{"highway":"residential","name":"Rua Natal Martinetto","id":"way/157742365"},"geometry":{"type":"LineString","coordinates":[[-46.777849,-23.5470151],[-46.7786122,-23.5458455],[-46.7789117,-23.5454239]]}},{"type":"Feature","id":"way/157742367","properties":{"alt_name":"Rua Alonso Ferreira da Silva","highway":"residential","name":"Rua Plácido Vieira","surface":"asphalt","id":"way/157742367"},"geometry":{"type":"LineString","coordinates":[[-46.7785491,-23.5476326],[-46.7791931,-23.5472425],[-46.7792,-23.5472392]]}},{"type":"Feature","id":"way/157742368","properties":{"highway":"residential","lanes":"2","name":"Rua Capitão Alberto Mendes Júnior","oneway":"no","surface":"asphalt","id":"way/157742368"},"geometry":{"type":"LineString","coordinates":[[-46.7792,-23.547921],[-46.7789823,-23.5480366],[-46.7784513,-23.5483125]]}},{"type":"Feature","id":"way/157742370","properties":{"highway":"residential","name":"Rua Mário Maglio","surface":"asphalt","id":"way/157742370"},"geometry":{"type":"LineString","coordinates":[[-46.7789823,-23.5480366],[-46.7785491,-23.5476326],[-46.7783088,-23.547409],[-46.777849,-23.5470151],[-46.7773801,-23.5466295]]}},{"type":"Feature","id":"way/157742371","properties":{"highway":"residential","name":"Rua João Bricola","surface":"asphalt","id":"way/157742371"},"geometry":{"type":"LineString","coordinates":[[-46.7786122,-23.5458455],[-46.7781208,-23.5454127],[-46.7778584,-23.5451913],[-46.7775728,-23.5449556],[-46.7770514,-23.5445316]]}},{"type":"Feature","id":"way/157742372","properties":{"highway":"residential","name":"Rua Benedito Honório Brandão","oneway":"no","surface":"asphalt","id":"way/157742372"},"geometry":{"type":"LineString","coordinates":[[-46.7766524,-23.5468577],[-46.776212,-23.546582],[-46.7761042,-23.5465049],[-46.7760493,-23.5463959],[-46.7760493,-23.5461568],[-46.7760654,-23.5458129],[-46.776069,-23.5452406]]}},{"type":"Feature","id":"way/157742374","properties":{"bicycle":"yes","cycleway":"no","foot":"yes","highway":"residential","lanes":"2","name":"Rua Paulo Emigdio Pereira","oneway":"no","sidewalk":"both","surface":"asphalt","id":"way/157742374"},"geometry":{"type":"LineString","coordinates":[[-46.7761078,-23.5479093],[-46.7765571,-23.5474745],[-46.7770019,-23.5470503],[-46.7771029,-23.5469618],[-46.7771995,-23.5468647],[-46.7772546,-23.5467943],[-46.7772853,-23.5467552],[-46.7773801,-23.5466295],[-46.7774704,-23.5464786],[-46.7778919,-23.5457879],[-46.7781208,-23.5454127]]}},{"type":"Feature","id":"way/157742375","properties":{"highway":"residential","name":"Avenida Monte Ararat","oneway":"no","surface":"asphalt","id":"way/157742375"},"geometry":{"type":"LineString","coordinates":[[-46.7773955,-23.5498084],[-46.777668,-23.5497491],[-46.7777773,-23.5497008],[-46.778495,-23.5493985],[-46.7789912,-23.5491784],[-46.7790636,-23.5491416],[-46.7792,-23.5490621]]}},{"type":"Feature","id":"way/157742376","properties":{"highway":"residential","name":"Rua Francisco Perotti","id":"way/157742376"},"geometry":{"type":"LineString","coordinates":[[-46.7783088,-23.547409],[-46.7786779,-23.5468413],[-46.7790301,-23.5463241]]}},{"type":"Feature","id":"way/157802562","properties":{"bicycle":"yes","bridge":"yes","highway":"primary_link","lanes":"2","layer":"1","name":"Avenida Maria Campos","oneway":"yes","source":"Bing","surface":"asphalt","id":"way/157802562"},"geometry":{"type":"LineString","coordinates":[[-46.7727231,-23.5363912],[-46.7729217,-23.5363861]]}},{"type":"Feature","id":"way/157802563","properties":{"highway":"primary_link","lanes":"2","name":"Avenida Maria Campos","oneway":"yes","source":"Bing","id":"way/157802563"},"geometry":{"type":"LineString","coordinates":[[-46.7729217,-23.5363861],[-46.7729925,-23.5363833]]}},{"type":"Feature","id":"way/157802806","properties":{"highway":"secondary","lanes":"2","lit":"yes","maxspeed":"60","name":"Avenida Manoel Pedro Pimentel","oneway":"yes","surface":"asphalt","id":"way/157802806"},"geometry":{"type":"LineString","coordinates":[[-46.7619922,-23.5356757],[-46.761624,-23.5356]]}},{"type":"Feature","id":"way/157859287","properties":{"highway":"service","oneway":"yes","service":"driveway","surface":"asphalt","id":"way/157859287"},"geometry":{"type":"LineString","coordinates":[[-46.7683986,-23.5404335],[-46.768389,-23.540421],[-46.768269,-23.5402434],[-46.7680544,-23.539813],[-46.7677895,-23.5392407],[-46.7677224,-23.5390891]]}},{"type":"Feature","id":"way/157859289","properties":{"highway":"service","oneway":"yes","service":"driveway","surface":"asphalt","id":"way/157859289"},"geometry":{"type":"LineString","coordinates":[[-46.7678301,-23.5390442],[-46.768106,-23.5397325],[-46.7681119,-23.539746],[-46.7681952,-23.5399489],[-46.7682602,-23.5400546],[-46.7683065,-23.540121],[-46.7683749,-23.5401751],[-46.7684446,-23.5402065],[-46.7685217,-23.5402274],[-46.7687095,-23.5402317],[-46.7688596,-23.5402053]]}},{"type":"Feature","id":"way/157859290","properties":{"access":"customers","highway":"service","service":"driveway","surface":"paved","id":"way/157859290"},"geometry":{"type":"LineString","coordinates":[[-46.7694522,-23.5376251],[-46.769288,-23.5376869],[-46.7691357,-23.5377443],[-46.7689864,-23.5378005],[-46.7688193,-23.5378635],[-46.768662,-23.5379227],[-46.7685129,-23.5379789],[-46.7683552,-23.5380383],[-46.7681922,-23.5380997],[-46.7680443,-23.5381554],[-46.7678751,-23.5382192],[-46.767729,-23.5382742],[-46.7675623,-23.5383567]]}},{"type":"Feature","id":"way/157859292","properties":{"access":"customers","highway":"service","service":"driveway","surface":"paved","id":"way/157859292"},"geometry":{"type":"LineString","coordinates":[[-46.770002,-23.538923],[-46.7698791,-23.538953],[-46.7697232,-23.5390143],[-46.7695895,-23.5390606],[-46.7694322,-23.539116],[-46.7692834,-23.5391609],[-46.7691321,-23.539226],[-46.7690015,-23.5392753],[-46.7688559,-23.5393176],[-46.7687039,-23.5393459],[-46.768593,-23.5393669],[-46.7685384,-23.5393772],[-46.7683885,-23.5394107],[-46.7682382,-23.5394393]]}},{"type":"Feature","id":"way/157859293","properties":{"access":"customers","highway":"service","service":"parking_aisle","id":"way/157859293"},"geometry":{"type":"LineString","coordinates":[[-46.7694322,-23.539116],[-46.7691672,-23.5385057]]}},{"type":"Feature","id":"way/157859295","properties":{"access":"customers","highway":"service","service":"parking_aisle","id":"way/157859295"},"geometry":{"type":"LineString","coordinates":[[-46.7694522,-23.5376251],[-46.7697465,-23.5382887]]}},{"type":"Feature","id":"way/157859297","properties":{"access":"customers","highway":"service","maxspeed":"20","service":"parking_aisle","surface":"asphalt","id":"way/157859297"},"geometry":{"type":"LineString","coordinates":[[-46.7683552,-23.5380383],[-46.7686492,-23.5386997]]}},{"type":"Feature","id":"way/157859298","properties":{"access":"customers","highway":"service","maxspeed":"20","service":"parking_aisle","surface":"paved","id":"way/157859298"},"geometry":{"type":"LineString","coordinates":[[-46.7688559,-23.5393176],[-46.7685834,-23.5387243]]}},{"type":"Feature","id":"way/157859299","properties":{"access":"customers","highway":"service","maxspeed":"20","service":"parking_aisle","surface":"paved","id":"way/157859299"},"geometry":{"type":"LineString","coordinates":[[-46.7691321,-23.539226],[-46.7688723,-23.5386161]]}},{"type":"Feature","id":"way/157859300","properties":{"access":"customers","highway":"service","maxspeed":"20","service":"parking_aisle","surface":"asphalt","id":"way/157859300"},"geometry":{"type":"LineString","coordinates":[[-46.7685129,-23.5379789],[-46.7688076,-23.5386403]]}},{"type":"Feature","id":"way/157859303","properties":{"access":"customers","highway":"service","service":"parking_aisle","id":"way/157859303"},"geometry":{"type":"LineString","coordinates":[[-46.7691357,-23.5377443],[-46.7694322,-23.5384064]]}},{"type":"Feature","id":"way/157859304","properties":{"access":"customers","highway":"service","maxspeed":"20","service":"parking_aisle","surface":"paved","id":"way/157859304"},"geometry":{"type":"LineString","coordinates":[[-46.7692834,-23.5391609],[-46.7690218,-23.5385601]]}},{"type":"Feature","id":"way/157859305","properties":{"access":"customers","highway":"service","maxspeed":"20","service":"parking_aisle","surface":"paved","id":"way/157859305"},"geometry":{"type":"LineString","coordinates":[[-46.768662,-23.5379227],[-46.768957,-23.5385844]]}},{"type":"Feature","id":"way/157859306","properties":{"highway":"residential","name":"Rua Durval Vicentini","oneway":"yes","source":"Bing","id":"way/157859306"},"geometry":{"type":"LineString","coordinates":[[-46.7655368,-23.5444989],[-46.7645811,-23.5433829]]}},{"type":"Feature","id":"way/157859307","properties":{"access":"customers","highway":"service","maxspeed":"20","service":"parking_aisle","surface":"paved","id":"way/157859307"},"geometry":{"type":"LineString","coordinates":[[-46.7687039,-23.5393459],[-46.7684385,-23.5387758]]}},{"type":"Feature","id":"way/157859309","properties":{"access":"customers","highway":"service","maxspeed":"20","service":"parking_aisle","surface":"paved","id":"way/157859309"},"geometry":{"type":"LineString","coordinates":[[-46.7698791,-23.538953],[-46.7696087,-23.5383403]]}},{"type":"Feature","id":"way/157859310","properties":{"access":"customers","highway":"service","maxspeed":"20","service":"parking_aisle","surface":"paved","id":"way/157859310"},"geometry":{"type":"LineString","coordinates":[[-46.767729,-23.5382742],[-46.7679787,-23.5388414],[-46.7680188,-23.5389304],[-46.7681815,-23.5392711]]}},{"type":"Feature","id":"way/157859313","properties":{"access":"customers","highway":"service","service":"parking_aisle","id":"way/157859313"},"geometry":{"type":"LineString","coordinates":[[-46.7689864,-23.5378005],[-46.7692828,-23.5384624]]}},{"type":"Feature","id":"way/157859314","properties":{"access":"customers","highway":"service","maxspeed":"20","service":"parking_aisle","surface":"paved","id":"way/157859314"},"geometry":{"type":"LineString","coordinates":[[-46.7690015,-23.5392753],[-46.7687366,-23.5386659]]}},{"type":"Feature","id":"way/157859317","properties":{"access":"customers","highway":"service","maxspeed":"20","service":"parking_aisle","surface":"paved","id":"way/157859317"},"geometry":{"type":"LineString","coordinates":[[-46.7683885,-23.5394107],[-46.7681649,-23.538881],[-46.7678751,-23.5382192]]}},{"type":"Feature","id":"way/157859318","properties":{"access":"customers","highway":"service","service":"parking_aisle","id":"way/157859318"},"geometry":{"type":"LineString","coordinates":[[-46.769288,-23.5376869],[-46.7695861,-23.5383488]]}},{"type":"Feature","id":"way/157859320","properties":{"access":"customers","highway":"service","maxspeed":"20","service":"parking_aisle","surface":"paved","id":"way/157859320"},"geometry":{"type":"LineString","coordinates":[[-46.7695895,-23.5390606],[-46.7693151,-23.5384503]]}},{"type":"Feature","id":"way/157859321","properties":{"access":"customers","highway":"service","maxspeed":"20","service":"parking_aisle","surface":"paved","id":"way/157859321"},"geometry":{"type":"LineString","coordinates":[[-46.7681922,-23.5380997],[-46.7684863,-23.5387607]]}},{"type":"Feature","id":"way/157859322","properties":{"access":"customers","highway":"service","service":"parking_aisle","id":"way/157859322"},"geometry":{"type":"LineString","coordinates":[[-46.7697232,-23.5390143],[-46.7694649,-23.5383942]]}},{"type":"Feature","id":"way/157859323","properties":{"access":"customers","highway":"service","maxspeed":"20","service":"parking_aisle","surface":"paved","id":"way/157859323"},"geometry":{"type":"LineString","coordinates":[[-46.7685384,-23.5393772],[-46.7682755,-23.5388396]]}},{"type":"Feature","id":"way/157859324","properties":{"access":"customers","highway":"service","service":"parking_aisle","id":"way/157859324"},"geometry":{"type":"LineString","coordinates":[[-46.7680443,-23.5381554],[-46.7683369,-23.5388166]]}},{"type":"Feature","id":"way/157859326","properties":{"access":"customers","highway":"service","maxspeed":"20","service":"parking_aisle","surface":"paved","id":"way/157859326"},"geometry":{"type":"LineString","coordinates":[[-46.7688193,-23.5378635],[-46.7691154,-23.5385251]]}},{"type":"Feature","id":"way/157859327","properties":{"access":"customers","highway":"service","service":"driveway","surface":"paved","id":"way/157859327"},"geometry":{"type":"LineString","coordinates":[[-46.7698777,-23.538243],[-46.7697465,-23.5382887],[-46.7696087,-23.5383403],[-46.7695861,-23.5383488],[-46.7694649,-23.5383942],[-46.7694322,-23.5384064],[-46.7693151,-23.5384503],[-46.7692828,-23.5384624],[-46.7691672,-23.5385057],[-46.7691154,-23.5385251],[-46.7690218,-23.5385601],[-46.768957,-23.5385844],[-46.7688723,-23.5386161],[-46.7688076,-23.5386403],[-46.7687366,-23.5386659],[-46.7686492,-23.5386997],[-46.7685834,-23.5387243],[-46.7684863,-23.5387607],[-46.7684385,-23.5387758],[-46.7683369,-23.5388166],[-46.7682755,-23.5388396],[-46.7681649,-23.538881],[-46.7680188,-23.5389304],[-46.7678279,-23.5389855]]}},{"type":"Feature","id":"way/157859334","properties":{"highway":"primary_link","lanes":"2","lit":"yes","noname":"yes","note":"Retorno","oneway":"yes","surface":"asphalt","id":"way/157859334"},"geometry":{"type":"LineString","coordinates":[[-46.7691468,-23.5402751],[-46.7689973,-23.5404444],[-46.7689222,-23.5405341],[-46.7688525,-23.5406276],[-46.7687881,-23.5406829],[-46.7687371,-23.5407137],[-46.7686728,-23.5407259],[-46.7686218,-23.5407198],[-46.7685441,-23.5406617]]}},{"type":"Feature","id":"way/158029556","properties":{"highway":"primary_link","lanes":"2","name":"Avenida Maria Campos","oneway":"yes","source":"Bing","id":"way/158029556"},"geometry":{"type":"LineString","coordinates":[[-46.7726625,-23.5363916],[-46.7726932,-23.536391],[-46.7727231,-23.5363912]]}},{"type":"Feature","id":"way/158029567","properties":{"highway":"service","oneway":"yes","service":"driveway","surface":"asphalt","id":"way/158029567"},"geometry":{"type":"LineString","coordinates":[[-46.7654836,-23.5426324],[-46.7655433,-23.5424608],[-46.7655791,-23.542377],[-46.7656254,-23.5422685],[-46.7656404,-23.542248],[-46.7656582,-23.5422238],[-46.765758,-23.5421278],[-46.7659298,-23.5420089],[-46.7663172,-23.5417923],[-46.7665303,-23.5416827],[-46.7667301,-23.5416291],[-46.7667835,-23.5416332],[-46.7669105,-23.5416431]]}},{"type":"Feature","id":"way/158029578","properties":{"highway":"service","oneway":"yes","id":"way/158029578"},"geometry":{"type":"LineString","coordinates":[[-46.7650216,-23.5412276],[-46.7650042,-23.5412294],[-46.7649847,-23.5412227],[-46.7649673,-23.5412116],[-46.7649592,-23.5411956],[-46.7649318,-23.5411421],[-46.7648782,-23.5410151],[-46.7648186,-23.5408909],[-46.7647447,-23.5407553],[-46.7646899,-23.5406224],[-46.7646339,-23.5404844],[-46.7645681,-23.5403548],[-46.7645127,-23.5402206],[-46.7644604,-23.5400949],[-46.764403,-23.5399512],[-46.7643478,-23.5398116],[-46.7643323,-23.5397307],[-46.7643287,-23.5396596],[-46.7643363,-23.5394872]]}},{"type":"Feature","id":"way/158029584","properties":{"highway":"service","oneway":"yes","id":"way/158029584"},"geometry":{"type":"LineString","coordinates":[[-46.7646508,-23.5393876],[-46.7647097,-23.539517],[-46.7647687,-23.5396578],[-46.7648265,-23.5397883],[-46.7648839,-23.5399215],[-46.764937,-23.5400558],[-46.7650018,-23.5401894],[-46.7650595,-23.5403172],[-46.7651182,-23.5404509],[-46.7651725,-23.5405858],[-46.7652389,-23.5407204],[-46.7652898,-23.5408489],[-46.7653542,-23.540978],[-46.7653763,-23.5410321],[-46.7653763,-23.5410579],[-46.7653676,-23.5410788],[-46.7653482,-23.5411009]]}},{"type":"Feature","id":"way/158029588","properties":{"highway":"residential","lanes":"1","maxspeed":"50","name":"Rua Clotilde Galesi","note":"There is a slight spelling difference between IGBE data (Galesi) and OSM data (Calesi)","oneway":"yes","source":"Bing","surface":"asphalt","id":"way/158029588"},"geometry":{"type":"LineString","coordinates":[[-46.7771198,-23.5444465],[-46.7770158,-23.5444049],[-46.7768817,-23.5443615],[-46.7768052,-23.544305],[-46.7767704,-23.5442423],[-46.7767543,-23.5441894],[-46.7767543,-23.5441218],[-46.7767784,-23.5439607],[-46.776875,-23.5437185],[-46.7769836,-23.5435722],[-46.777034,-23.5435224],[-46.7771089,-23.5434637],[-46.777146,-23.5434445],[-46.7773252,-23.5433664],[-46.7773647,-23.5433463],[-46.7775524,-23.5432851],[-46.7776424,-23.5432532],[-46.7777108,-23.5432243],[-46.7778351,-23.5431715],[-46.7779183,-23.5431407],[-46.7780169,-23.5430958],[-46.7780934,-23.5430457],[-46.7782072,-23.5429575],[-46.7783683,-23.5427398],[-46.7784259,-23.5426415],[-46.7784736,-23.5425468],[-46.7784921,-23.5424889],[-46.7784969,-23.5424595],[-46.7784996,-23.5424428],[-46.7785205,-23.5422425],[-46.7785245,-23.5421998],[-46.7785268,-23.5421491],[-46.7785393,-23.5419711]]}},{"type":"Feature","id":"way/158029593","properties":{"highway":"service","oneway":"yes","service":"parking_aisle","id":"way/158029593"},"geometry":{"type":"LineString","coordinates":[[-46.7646899,-23.5406224],[-46.7651182,-23.5404509]]}},{"type":"Feature","id":"way/158029595","properties":{"highway":"service","oneway":"yes","service":"parking_aisle","id":"way/158029595"},"geometry":{"type":"LineString","coordinates":[[-46.7645681,-23.5403548],[-46.7650018,-23.5401894]]}},{"type":"Feature","id":"way/158029600","properties":{"highway":"service","oneway":"yes","id":"way/158029600"},"geometry":{"type":"LineString","coordinates":[[-46.7653482,-23.5411009],[-46.7650216,-23.5412276]]}},{"type":"Feature","id":"way/158029601","properties":{"highway":"service","oneway":"yes","service":"parking_aisle","id":"way/158029601"},"geometry":{"type":"LineString","coordinates":[[-46.7644604,-23.5400949],[-46.7648839,-23.5399215]]}},{"type":"Feature","id":"way/158029603","properties":{"highway":"service","oneway":"yes","service":"parking_aisle","id":"way/158029603"},"geometry":{"type":"LineString","coordinates":[[-46.7648186,-23.5408909],[-46.7652389,-23.5407204]]}},{"type":"Feature","id":"way/158029607","properties":{"highway":"service","oneway":"yes","service":"parking_aisle","id":"way/158029607"},"geometry":{"type":"LineString","coordinates":[[-46.7648265,-23.5397883],[-46.764403,-23.5399512]]}},{"type":"Feature","id":"way/158029608","properties":{"highway":"service","oneway":"yes","service":"parking_aisle","id":"way/158029608"},"geometry":{"type":"LineString","coordinates":[[-46.7643478,-23.5398116],[-46.7647687,-23.5396578]]}},{"type":"Feature","id":"way/158029609","properties":{"highway":"service","oneway":"yes","service":"parking_aisle","id":"way/158029609"},"geometry":{"type":"LineString","coordinates":[[-46.7649318,-23.5411421],[-46.7653542,-23.540978]]}},{"type":"Feature","id":"way/158029615","properties":{"highway":"service","oneway":"yes","service":"parking_aisle","id":"way/158029615"},"geometry":{"type":"LineString","coordinates":[[-46.7643363,-23.5394872],[-46.7645241,-23.5394036],[-46.7645965,-23.5393796],[-46.764622,-23.5393772],[-46.7646414,-23.5393796],[-46.7646508,-23.5393876]]}},{"type":"Feature","id":"way/158029616","properties":{"highway":"service","oneway":"yes","service":"parking_aisle","id":"way/158029616"},"geometry":{"type":"LineString","coordinates":[[-46.764937,-23.5400558],[-46.7645127,-23.5402206]]}},{"type":"Feature","id":"way/158029618","properties":{"highway":"service","oneway":"yes","service":"parking_aisle","id":"way/158029618"},"geometry":{"type":"LineString","coordinates":[[-46.7650595,-23.5403172],[-46.7646339,-23.5404844]]}},{"type":"Feature","id":"way/158029626","properties":{"highway":"service","oneway":"yes","service":"parking_aisle","id":"way/158029626"},"geometry":{"type":"LineString","coordinates":[[-46.7652898,-23.5408489],[-46.7648782,-23.5410151]]}},{"type":"Feature","id":"way/158029628","properties":{"highway":"service","oneway":"yes","service":"parking_aisle","id":"way/158029628"},"geometry":{"type":"LineString","coordinates":[[-46.7647097,-23.539517],[-46.7643287,-23.5396596]]}},{"type":"Feature","id":"way/158029630","properties":{"highway":"service","service":"driveway","id":"way/158029630"},"geometry":{"type":"LineString","coordinates":[[-46.7650844,-23.5418344],[-46.7640796,-23.5395399]]}},{"type":"Feature","id":"way/158029635","properties":{"highway":"service","oneway":"yes","service":"parking_aisle","id":"way/158029635"},"geometry":{"type":"LineString","coordinates":[[-46.7651725,-23.5405858],[-46.7647447,-23.5407553]]}},{"type":"Feature","id":"way/158029636","properties":{"highway":"service","oneway":"yes","service":"driveway","id":"way/158029636"},"geometry":{"type":"LineString","coordinates":[[-46.7640796,-23.5395399],[-46.7640446,-23.5394325],[-46.7640232,-23.5393128],[-46.7640231,-23.5392348],[-46.764019,-23.5391578],[-46.7640138,-23.5390108],[-46.7640474,-23.5387592],[-46.7640613,-23.5386106],[-46.7640883,-23.5382531],[-46.7641197,-23.5381108]]}},{"type":"Feature","id":"way/158029640","properties":{"highway":"residential","oneway":"yes","id":"way/158029640"},"geometry":{"type":"LineString","coordinates":[[-46.7732688,-23.5434349],[-46.7732332,-23.5434327],[-46.7731802,-23.5434314],[-46.7731512,-23.5434318]]}},{"type":"Feature","id":"way/158029645","properties":{"highway":"residential","lit":"yes","name":"Praça Mário Batiston","note":"There is a slight spelling difference between IGBE data (Battiston) and OSM data (Batiston)","oneway":"yes","surface":"asphalt","id":"way/158029645"},"geometry":{"type":"LineString","coordinates":[[-46.7732606,-23.5432099],[-46.7732688,-23.5434349],[-46.7733481,-23.5447505]]}},{"type":"Feature","id":"way/158029646","properties":{"highway":"residential","name":"Rua Henrique de Carvalho","source":"Bing","id":"way/158029646"},"geometry":{"type":"LineString","coordinates":[[-46.7792,-23.5440103],[-46.7789178,-23.5440147],[-46.7788359,-23.544016]]}},{"type":"Feature","id":"way/158029648","properties":{"highway":"service","oneway":"yes","service":"driveway","id":"way/158029648"},"geometry":{"type":"LineString","coordinates":[[-46.7655791,-23.542377],[-46.7655008,-23.5423648],[-46.7653007,-23.5422479]]}},{"type":"Feature","id":"way/158029651","properties":{"highway":"secondary_link","lanes":"1","oneway":"yes","surface":"asphalt","id":"way/158029651"},"geometry":{"type":"LineString","coordinates":[[-46.762619,-23.5389321],[-46.7626616,-23.5388162],[-46.7626851,-23.5387781],[-46.7627149,-23.5387498],[-46.7627454,-23.5387299],[-46.7627873,-23.5387179]]}},{"type":"Feature","id":"way/158029653","properties":{"highway":"residential","name":"Rua Itápolis","source":"Bing","id":"way/158029653"},"geometry":{"type":"LineString","coordinates":[[-46.7787907,-23.5420231],[-46.778795,-23.542503],[-46.7788054,-23.5435407],[-46.7788359,-23.544016],[-46.7788543,-23.5444296]]}},{"type":"Feature","id":"way/158029655","properties":{"highway":"residential","lit":"yes","name":"Rua Dimitri Sensaud de Lavaud","official_name":"Rua Dimitre Sansoud de Lavaud","oneway":"yes","surface":"asphalt","id":"way/158029655"},"geometry":{"type":"LineString","coordinates":[[-46.773928,-23.5424921],[-46.7737495,-23.542545],[-46.7737302,-23.5425422],[-46.7733683,-23.5425537],[-46.7731844,-23.5425595],[-46.7729322,-23.5425675],[-46.7727767,-23.5425724],[-46.7726786,-23.54258]]}},{"type":"Feature","id":"way/158029657","properties":{"highway":"residential","lit":"yes","name":"Rua Albino Guilherme Esteves","surface":"asphalt","id":"way/158029657"},"geometry":{"type":"LineString","coordinates":[[-46.7740638,-23.5447042],[-46.7739467,-23.544709],[-46.7733481,-23.5447505],[-46.7730268,-23.5447639],[-46.7724116,-23.5447719],[-46.7723689,-23.5447725],[-46.7721913,-23.5447843]]}},{"type":"Feature","id":"way/158029659","properties":{"highway":"residential","name":"Rua Armando Binotti","oneway":"yes","id":"way/158029659"},"geometry":{"type":"LineString","coordinates":[[-46.7725234,-23.5432358],[-46.7731768,-23.543214],[-46.7732606,-23.5432099],[-46.7738233,-23.5431788],[-46.7738742,-23.5431917],[-46.7738977,-23.5432027],[-46.773944,-23.5432371]]}},{"type":"Feature","id":"way/158029660","properties":{"highway":"service","oneway":"yes","service":"driveway","id":"way/158029660"},"geometry":{"type":"LineString","coordinates":[[-46.7654836,-23.5426324],[-46.7654586,-23.5425295],[-46.7654444,-23.5424787],[-46.7654331,-23.5424448],[-46.7654105,-23.5424016],[-46.7653007,-23.5422479]]}},{"type":"Feature","id":"way/158029663","properties":{"highway":"residential","lit":"yes","name":"Praça Mário Batiston","note":"There is a slight spelling difference between IGBE data (Battiston) and OSM data (Batiston)","oneway":"yes","surface":"asphalt","id":"way/158029663"},"geometry":{"type":"LineString","coordinates":[[-46.7730268,-23.5447639],[-46.7730178,-23.5443531],[-46.7730683,-23.5439993],[-46.7731512,-23.5434318],[-46.7731768,-23.543214]]}},{"type":"Feature","id":"way/158029665","properties":{"highway":"service","oneway":"yes","service":"driveway","id":"way/158029665"},"geometry":{"type":"LineString","coordinates":[[-46.7643363,-23.5394872],[-46.7643355,-23.5393556],[-46.7643265,-23.5393223],[-46.764303,-23.5392981],[-46.764254,-23.5392685]]}},{"type":"Feature","id":"way/158029666","properties":{"highway":"service","oneway":"yes","service":"driveway","id":"way/158029666"},"geometry":{"type":"LineString","coordinates":[[-46.7641197,-23.5381108],[-46.7642069,-23.5383027],[-46.7643034,-23.5385731],[-46.764463,-23.5389346],[-46.7644832,-23.5390108],[-46.7644826,-23.5390651],[-46.7644558,-23.5391348],[-46.7644001,-23.53921],[-46.764254,-23.5392685],[-46.7641505,-23.5392615],[-46.7641076,-23.5392469],[-46.764076,-23.5392231],[-46.764019,-23.5391578]]}},{"type":"Feature","id":"way/158029669","properties":{"highway":"residential","name":"Rua Emílio de Menezes","source":"Bing","id":"way/158029669"},"geometry":{"type":"LineString","coordinates":[[-46.7792,-23.5437509],[-46.7791607,-23.5437917],[-46.7789736,-23.5439557],[-46.7789178,-23.5440147]]}},{"type":"Feature","id":"way/158214092","properties":{"highway":"residential","name":"Rua Maria Tereza Farabulini Rodrigues","id":"way/158214092"},"geometry":{"type":"LineString","coordinates":[[-46.7600707,-23.5427853],[-46.7600378,-23.5429105],[-46.76,-23.5430545]]}},{"type":"Feature","id":"way/159687235","properties":{"highway":"residential","name":"Rua Maria Delfina do Espírito Santo","source":"Bing","surface":"asphalt","id":"way/159687235"},"geometry":{"type":"LineString","coordinates":[[-46.7792,-23.5507376],[-46.7790314,-23.5505245],[-46.7786262,-23.5499759]]}},{"type":"Feature","id":"way/159687253","properties":{"highway":"residential","name":"Rua Maria Eudóxia de Oliveira Negri","source":"Bing","surface":"asphalt","id":"way/159687253"},"geometry":{"type":"LineString","coordinates":[[-46.7790314,-23.5505245],[-46.7790522,-23.5504591],[-46.7790637,-23.5504073],[-46.7792,-23.5497493]]}},{"type":"Feature","id":"way/159687256","properties":{"highway":"residential","name":"Rua Pedro Alexandre Brotto","source":"Bing","surface":"asphalt","id":"way/159687256"},"geometry":{"type":"LineString","coordinates":[[-46.7786262,-23.5499759],[-46.7792,-23.5496951]]}},{"type":"Feature","id":"way/162801184","properties":{"name":"Ribeirão Bussocaba","waterway":"river","id":"way/162801184"},"geometry":{"type":"LineString","coordinates":[[-46.7727469,-23.5383692],[-46.7729014,-23.5356]]}},{"type":"Feature","id":"way/162801185","properties":{"layer":"-1","name":"Ribeirão Bussocaba","tunnel":"culvert","waterway":"river","id":"way/162801185"},"geometry":{"type":"LineString","coordinates":[[-46.7724643,-23.5427957],[-46.772486,-23.5427077],[-46.772557,-23.5424197],[-46.7726188,-23.5421159],[-46.7726446,-23.5417915],[-46.7726446,-23.5415022],[-46.7726446,-23.5409057],[-46.7726394,-23.5400251],[-46.7726755,-23.5393453],[-46.7727393,-23.5384735],[-46.7727469,-23.5383692]]}},{"type":"Feature","id":"way/179505292","properties":{"highway":"primary","lanes":"3","lit":"yes","maxspeed":"60","name":"Avenida Maria Campos","oneway":"yes","surface":"asphalt","id":"way/179505292"},"geometry":{"type":"LineString","coordinates":[[-46.7730355,-23.5356],[-46.7730312,-23.5356686],[-46.7730233,-23.5358394],[-46.7729925,-23.5363833]]}},{"type":"Feature","id":"way/180654898","properties":{"highway":"primary","lanes":"3","name":"Avenida Maria Campos","oneway":"yes","surface":"paved","id":"way/180654898"},"geometry":{"type":"LineString","coordinates":[[-46.7729925,-23.5363833],[-46.7729496,-23.5371739],[-46.7729334,-23.5374722],[-46.7729094,-23.5384083],[-46.7729072,-23.5384954]]}},{"type":"Feature","id":"way/182418800","properties":{"highway":"primary","lanes":"3","maxspeed":"60","name":"Avenida dos Autonomistas","oneway":"yes","surface":"asphalt","id":"way/182418800"},"geometry":{"type":"LineString","coordinates":[[-46.761357,-23.5475163],[-46.7611934,-23.5477228],[-46.7611092,-23.5478137],[-46.761102,-23.5478215],[-46.7610499,-23.5478777],[-46.7610077,-23.5479158],[-46.7609695,-23.5479435],[-46.7608944,-23.5479908],[-46.7607361,-23.5480695],[-46.7605403,-23.5481593],[-46.7603192,-23.5482533],[-46.7600924,-23.5483498],[-46.76,-23.5483839]]}},{"type":"Feature","id":"way/182750998","properties":{"foot":"yes","highway":"service","name":"Rua Alonso Ferreira da Silva","service":"driveway","id":"way/182750998"},"geometry":{"type":"LineString","coordinates":[[-46.7792,-23.5483477],[-46.7784213,-23.548683],[-46.7783515,-23.5487076],[-46.7783113,-23.5487174],[-46.7782368,-23.5487307]]}},{"type":"Feature","id":"way/182751133","properties":{"access":"designated","bicycle":"designated","foot":"yes","highway":"service","motor_vehicle":"no","name":"Viela Ernesto Conceição","oneway":"no","service":"alley","sidewalk":"no","surface":"concrete","id":"way/182751133"},"geometry":{"type":"LineString","coordinates":[[-46.7773015,-23.5492748],[-46.7777926,-23.5489679],[-46.7780605,-23.5488111]]}},{"type":"Feature","id":"way/182751154","properties":{"bicycle":"designated","foot":"yes","highway":"service","maxspeed":"20","name":"Passagem Minoru Asao","oneway":"no","service":"alley","sidewalk":"no","surface":"concrete","id":"way/182751154"},"geometry":{"type":"LineString","coordinates":[[-46.7777926,-23.5489679],[-46.7775214,-23.5486247]]}},{"type":"Feature","id":"way/182751303","properties":{"highway":"residential","name":"Rua Professor Diogo Pires Correa","oneway":"yes","id":"way/182751303"},"geometry":{"type":"LineString","coordinates":[[-46.7754131,-23.5472897],[-46.7754529,-23.5472429],[-46.7756217,-23.5470448],[-46.7756519,-23.5470054],[-46.7756666,-23.5469753],[-46.775674,-23.5469495],[-46.7756869,-23.5459696],[-46.7757498,-23.5450451]]}},{"type":"Feature","id":"way/182751546","properties":{"highway":"residential","horse":"no","name":"Rua Clorinda Rinaldi Mazzo","oneway":"yes","surface":"asphalt","id":"way/182751546"},"geometry":{"type":"LineString","coordinates":[[-46.7748522,-23.5428821],[-46.7751765,-23.5428923],[-46.7752046,-23.5428978],[-46.7752308,-23.5429077],[-46.7752482,-23.5429316],[-46.7752536,-23.5429759],[-46.7752436,-23.5430963],[-46.7752427,-23.5431814],[-46.7752267,-23.5433602],[-46.7751935,-23.5435041],[-46.7751678,-23.5435766],[-46.7751237,-23.5436714],[-46.775034,-23.543815],[-46.7749579,-23.5439289],[-46.7748218,-23.5440657],[-46.7746647,-23.5441963]]}},{"type":"Feature","id":"way/191455963","properties":{"highway":"residential","name":"Rua Osório Andrade","id":"way/191455963"},"geometry":{"type":"LineString","coordinates":[[-46.7781974,-23.5490112],[-46.7774604,-23.5494731]]}},{"type":"Feature","id":"way/197533935","properties":{"highway":"secondary","lanes":"2","lit":"yes","name":"Avenida Martin Luther King","name:etymology:wikidata":"Q8027","surface":"asphalt","id":"way/197533935"},"geometry":{"type":"LineString","coordinates":[[-46.767256,-23.5583173],[-46.7673558,-23.5582831],[-46.7675114,-23.5581799],[-46.7676225,-23.5580666],[-46.7676251,-23.558064],[-46.7676562,-23.5580323],[-46.7676646,-23.558015],[-46.7677064,-23.5579287],[-46.7677563,-23.5578256]]}},{"type":"Feature","id":"way/197533942","properties":{"highway":"residential","name":"Rua Guido Mazzoni","sidewalk":"both","source":"Bing","surface":"asphalt","id":"way/197533942"},"geometry":{"type":"LineString","coordinates":[[-46.7606992,-23.5592],[-46.7606851,-23.5591886],[-46.7605786,-23.5591022],[-46.7605211,-23.5590552],[-46.7603702,-23.5589219],[-46.7603297,-23.5588613],[-46.7603245,-23.5587895],[-46.7603217,-23.5587515]]}},{"type":"Feature","id":"way/197533946","properties":{"highway":"residential","name":"Rua Conde Luiz Eduardo Matarazzo","sidewalk":"both","source":"Bing","surface":"dirt","id":"way/197533946"},"geometry":{"type":"LineString","coordinates":[[-46.7644797,-23.5592],[-46.7644803,-23.5591165],[-46.7644213,-23.5589823],[-46.7643503,-23.5588735],[-46.7642583,-23.5588081],[-46.7633666,-23.5582379],[-46.7629731,-23.5579962],[-46.7628483,-23.5578969],[-46.7627567,-23.5578055]]}},{"type":"Feature","id":"way/245422044","properties":{"highway":"service","service":"driveway","id":"way/245422044"},"geometry":{"type":"LineString","coordinates":[[-46.7641197,-23.5381108],[-46.7642772,-23.5375074],[-46.7644771,-23.5367212],[-46.764553,-23.5364736],[-46.7645587,-23.5364548]]}},{"type":"Feature","id":"way/245422045","properties":{"highway":"secondary_link","lanes":"1","lit":"yes","maxspeed":"40","name":"Avenida Hilário Pereira de Souza","oneway":"yes","source":"Bing","surface":"asphalt","id":"way/245422045"},"geometry":{"type":"LineString","coordinates":[[-46.765927,-23.5356],[-46.765891,-23.5356188],[-46.7657287,-23.5356827],[-46.7655721,-23.5357415],[-46.76521,-23.5358349],[-46.7650934,-23.5358657],[-46.7649874,-23.5358743],[-46.7648976,-23.5358657],[-46.7647702,-23.5358509],[-46.7646108,-23.5358241]]}},{"type":"Feature","id":"way/245438739","properties":{"highway":"service","oneway":"yes","service":"driveway","id":"way/245438739"},"geometry":{"type":"LineString","coordinates":[[-46.7645587,-23.5364548],[-46.7646039,-23.5363069],[-46.7646703,-23.5361128],[-46.7647147,-23.5360475],[-46.7647753,-23.5360075],[-46.7648536,-23.5359994],[-46.7649852,-23.5359956],[-46.7650625,-23.5360008],[-46.7652011,-23.5360288],[-46.7655037,-23.5360993],[-46.7655896,-23.5361104],[-46.7656566,-23.5361091],[-46.7656982,-23.5360735],[-46.7657107,-23.536054],[-46.765725,-23.5360317],[-46.7657344,-23.5359788],[-46.7657197,-23.5359284],[-46.765658,-23.5358362],[-46.7656016,-23.5357808],[-46.7655721,-23.5357415]]}},{"type":"Feature","id":"way/245438740","properties":{"highway":"service","oneway":"yes","service":"driveway","id":"way/245438740"},"geometry":{"type":"LineString","coordinates":[[-46.7644001,-23.53921],[-46.7644188,-23.5392801],[-46.7644469,-23.539341],[-46.7644746,-23.539369],[-46.7645241,-23.5394036]]}},{"type":"Feature","id":"way/245438741","properties":{"highway":"service","oneway":"yes","service":"driveway","source":"Bing","id":"way/245438741"},"geometry":{"type":"LineString","coordinates":[[-46.7658892,-23.5358483],[-46.7658993,-23.5359192],[-46.7658936,-23.5359967],[-46.7658725,-23.5360894],[-46.7658647,-23.5361117],[-46.765832,-23.5362054]]}},{"type":"Feature","id":"way/245438742","properties":{"highway":"service","oneway":"yes","service":"driveway","id":"way/245438742"},"geometry":{"type":"LineString","coordinates":[[-46.764254,-23.5392685],[-46.7641729,-23.539316],[-46.7641411,-23.5393465],[-46.7641137,-23.5393901],[-46.7640796,-23.5395399]]}},{"type":"Feature","id":"way/245438743","properties":{"bicycle":"yes","crossing":"uncontrolled","crossing:markings":"zebra","footway":"crossing","highway":"footway","surface":"asphalt","id":"way/245438743"},"geometry":{"type":"LineString","coordinates":[[-46.7648976,-23.5358657],[-46.7648833,-23.5358099],[-46.7648717,-23.5357699],[-46.7648377,-23.5356722],[-46.7648222,-23.5356162],[-46.7648167,-23.5356]]}},{"type":"Feature","id":"way/245438745","properties":{"highway":"service","oneway":"yes","service":"driveway","source":"Bing","id":"way/245438745"},"geometry":{"type":"LineString","coordinates":[[-46.7656566,-23.5361091],[-46.7657524,-23.5361676],[-46.765832,-23.5362054],[-46.7658933,-23.5362419],[-46.7661116,-23.5363461]]}},{"type":"Feature","id":"way/245438747","properties":{"highway":"secondary_link","lanes":"1","lit":"yes","name":"Avenida Manoel Pedroso Pimentel","oneway":"yes","source":"Bing","surface":"asphalt","id":"way/245438747"},"geometry":{"type":"LineString","coordinates":[[-46.76521,-23.5358349],[-46.7650907,-23.5358189],[-46.7650229,-23.5357955],[-46.7649906,-23.5357658],[-46.7649725,-23.5357537]]}},{"type":"Feature","id":"way/245438748","properties":{"highway":"service","oneway":"yes","service":"driveway","source":"Bing","id":"way/245438748"},"geometry":{"type":"LineString","coordinates":[[-46.7661116,-23.5363461],[-46.7661877,-23.5365272],[-46.7662798,-23.5368073],[-46.7662926,-23.5368977],[-46.7662928,-23.5369426],[-46.7662794,-23.536993],[-46.766242,-23.5370565],[-46.7661709,-23.5370955],[-46.7660923,-23.5371386],[-46.7660281,-23.5371739],[-46.7659074,-23.53741],[-46.7657813,-23.5377001],[-46.7658044,-23.5378235],[-46.7658725,-23.5379706],[-46.7659155,-23.5380592],[-46.7658752,-23.5381723],[-46.7658189,-23.5382903],[-46.7658001,-23.5383567],[-46.7658377,-23.5384698],[-46.765963,-23.5387583],[-46.7659781,-23.538791],[-46.7662216,-23.5393184],[-46.766443,-23.5398308],[-46.7667187,-23.5404397]]}},{"type":"Feature","id":"way/245438749","properties":{"highway":"service","oneway":"yes","service":"driveway","source":"Bing","id":"way/245438749"},"geometry":{"type":"LineString","coordinates":[[-46.765891,-23.5356188],[-46.7658894,-23.5356701],[-46.7658834,-23.5357574],[-46.7658892,-23.5358483],[-46.7659586,-23.5359321],[-46.766008,-23.536012],[-46.7660368,-23.536104],[-46.7661116,-23.5363461]]}},{"type":"Feature","id":"way/245438750","properties":{"highway":"service","oneway":"yes","service":"driveway","id":"way/245438750"},"geometry":{"type":"LineString","coordinates":[[-46.7640138,-23.5390108],[-46.7639789,-23.5389432],[-46.7639413,-23.5389038],[-46.7639078,-23.5388768],[-46.7638676,-23.5388583],[-46.7637965,-23.538851],[-46.7631682,-23.5388288],[-46.7628403,-23.538838],[-46.7627585,-23.5388448]]}},{"type":"Feature","id":"way/245438752","properties":{"highway":"service","oneway":"yes","service":"driveway","id":"way/245438752"},"geometry":{"type":"LineString","coordinates":[[-46.7627873,-23.5387179],[-46.7628755,-23.5387083],[-46.7629885,-23.5387071],[-46.7638508,-23.5386887],[-46.7639105,-23.5386825],[-46.7639668,-23.5386634],[-46.7640613,-23.5386106],[-46.7641281,-23.5385983],[-46.7641864,-23.5385924],[-46.7642444,-23.5385817],[-46.7643034,-23.5385731]]}},{"type":"Feature","id":"way/250585885","properties":{"highway":"residential","lanes":"2","name":"Rua José Ângelo Francisco Pregnolato","oneway":"no","oneway:conditional":"yes@ (Su 07:00-16:00)","id":"way/250585885"},"geometry":{"type":"LineString","coordinates":[[-46.7779826,-23.5522783],[-46.7780169,-23.5522495]]}},{"type":"Feature","id":"way/261584454","properties":{"highway":"residential","lanes":"2","name":"Rua José Cid Stella","oneway":"no","surface":"asphalt","id":"way/261584454"},"geometry":{"type":"LineString","coordinates":[[-46.7792,-23.5525214],[-46.77887,-23.5522347],[-46.7787513,-23.5521181],[-46.778638,-23.5520014],[-46.778432,-23.5518086],[-46.7782442,-23.5515967],[-46.7780677,-23.5513848],[-46.7779757,-23.5512436],[-46.7779267,-23.5511521],[-46.7779042,-23.5511053],[-46.7778785,-23.5510586],[-46.7778273,-23.5509602],[-46.7776461,-23.5505726],[-46.7776119,-23.5504835],[-46.7776005,-23.550457],[-46.7775683,-23.5503599],[-46.7774932,-23.5501066],[-46.7774489,-23.5499628],[-46.7773955,-23.5498084]]}},{"type":"Feature","id":"way/271924654","properties":{"highway":"residential","lanes":"2","name":"Rua Manoel Martin","oneway":"yes","id":"way/271924654"},"geometry":{"type":"LineString","coordinates":[[-46.7667207,-23.5590514],[-46.7667158,-23.5591655],[-46.7667084,-23.5592]]}},{"type":"Feature","id":"way/271924658","properties":{"highway":"tertiary","lanes":"2","name":"Avenida Manoel da Nóbrega","oneway":"yes","surface":"paved","id":"way/271924658"},"geometry":{"type":"LineString","coordinates":[[-46.7665857,-23.5592],[-46.7665931,-23.5591923],[-46.7666344,-23.5591513],[-46.7667207,-23.5590514]]}},{"type":"Feature","id":"way/271924660","properties":{"highway":"secondary","lanes":"2","name":"Rua Manoel Martin","surface":"asphalt","id":"way/271924660"},"geometry":{"type":"LineString","coordinates":[[-46.7668134,-23.558644],[-46.7667674,-23.558861]]}},{"type":"Feature","id":"way/271924665","properties":{"highway":"secondary","lanes":"2","name":"Avenida Manoel da Nóbrega","oneway":"yes","surface":"asphalt","id":"way/271924665"},"geometry":{"type":"LineString","coordinates":[[-46.7667674,-23.558861],[-46.7668467,-23.5588733],[-46.7668633,-23.5588759],[-46.766959,-23.5588793],[-46.7670494,-23.5588751],[-46.7671821,-23.5588665]]}},{"type":"Feature","id":"way/271924668","properties":{"highway":"secondary","lanes":"4","name":"Rua Manoel Martin","surface":"asphalt","id":"way/271924668"},"geometry":{"type":"LineString","coordinates":[[-46.7668134,-23.558644],[-46.7668518,-23.5583974],[-46.7668635,-23.5583221]]}},{"type":"Feature","id":"way/271924670","properties":{"highway":"secondary","lanes":"2","name":"Avenida Manoel da Nóbrega","oneway":"yes","surface":"asphalt","id":"way/271924670"},"geometry":{"type":"LineString","coordinates":[[-46.7671821,-23.5588665],[-46.7670541,-23.5589236],[-46.766962,-23.5589583],[-46.7668335,-23.558984],[-46.7668186,-23.5589851],[-46.7667347,-23.5589915]]}},{"type":"Feature","id":"way/310062499","properties":{"highway":"secondary","lanes":"2","name":"Avenida Manoel da Nóbrega","source":"Bing","surface":"asphalt","id":"way/310062499"},"geometry":{"type":"LineString","coordinates":[[-46.7688244,-23.5592],[-46.7688092,-23.5591916],[-46.7685685,-23.559035],[-46.7684435,-23.5589723],[-46.7683383,-23.5589083],[-46.7680554,-23.558811],[-46.767958,-23.5587874],[-46.7678684,-23.5587753],[-46.7676985,-23.5587557],[-46.7674871,-23.5587927],[-46.7673276,-23.5588253],[-46.7671821,-23.5588665]]}},{"type":"Feature","id":"way/310062505","properties":{"highway":"residential","lit":"yes","name":"Rua Avelino Monteiro","surface":"asphalt","id":"way/310062505"},"geometry":{"type":"LineString","coordinates":[[-46.7742464,-23.5587307],[-46.7742084,-23.5586479],[-46.774186,-23.5585819],[-46.7741793,-23.5585241],[-46.774186,-23.5584491],[-46.7742035,-23.5583569],[-46.7745052,-23.5568621],[-46.77452,-23.5568129],[-46.7745481,-23.5567539],[-46.7745803,-23.5566998],[-46.7746635,-23.5565977],[-46.774744,-23.5565071],[-46.7760623,-23.5550672],[-46.7778464,-23.5531109]]}},{"type":"Feature","id":"way/310068253","properties":{"bicycle":"yes","foot":"yes","highway":"secondary","lanes":"2","maxspeed":"40","name":"Avenida Presidente João Goulart","oneway":"yes","surface":"asphalt","id":"way/310068253"},"geometry":{"type":"LineString","coordinates":[[-46.7758038,-23.5592],[-46.7759835,-23.5587921],[-46.7760985,-23.5585167],[-46.7761762,-23.5583877],[-46.7762567,-23.5582881],[-46.7762825,-23.5582601],[-46.7763224,-23.5582168],[-46.7763828,-23.5581516],[-46.7765249,-23.5580176],[-46.7771077,-23.5574481],[-46.7771761,-23.5573846],[-46.7772424,-23.5573231],[-46.7774409,-23.5571387],[-46.7778862,-23.5567072],[-46.7781946,-23.5564084],[-46.7782545,-23.556352],[-46.7784713,-23.5561702],[-46.7785956,-23.55609],[-46.7787257,-23.556031],[-46.7788262,-23.5559855],[-46.7790703,-23.5559155],[-46.7792,-23.5558865]]}},{"type":"Feature","id":"way/310068255","properties":{"highway":"residential","name":"Rua Colômbia","id":"way/310068255"},"geometry":{"type":"LineString","coordinates":[[-46.7792,-23.5591722],[-46.7791884,-23.5591683],[-46.779014,-23.5591093],[-46.7787981,-23.5590675],[-46.7784749,-23.5590343],[-46.7783569,-23.5590404],[-46.7782308,-23.5590601],[-46.7779586,-23.559124],[-46.7778258,-23.5591683],[-46.7777479,-23.5592]]}},{"type":"Feature","id":"way/310068258","properties":{"highway":"residential","name":"Rua Honduras","surface":"paved","id":"way/310068258"},"geometry":{"type":"LineString","coordinates":[[-46.7747646,-23.5592],[-46.7747319,-23.5591806],[-46.7745669,-23.5590343],[-46.7742464,-23.5587307]]}},{"type":"Feature","id":"way/310068264","properties":{"highway":"residential","name":"Rua Venezuela","surface":"asphalt","id":"way/310068264"},"geometry":{"type":"LineString","coordinates":[[-46.7774771,-23.558699],[-46.776659,-23.5591044],[-46.7764711,-23.5592]]}},{"type":"Feature","id":"way/310144897","properties":{"highway":"residential","lit":"yes","maxspeed":"30","name":"Rua Alice Manholer Piteri","oneway":"yes","postal_code":"06018-160","surface":"asphalt","id":"way/310144897"},"geometry":{"type":"LineString","coordinates":[[-46.7775794,-23.540622],[-46.7774023,-23.5405747],[-46.7768781,-23.5404345],[-46.7764314,-23.5403597],[-46.7761912,-23.5403412],[-46.7760291,-23.5403339],[-46.7752643,-23.5403503],[-46.7752178,-23.540355],[-46.7750993,-23.5403534],[-46.7750484,-23.5403387],[-46.7750095,-23.5403178],[-46.7749458,-23.5402445],[-46.7749345,-23.5396837],[-46.7749062,-23.5390751],[-46.7748691,-23.5387529],[-46.7748093,-23.5384726]]}},{"type":"Feature","id":"way/310144898","properties":{"highway":"residential","lit":"yes","name":"Rua Ana Pereira Melo","oneway":"yes","surface":"asphalt","id":"way/310144898"},"geometry":{"type":"LineString","coordinates":[[-46.7668491,-23.5441443],[-46.766965,-23.544029],[-46.7671117,-23.5439066],[-46.7673035,-23.5437652],[-46.767447,-23.5436742],[-46.7675851,-23.5435845],[-46.7676455,-23.5435242],[-46.7677031,-23.5434529],[-46.7677595,-23.5433779],[-46.7678426,-23.5432439],[-46.7681306,-23.5428451],[-46.7682409,-23.5426867],[-46.7682429,-23.5426724],[-46.7682369,-23.5426615]]}},{"type":"Feature","id":"way/310144899","properties":{"highway":"residential","name":"Rua Aniceto Ciscato","surface":"asphalt","id":"way/310144899"},"geometry":{"type":"LineString","coordinates":[[-46.7668513,-23.5454189],[-46.7658923,-23.5460499]]}},{"type":"Feature","id":"way/310144900","properties":{"highway":"tertiary","lanes":"2","name":"Rua Artur Frederico","surface":"asphalt","id":"way/310144900"},"geometry":{"type":"LineString","coordinates":[[-46.7689805,-23.5499913],[-46.7690416,-23.5500267],[-46.7690952,-23.5500415],[-46.7691341,-23.550039],[-46.769173,-23.5500292],[-46.7692347,-23.5500108],[-46.7698489,-23.5497593],[-46.7698979,-23.5497557],[-46.7699468,-23.54976],[-46.7700779,-23.5497825]]}},{"type":"Feature","id":"way/310144901","properties":{"highway":"tertiary","lanes":"2","name":"Rua Doutor Carlos Morais Barros","oneway":"no","surface":"asphalt","id":"way/310144901"},"geometry":{"type":"LineString","coordinates":[[-46.767313,-23.5442046],[-46.7674145,-23.5441549],[-46.7675481,-23.5440973],[-46.7675972,-23.5440757],[-46.767644,-23.5440532],[-46.7679349,-23.5439215],[-46.7680026,-23.5438978],[-46.7686945,-23.5436319],[-46.768983,-23.5434843],[-46.7690318,-23.5434539],[-46.7692826,-23.5432974],[-46.770486,-23.5426987],[-46.7707287,-23.5425736]]}},{"type":"Feature","id":"way/310144902","properties":{"highway":"residential","lit":"yes","name":"Rua Geraldo Moran","surface":"asphalt","id":"way/310144902"},"geometry":{"type":"LineString","coordinates":[[-46.773828,-23.5534001],[-46.7745086,-23.5526454],[-46.7749407,-23.5521663],[-46.7759134,-23.5510668],[-46.7759686,-23.5510044]]}},{"type":"Feature","id":"way/310144903","properties":{"highway":"residential","lit":"yes","name":"Rua Júlia Fernandes Liria","surface":"asphalt","id":"way/310144903"},"geometry":{"type":"LineString","coordinates":[[-46.770455,-23.5515689],[-46.7713574,-23.552306]]}},{"type":"Feature","id":"way/310144904","properties":{"highway":"residential","name":"Praça Oscar Tibola","id":"way/310144904"},"geometry":{"type":"LineString","coordinates":[[-46.7748583,-23.5515086],[-46.7745247,-23.5513773]]}},{"type":"Feature","id":"way/310144905","properties":{"highway":"residential","name":"Rua Mário Milani","oneway":"yes","id":"way/310144905"},"geometry":{"type":"LineString","coordinates":[[-46.7678501,-23.5453631],[-46.767741,-23.5455285],[-46.7676616,-23.545634],[-46.767569,-23.5457385],[-46.7675033,-23.5458123],[-46.7674269,-23.5458774],[-46.7673384,-23.5459364],[-46.7670178,-23.5460655],[-46.7661821,-23.5463729],[-46.766008,-23.5464233],[-46.765902,-23.546438],[-46.7658229,-23.5464417],[-46.765772,-23.5464503],[-46.7656875,-23.5464872],[-46.7655855,-23.5465524],[-46.7654286,-23.5466919]]}},{"type":"Feature","id":"way/310144906","properties":{"highway":"residential","name":"Rua Odete Fabri","id":"way/310144906"},"geometry":{"type":"LineString","coordinates":[[-46.7663953,-23.5476585],[-46.7664064,-23.5476096],[-46.7664448,-23.5475613],[-46.7666558,-23.5474224],[-46.7667021,-23.5474459],[-46.7667335,-23.5474798],[-46.7667941,-23.5475502],[-46.7668896,-23.5476585],[-46.7669159,-23.5476922],[-46.7670572,-23.5478734],[-46.7670932,-23.5479196],[-46.7671994,-23.5480922],[-46.767253,-23.5482035],[-46.7676451,-23.5490169]]}},{"type":"Feature","id":"way/310144907","properties":{"highway":"residential","name":"Rua Themistocles G. Sales dos Reis","id":"way/310144907"},"geometry":{"type":"LineString","coordinates":[[-46.7666157,-23.5495501],[-46.7667714,-23.548655],[-46.7668528,-23.5481124],[-46.7669159,-23.5476922]]}},{"type":"Feature","id":"way/310144908","properties":{"highway":"tertiary","lanes":"2","lit":"yes","name":"Rua Venceslau Brás","oneway":"yes","surface":"asphalt","id":"way/310144908"},"geometry":{"type":"LineString","coordinates":[[-46.7700779,-23.5497825],[-46.7703585,-23.5498466],[-46.7705386,-23.5498845],[-46.7711377,-23.5500317],[-46.7712812,-23.5500661],[-46.7717184,-23.5501718],[-46.7723648,-23.5503427],[-46.7729454,-23.5504864],[-46.7730256,-23.5505063]]}},{"type":"Feature","id":"way/310144910","properties":{"highway":"steps","lit":"no","name":"Viela Antônio Moraes","surface":"concrete","id":"way/310144910"},"geometry":{"type":"LineString","coordinates":[[-46.7714542,-23.5432569],[-46.7718335,-23.5429614]]}},{"type":"Feature","id":"way/310144911","properties":{"highway":"residential","name":"Rua Eudoxia Bulbovas Maria","id":"way/310144911"},"geometry":{"type":"LineString","coordinates":[[-46.7646194,-23.5493974],[-46.764848,-23.5492425],[-46.7652386,-23.5489597]]}},{"type":"Feature","id":"way/310262770","properties":{"highway":"residential","name":"Rua Rubens do Amaral","surface":"asphalt","id":"way/310262770"},"geometry":{"type":"LineString","coordinates":[[-46.7792,-23.5447435],[-46.7791703,-23.5447181],[-46.7789888,-23.5445639],[-46.7788543,-23.5444296]]}},{"type":"Feature","id":"way/310452766","properties":{"highway":"residential","name":"Rua Doutor Aires Martins Torres","sidewalk":"both","surface":"asphalt","id":"way/310452766"},"geometry":{"type":"LineString","coordinates":[[-46.7603901,-23.5569776],[-46.7608327,-23.5571337],[-46.7609118,-23.5571657],[-46.7609708,-23.5572063],[-46.7610405,-23.5572825],[-46.7611586,-23.5574509],[-46.7612283,-23.5575874],[-46.7612632,-23.5576894],[-46.7612806,-23.5577951],[-46.7612806,-23.5578517],[-46.7612511,-23.5579156],[-46.7611948,-23.5579734],[-46.7605381,-23.5584055],[-46.7604303,-23.5584803],[-46.760402,-23.5585265]]}},{"type":"Feature","id":"way/312903273","properties":{"highway":"primary","lanes":"3","lit":"yes","maxspeed":"50","name":"Avenida Lázaro de Mello Brandão","old_name":"Avenida Bussocaba","oneway":"yes","surface":"asphalt","id":"way/312903273"},"geometry":{"type":"LineString","coordinates":[[-46.7728369,-23.5396919],[-46.772825,-23.5397728],[-46.772817,-23.539827],[-46.7727939,-23.5400502],[-46.7727972,-23.5407929],[-46.7727984,-23.5409153],[-46.7727913,-23.541664],[-46.7727621,-23.5420237],[-46.7727296,-23.5422726],[-46.7726988,-23.5424792],[-46.7726786,-23.54258],[-46.772629,-23.5427459],[-46.7725874,-23.5428849],[-46.7725234,-23.5432358],[-46.7725028,-23.5433224],[-46.7724376,-23.5436342],[-46.7723979,-23.5438253],[-46.7723618,-23.543975],[-46.7723515,-23.544009],[-46.7722755,-23.5442671],[-46.7722356,-23.5444638],[-46.7722186,-23.5445447],[-46.7722079,-23.5446033],[-46.7722032,-23.5446291],[-46.7721915,-23.54474],[-46.7721913,-23.5447843]]}},{"type":"Feature","id":"way/312903305","properties":{"bicycle":"yes","cycleway":"no","foot":"yes","highway":"secondary","horse":"no","lanes":"2","lit":"yes","maxspeed":"50","name":"Rua Narciso Sturlini","note":"IBGE says \"Storlini\" OSM says \"Sturlini\"","oneway":"yes","surface":"asphalt","id":"way/312903305"},"geometry":{"type":"LineString","coordinates":[[-46.773944,-23.5432371],[-46.7739657,-23.5435015],[-46.7740293,-23.5442756],[-46.7740577,-23.5446274],[-46.7740638,-23.5447042],[-46.7740692,-23.544777],[-46.7741025,-23.5452235],[-46.7741135,-23.5452865],[-46.7741767,-23.5455676],[-46.7742571,-23.5457311],[-46.7743926,-23.5459205],[-46.7745407,-23.5461175],[-46.7745709,-23.5461577],[-46.7749029,-23.5466123],[-46.7749907,-23.5467491],[-46.7750863,-23.5468668],[-46.7751599,-23.5469958],[-46.7751829,-23.5470282],[-46.7751905,-23.5471016],[-46.7752024,-23.5472183],[-46.7752066,-23.5472741],[-46.7751986,-23.5473441],[-46.7751857,-23.5474043],[-46.7751548,-23.547494]]}},{"type":"Feature","id":"way/320430359","properties":{"highway":"residential","name":"Rua Raimundo Testa","id":"way/320430359"},"geometry":{"type":"LineString","coordinates":[[-46.7790301,-23.5463241],[-46.7789935,-23.5460744],[-46.7789117,-23.5454239],[-46.7788879,-23.5453236],[-46.778842,-23.5452469],[-46.7786785,-23.5451016],[-46.7776032,-23.5442103]]}},{"type":"Feature","id":"way/323273284","properties":{"highway":"service","service":"driveway","id":"way/323273284"},"geometry":{"type":"LineString","coordinates":[[-46.7653927,-23.5426942],[-46.764456,-23.5406451],[-46.7638636,-23.5392678],[-46.7638398,-23.5392358],[-46.7638039,-23.5392229],[-46.7637556,-23.539225],[-46.7636963,-23.5392416],[-46.7636342,-23.5392727],[-46.7636128,-23.5393031],[-46.7636061,-23.5393504],[-46.7636148,-23.5393907],[-46.7638988,-23.5400853]]}},{"type":"Feature","id":"way/329092220","properties":{"highway":"residential","maxspeed":"30","name":"Rua Antônio Martins Capela","oneway":"yes","surface":"asphalt","id":"way/329092220"},"geometry":{"type":"LineString","coordinates":[[-46.7761912,-23.5403412],[-46.7761716,-23.5395971],[-46.7762061,-23.5394102]]}},{"type":"Feature","id":"way/329092301","properties":{"highway":"residential","lit":"yes","maxspeed":"30","name":"Largo Mário Bissolatti","oneway":"yes","postal_code":"06018-210","surface":"asphalt","id":"way/329092301"},"geometry":{"type":"LineString","coordinates":[[-46.7752178,-23.540355],[-46.7751459,-23.5404025],[-46.7750809,-23.5404539],[-46.7750068,-23.5405041],[-46.7749437,-23.5405234],[-46.7748877,-23.5405105],[-46.7748316,-23.5404699],[-46.7748073,-23.5404109],[-46.774815,-23.5403657],[-46.7748283,-23.5403316],[-46.7748667,-23.5402986],[-46.7749458,-23.5402445]]}},{"type":"Feature","id":"way/370083646","properties":{"highway":"residential","horse":"no","maxspeed":"40","name":"Rua Patrício Galafrio","oneway":"yes","surface":"asphalt","id":"way/370083646"},"geometry":{"type":"LineString","coordinates":[[-46.7775496,-23.5421954],[-46.7774592,-23.5421371],[-46.7774253,-23.5421006],[-46.7773971,-23.5420419]]}},{"type":"Feature","id":"way/385944375","properties":{"access":"private","highway":"service","service":"parking_aisle","surface":"paved","id":"way/385944375"},"geometry":{"type":"LineString","coordinates":[[-46.7606231,-23.5356],[-46.760655,-23.5357206],[-46.7606925,-23.5358715],[-46.7606959,-23.5359708],[-46.7606784,-23.5360483],[-46.7606255,-23.5361097],[-46.7604961,-23.5362056],[-46.7604803,-23.5362115],[-46.7604545,-23.5362164],[-46.7604236,-23.536209],[-46.7603975,-23.5361943],[-46.76,-23.535648]]}},{"type":"Feature","id":"way/385944377","properties":{"highway":"service","service":"driveway","surface":"paved","id":"way/385944377"},"geometry":{"type":"LineString","coordinates":[[-46.7625084,-23.5356471],[-46.7625181,-23.5356]]}},{"type":"Feature","id":"way/385944378","properties":{"highway":"living_street","id":"way/385944378"},"geometry":{"type":"LineString","coordinates":[[-46.7604733,-23.5568412],[-46.7608085,-23.5562443],[-46.7609412,-23.5560728]]}},{"type":"Feature","id":"way/385946563","properties":{"highway":"residential","name":"Rua Artur Alves de Senna","oneway":"yes","id":"way/385946563"},"geometry":{"type":"LineString","coordinates":[[-46.763425,-23.5486596],[-46.7641541,-23.5480428]]}},{"type":"Feature","id":"way/385946564","properties":{"access":"private","highway":"service","oneway":"yes","service":"driveway","id":"way/385946564"},"geometry":{"type":"LineString","coordinates":[[-46.7650558,-23.5536288],[-46.7651282,-23.5535735],[-46.7651725,-23.5535305],[-46.7652033,-23.553485],[-46.7652395,-23.5534211],[-46.7653053,-23.5532477],[-46.7653763,-23.5530793],[-46.7654461,-23.5529785],[-46.7655212,-23.5528974],[-46.7655741,-23.5528504],[-46.7656459,-23.5527867],[-46.7656834,-23.5527596],[-46.7658994,-23.5526035],[-46.7660965,-23.5524732],[-46.7663325,-23.5523736],[-46.7665243,-23.5523343],[-46.7666182,-23.5523282],[-46.7667308,-23.5523368],[-46.7668623,-23.5523872],[-46.7669722,-23.5524499],[-46.7670621,-23.5525261],[-46.7671157,-23.5526121],[-46.7671439,-23.55274],[-46.7671439,-23.5528986],[-46.7671278,-23.5529969],[-46.7670916,-23.5531568],[-46.767042,-23.5533018],[-46.7669722,-23.5534199],[-46.7668891,-23.5535465],[-46.7667362,-23.5537715],[-46.7665444,-23.5540272],[-46.7664492,-23.5541771],[-46.7663956,-23.5542792],[-46.7663513,-23.5543861],[-46.7663218,-23.5544341],[-46.7662829,-23.5544771]]}},{"type":"Feature","id":"way/385946565","properties":{"access":"private","highway":"service","oneway":"yes","service":"driveway","surface":"paved","id":"way/385946565"},"geometry":{"type":"LineString","coordinates":[[-46.7649646,-23.5536817],[-46.7648479,-23.5535625]]}},{"type":"Feature","id":"way/385946566","properties":{"highway":"service","oneway":"yes","service":"driveway","surface":"paved","id":"way/385946566"},"geometry":{"type":"LineString","coordinates":[[-46.7650393,-23.5532161],[-46.7651054,-23.5532846]]}},{"type":"Feature","id":"way/385946567","properties":{"access":"private","highway":"living_street","id":"way/385946567"},"geometry":{"type":"LineString","coordinates":[[-46.765898,-23.5582168],[-46.7657268,-23.5583974],[-46.7653321,-23.5588905],[-46.7651068,-23.5590884],[-46.7650531,-23.5591093],[-46.7649767,-23.5591044],[-46.7646937,-23.5590048]]}},{"type":"Feature","id":"way/385946568","properties":{"access":"private","highway":"living_street","id":"way/385946568"},"geometry":{"type":"LineString","coordinates":[[-46.7657268,-23.5583974],[-46.7649758,-23.5582672]]}},{"type":"Feature","id":"way/385946569","properties":{"access":"private","highway":"living_street","id":"way/385946569"},"geometry":{"type":"LineString","coordinates":[[-46.7653321,-23.5588905],[-46.7648292,-23.5587306]]}},{"type":"Feature","id":"way/385946578","properties":{"access":"private","highway":"residential","horse":"no","name":"Alameda Pinheiros","oneway":"yes","surface":"paved","id":"way/385946578"},"geometry":{"type":"LineString","coordinates":[[-46.7713226,-23.5579253],[-46.7711766,-23.5578363],[-46.7710559,-23.5577214],[-46.7709647,-23.5576322],[-46.7708614,-23.5575314],[-46.7707441,-23.5574189],[-46.7705919,-23.5573071],[-46.7704417,-23.5572124],[-46.7703183,-23.5571423],[-46.7702762,-23.5571205],[-46.7700849,-23.5570501],[-46.7698449,-23.5569795],[-46.7695914,-23.5569174],[-46.7691958,-23.5567907],[-46.7689848,-23.5567161],[-46.7687966,-23.5566496],[-46.7684541,-23.5565286],[-46.7683643,-23.5564969]]}},{"type":"Feature","id":"way/385946579","properties":{"access":"private","highway":"residential","horse":"no","name":"Alameda Pinheiros","oneway":"yes","surface":"paved","id":"way/385946579"},"geometry":{"type":"LineString","coordinates":[[-46.7684072,-23.5563725],[-46.7685002,-23.5563972],[-46.7685848,-23.5564197]]}},{"type":"Feature","id":"way/385946581","properties":{"access":"private","highway":"residential","horse":"no","junction":"roundabout","oneway":"yes","id":"way/385946581"},"geometry":{"type":"LineString","coordinates":[[-46.7713028,-23.5578793],[-46.7713012,-23.55783],[-46.771318,-23.557783],[-46.7713512,-23.5577441],[-46.7713969,-23.5577178],[-46.7714496,-23.5577073],[-46.771503,-23.5577138],[-46.771549,-23.5577353],[-46.7715848,-23.5577693],[-46.771606,-23.5578101],[-46.7716123,-23.5578549],[-46.7716031,-23.5578993],[-46.7715792,-23.5579389],[-46.7715431,-23.5579696],[-46.7714983,-23.5579885],[-46.7714493,-23.5579938],[-46.771401,-23.5579847],[-46.7713564,-23.557961],[-46.7713226,-23.5579253],[-46.7713028,-23.5578793]]}},{"type":"Feature","id":"way/385946582","properties":{"access":"private","highway":"residential","horse":"no","junction":"roundabout","oneway":"yes","id":"way/385946582"},"geometry":{"type":"LineString","coordinates":[[-46.7730018,-23.5588984],[-46.7729258,-23.558925],[-46.7728466,-23.5589278],[-46.7727706,-23.5589074],[-46.7727055,-23.558866],[-46.7726581,-23.5588078],[-46.7726332,-23.5587388],[-46.7726337,-23.5586649],[-46.7726601,-23.558595],[-46.7727097,-23.5585367],[-46.7727799,-23.5584951],[-46.7728611,-23.5584773],[-46.7729442,-23.5584854],[-46.7730196,-23.5585184],[-46.7730787,-23.5585726],[-46.773114,-23.5586398],[-46.7731236,-23.5587139],[-46.7731064,-23.5587868],[-46.7730643,-23.5588506],[-46.7730018,-23.5588984]]}},{"type":"Feature","id":"way/385946584","properties":{"access":"private","highway":"residential","horse":"no","maxspeed":"30","name":"Alameda Sapucaia","surface":"paved","id":"way/385946584"},"geometry":{"type":"LineString","coordinates":[[-46.769694,-23.5587403],[-46.7696691,-23.5589136],[-46.7695828,-23.5591766],[-46.7695543,-23.5592]]}},{"type":"Feature","id":"way/385946584","properties":{"access":"private","highway":"residential","horse":"no","maxspeed":"30","name":"Alameda Sapucaia","surface":"paved","id":"way/385946584"},"geometry":{"type":"LineString","coordinates":[[-46.7695076,-23.5592],[-46.769497,-23.5591962]]}},{"type":"Feature","id":"way/385946585","properties":{"access":"private","highway":"residential","horse":"no","maxspeed":"30","name":"Alameda Jequitibá","surface":"paved","id":"way/385946585"},"geometry":{"type":"LineString","coordinates":[[-46.7704117,-23.5591233],[-46.7704189,-23.5592]]}},{"type":"Feature","id":"way/385946589","properties":{"alt_name":"Alameda Guarapuru","foot":"yes","highway":"residential","maxspeed":"30","name":"Alameda Guapuruvu","id":"way/385946589"},"geometry":{"type":"LineString","coordinates":[[-46.772215,-23.5565502],[-46.772228,-23.5564293],[-46.7723125,-23.5561527],[-46.7723246,-23.5561306],[-46.7723414,-23.5561183],[-46.7723628,-23.5561128],[-46.7723818,-23.5561206],[-46.7723903,-23.5561269]]}},{"type":"Feature","id":"way/385946590","properties":{"access":"private","highway":"residential","horse":"no","maxspeed":"30","name":"Alameda Ypê Roxo","surface":"paved","id":"way/385946590"},"geometry":{"type":"LineString","coordinates":[[-46.7730079,-23.5568],[-46.7730052,-23.5567268],[-46.773024,-23.5566623],[-46.773095,-23.5564173],[-46.7731078,-23.556398],[-46.7731263,-23.5563891],[-46.773147,-23.5563884],[-46.7731645,-23.5563958]]}},{"type":"Feature","id":"way/385946591","properties":{"access":"private","highway":"residential","horse":"no","maxspeed":"30","name":"Alameda Oiti","surface":"paved","id":"way/385946591"},"geometry":{"type":"LineString","coordinates":[[-46.7737961,-23.5570499],[-46.7737911,-23.5569844],[-46.7737965,-23.5569229],[-46.7738689,-23.5566758],[-46.7738813,-23.5566632],[-46.7738967,-23.5566592],[-46.7739141,-23.5566601],[-46.7739416,-23.5566697],[-46.773953,-23.5566804],[-46.7739591,-23.5566961]]}},{"type":"Feature","id":"way/385946592","properties":{"highway":"residential","name":"Travessa Maria Lúcia","id":"way/385946592"},"geometry":{"type":"LineString","coordinates":[[-46.7687772,-23.5497535],[-46.7693355,-23.5493669]]}},{"type":"Feature","id":"way/385947774","properties":{"highway":"residential","name":"Rua Angelim Gaban","oneway":"yes","id":"way/385947774"},"geometry":{"type":"LineString","coordinates":[[-46.7792,-23.538991],[-46.7789092,-23.5386845]]}},{"type":"Feature","id":"way/415809358","properties":{"highway":"tertiary","lanes":"2","name":"Rua Pedro Fioretti","oneway":"yes","surface":"paved","id":"way/415809358"},"geometry":{"type":"LineString","coordinates":[[-46.7778758,-23.5356],[-46.7778904,-23.5356386]]}},{"type":"Feature","id":"way/415809364","properties":{"highway":"secondary","lanes":"3","lit":"yes","maxspeed":"60","name":"Avenida Hilário Pereira de Souza","oneway":"yes","postal_code":"06010-170","surface":"asphalt","id":"way/415809364"},"geometry":{"type":"LineString","coordinates":[[-46.7649725,-23.5357537],[-46.7648717,-23.5357699],[-46.7646108,-23.5358241],[-46.764486,-23.5358511],[-46.7640278,-23.5359468],[-46.7638394,-23.5359714],[-46.763651,-23.5359782],[-46.7635648,-23.5359745],[-46.7634894,-23.5359683]]}},{"type":"Feature","id":"way/415809365","properties":{"highway":"secondary_link","lanes":"1","lit":"yes","maxspeed":"40","name":"Avenida Manoel Pedroso Pimentel","oneway":"yes","source":"Bing","surface":"asphalt","id":"way/415809365"},"geometry":{"type":"LineString","coordinates":[[-46.7658843,-23.5356],[-46.765891,-23.5356188]]}},{"type":"Feature","id":"way/424941733","properties":{"highway":"primary","lanes":"3","name":"Avenida dos Autonomistas","oneway":"yes","surface":"paved","id":"way/424941733"},"geometry":{"type":"LineString","coordinates":[[-46.7760835,-23.5380659],[-46.7759467,-23.5381107],[-46.7748093,-23.5384726],[-46.7746221,-23.5385303],[-46.7742943,-23.5386054]]}},{"type":"Feature","id":"way/439961264","properties":{"highway":"footway","id":"way/439961264"},"geometry":{"type":"LineString","coordinates":[[-46.7607214,-23.547174],[-46.7607187,-23.547172]]}},{"type":"Feature","id":"way/439961265","properties":{"covered":"yes","highway":"steps","incline":"down","lit":"yes","id":"way/439961265"},"geometry":{"type":"LineString","coordinates":[[-46.7604691,-23.5471237],[-46.760437,-23.5471514]]}},{"type":"Feature","id":"way/439961266","properties":{"highway":"residential","lit":"yes","name":"Rua Dirceu Geraldi","oneway":"yes","surface":"asphalt","id":"way/439961266"},"geometry":{"type":"LineString","coordinates":[[-46.7680941,-23.5408563],[-46.768276,-23.5410814],[-46.7683026,-23.5411143],[-46.7690009,-23.5419781]]}},{"type":"Feature","id":"way/440204779","properties":{"access":"private","highway":"service","service":"driveway","surface":"paved","id":"way/440204779"},"geometry":{"type":"LineString","coordinates":[[-46.7707643,-23.5356],[-46.7707084,-23.5356937],[-46.7706176,-23.5358346],[-46.770514,-23.5359514],[-46.7704301,-23.5360929],[-46.7702181,-23.5361938],[-46.7700863,-23.5362759],[-46.7700903,-23.5367277]]}},{"type":"Feature","id":"way/440204780","properties":{"access":"private","highway":"service","lit":"yes","noname":"yes","surface":"asphalt","id":"way/440204780"},"geometry":{"type":"LineString","coordinates":[[-46.7679005,-23.5356],[-46.7682436,-23.5363931],[-46.7682637,-23.5364239],[-46.7683026,-23.5364436],[-46.7683442,-23.536446],[-46.770388,-23.5357083],[-46.7704135,-23.5356874],[-46.7704242,-23.5356591],[-46.7704269,-23.5356321],[-46.7704126,-23.5356]]}},{"type":"Feature","id":"way/440204781","properties":{"access":"private","highway":"service","lit":"yes","oneway":"yes","service":"driveway","surface":"asphalt","id":"way/440204781"},"geometry":{"type":"LineString","coordinates":[[-46.7699378,-23.5398989],[-46.7699785,-23.5398341],[-46.770031,-23.5397616],[-46.7700645,-23.539699],[-46.7701421,-23.5395574]]}},{"type":"Feature","id":"way/440204783","properties":{"highway":"service","layer":"1","oneway":"yes","id":"way/440204783"},"geometry":{"type":"LineString","coordinates":[[-46.7716815,-23.5390255],[-46.7717693,-23.5389241],[-46.7718386,-23.5388141],[-46.7718994,-23.5386963],[-46.7719822,-23.5385933],[-46.7720778,-23.5385018],[-46.7721932,-23.5384145],[-46.7722666,-23.5383606],[-46.7723246,-23.5382903],[-46.7723541,-23.5382208]]}},{"type":"Feature","id":"way/440204784","properties":{"access":"private","highway":"service","lit":"yes","service":"driveway","surface":"asphalt","id":"way/440204784"},"geometry":{"type":"LineString","coordinates":[[-46.7677347,-23.5370289],[-46.7694056,-23.5363908],[-46.769751,-23.5373153],[-46.7701119,-23.5387973],[-46.770166,-23.5390248],[-46.7701896,-23.5391239],[-46.7702003,-23.5392554],[-46.7701842,-23.5393501],[-46.7701421,-23.5395574]]}},{"type":"Feature","id":"way/440251047","properties":{"access":"no","bus":"yes","covered":"no","highway":"busway","name":"Plataforma A","oneway":"yes","surface":"concrete","id":"way/440251047"},"geometry":{"type":"LineString","coordinates":[[-46.7606184,-23.5472791],[-46.7602813,-23.547623],[-46.76,-23.54791]]}},{"type":"Feature","id":"way/440251049","properties":{"access":"no","bus":"yes","covered":"no","highway":"busway","oneway":"yes","surface":"concrete","id":"way/440251049"},"geometry":{"type":"LineString","coordinates":[[-46.7616534,-23.5466077],[-46.7615891,-23.5466802],[-46.7615274,-23.5467466],[-46.7614051,-23.546821],[-46.7613164,-23.5467467]]}},{"type":"Feature","id":"way/444217236","properties":{"alt_name":"Avenida Doutor Cândido Mota Filho","highway":"residential","name":"Rua Guido Mazzoni","surface":"asphalt","id":"way/444217236"},"geometry":{"type":"LineString","coordinates":[[-46.7603391,-23.5586618],[-46.7603373,-23.5586711],[-46.7603314,-23.5587015],[-46.7603217,-23.5587515]]}},{"type":"Feature","id":"way/444217727","properties":{"highway":"secondary_link","lanes":"1","name":"Avenida Martin Luther King","name:etymology:wikidata":"Q8027","oneway":"yes","sidewalk":"no","surface":"asphalt","id":"way/444217727"},"geometry":{"type":"LineString","coordinates":[[-46.7624132,-23.55787],[-46.7623481,-23.5578578],[-46.7623076,-23.5578304],[-46.7622885,-23.5578008],[-46.7622863,-23.5577526]]}},{"type":"Feature","id":"way/444217728","properties":{"highway":"residential","name":"Praça Enerdina Rosseti","oneway":"yes","sidewalk":"both","surface":"asphalt","id":"way/444217728"},"geometry":{"type":"LineString","coordinates":[[-46.7608521,-23.5555673],[-46.7608313,-23.5557679]]}},{"type":"Feature","id":"way/444217729","properties":{"highway":"residential","name":"Praça Enerdina Rosseti","oneway":"yes","sidewalk":"left","id":"way/444217729"},"geometry":{"type":"LineString","coordinates":[[-46.7608313,-23.5557679],[-46.7607649,-23.5558392],[-46.7607267,-23.555878],[-46.7606845,-23.5558982],[-46.7605963,-23.5559212]]}},{"type":"Feature","id":"way/444217730","properties":{"highway":"residential","name":"Rua José Aristides Jofre","oneway":"yes","sidewalk":"right","id":"way/444217730"},"geometry":{"type":"LineString","coordinates":[[-46.7608313,-23.5557679],[-46.7608494,-23.5558564],[-46.7608803,-23.5559456],[-46.7609412,-23.5560728]]}},{"type":"Feature","id":"way/444218446","properties":{"highway":"residential","name":"Rua Doutor Aires Martins Torres","sidewalk":"both","surface":"asphalt","id":"way/444218446"},"geometry":{"type":"LineString","coordinates":[[-46.76,-23.5568003],[-46.7600267,-23.556819],[-46.7601755,-23.5569002],[-46.7603901,-23.5569776]]}},{"type":"Feature","id":"way/445035416","properties":{"highway":"primary","lanes":"3","name":"Avenida dos Autonomistas","oneway":"yes","surface":"asphalt","id":"way/445035416"},"geometry":{"type":"LineString","coordinates":[[-46.76,-23.5477006],[-46.7601219,-23.5476257],[-46.7602761,-23.5474966],[-46.7604147,-23.5473588],[-46.7605325,-23.5472416],[-46.760552,-23.5472222]]}},{"type":"Feature","id":"way/445035417","properties":{"covered":"yes","highway":"primary","lanes":"3","name":"Avenida dos Autonomistas","oneway":"yes","surface":"asphalt","id":"way/445035417"},"geometry":{"type":"LineString","coordinates":[[-46.760552,-23.5472222],[-46.7605828,-23.5471967]]}},{"type":"Feature","id":"way/479604021","properties":{"access":"private","foot":"yes","highway":"service","id":"way/479604021"},"geometry":{"type":"LineString","coordinates":[[-46.7628638,-23.5373751],[-46.762788,-23.5373749],[-46.7614798,-23.5373798]]}},{"type":"Feature","id":"way/479604022","properties":{"access":"no","foot":"yes","highway":"footway","id":"way/479604022"},"geometry":{"type":"LineString","coordinates":[[-46.762788,-23.5373749],[-46.7628398,-23.5372761],[-46.7628767,-23.5371659],[-46.7628413,-23.537084]]}},{"type":"Feature","id":"way/480188895","properties":{"highway":"residential","lanes":"2","name":"Rua Rui Barbosa","oneway":"no","surface":"asphalt","id":"way/480188895"},"geometry":{"type":"LineString","coordinates":[[-46.7780331,-23.5385465],[-46.7777501,-23.5376695],[-46.7777119,-23.5375529]]}},{"type":"Feature","id":"way/534668033","properties":{"highway":"service","name":"Rua Carlos Antônio Sosman","service":"alley","id":"way/534668033"},"geometry":{"type":"LineString","coordinates":[[-46.7624272,-23.5474659],[-46.7620532,-23.5477589]]}},{"type":"Feature","id":"way/534668034","properties":{"highway":"residential","lit":"yes","name":"Rua Leonor M. da Silva","surface":"asphalt","id":"way/534668034"},"geometry":{"type":"LineString","coordinates":[[-46.7745247,-23.5513773],[-46.7737914,-23.5510752]]}},{"type":"Feature","id":"way/534668036","properties":{"highway":"residential","name":"Rua Sete","surface":"unpaved","id":"way/534668036"},"geometry":{"type":"LineString","coordinates":[[-46.7742464,-23.5587307],[-46.7740747,-23.5588056],[-46.7739755,-23.5588554],[-46.7739192,-23.5589163],[-46.7738937,-23.558971],[-46.7738328,-23.5592]]}},{"type":"Feature","id":"way/534668039","properties":{"highway":"residential","name":"Rua Joaquim Manoel da Silva","id":"way/534668039"},"geometry":{"type":"LineString","coordinates":[[-46.7778258,-23.5591683],[-46.7778335,-23.5592]]}},{"type":"Feature","id":"way/543852705","properties":{"bicycle":"yes","highway":"footway","id":"way/543852705"},"geometry":{"type":"LineString","coordinates":[[-46.76,-23.5451298],[-46.7600636,-23.5451432],[-46.7601085,-23.5451527]]}},{"type":"Feature","id":"way/547246989","properties":{"highway":"residential","name":"Rua Antônio Mazoni","oneway":"yes","id":"way/547246989"},"geometry":{"type":"LineString","coordinates":[[-46.7751276,-23.5457716],[-46.7749304,-23.5456192],[-46.774866,-23.5455578],[-46.7747976,-23.5454852],[-46.7747413,-23.5453758],[-46.7747091,-23.5452197],[-46.7746916,-23.5450709],[-46.7746554,-23.544742],[-46.7746427,-23.5445607],[-46.7746407,-23.544514],[-46.7746454,-23.5443603],[-46.7746496,-23.5443067],[-46.7746647,-23.5441963]]}},{"type":"Feature","id":"way/547246990","properties":{"access":"destination","highway":"service","name":"Rua Carlos Guerreiro","narrow":"yes","note":"Verificar o tipo de via e acesso.","service":"alley","id":"way/547246990"},"geometry":{"type":"LineString","coordinates":[[-46.7747091,-23.5452197],[-46.7741025,-23.5452235]]}},{"type":"Feature","id":"way/547249714","properties":{"highway":"tertiary","lanes":"1","lit":"yes","name":"Rua Deputado Emílio Carlos","oneway":"yes","surface":"asphalt","id":"way/547249714"},"geometry":{"type":"LineString","coordinates":[[-46.7717795,-23.5399356],[-46.7718337,-23.5398585],[-46.7719769,-23.5397303],[-46.772008,-23.5396521],[-46.7719939,-23.5396171],[-46.7719707,-23.5395769]]}},{"type":"Feature","id":"way/547921838","properties":{"highway":"residential","name":"Rua Caetano Poli","oneway":"yes","id":"way/547921838"},"geometry":{"type":"LineString","coordinates":[[-46.7755854,-23.5442032],[-46.7755176,-23.5441812],[-46.7754439,-23.5441712]]}},{"type":"Feature","id":"way/547921839","properties":{"highway":"residential","maxspeed":"40","name":"Rua Laranjal Paulista","oneway":"no","id":"way/547921839"},"geometry":{"type":"LineString","coordinates":[[-46.7788054,-23.5435407],[-46.7786264,-23.5435464],[-46.7785741,-23.5435365],[-46.7785312,-23.5435206],[-46.7784856,-23.5434898],[-46.7783985,-23.5434001],[-46.7781179,-23.543075],[-46.7780934,-23.5430457]]}},{"type":"Feature","id":"way/547921841","properties":{"bicycle":"yes","cycleway":"no","foot":"yes","highway":"tertiary","lanes":"1","name":"Rua Salém Bechara","oneway":"yes","source":"Bing","surface":"asphalt","id":"way/547921841"},"geometry":{"type":"LineString","coordinates":[[-46.7788504,-23.5406061],[-46.7787887,-23.5405796],[-46.7787183,-23.5405458],[-46.7786801,-23.54052],[-46.7786325,-23.5404739],[-46.7785478,-23.5403774]]}},{"type":"Feature","id":"way/549773517","properties":{"highway":"service","service":"driveway","id":"way/549773517"},"geometry":{"type":"LineString","coordinates":[[-46.7678569,-23.5488804],[-46.7679781,-23.5485834]]}},{"type":"Feature","id":"way/549773518","properties":{"highway":"service","name":"Rua Dois","oneway":"yes","id":"way/549773518"},"geometry":{"type":"LineString","coordinates":[[-46.7681591,-23.5475704],[-46.7681175,-23.5476027],[-46.7678435,-23.5478152],[-46.7676321,-23.5479791],[-46.767614,-23.5479982],[-46.7675959,-23.5480302],[-46.7675871,-23.5480818],[-46.7675979,-23.5481218],[-46.7676468,-23.5482072],[-46.7677018,-23.5482847],[-46.76782,-23.548446],[-46.7678825,-23.5485312],[-46.76791,-23.5485536],[-46.7679355,-23.5485702],[-46.7679781,-23.5485834],[-46.7681068,-23.5485846],[-46.7683773,-23.5485729],[-46.7685085,-23.548565],[-46.7685729,-23.5485656],[-46.7686144,-23.5485748],[-46.768664,-23.5485982],[-46.7687398,-23.5486449],[-46.7688216,-23.548683],[-46.7688914,-23.5486904],[-46.7689732,-23.5486818],[-46.7690711,-23.548667],[-46.769169,-23.5486523],[-46.7692347,-23.5486584],[-46.7693232,-23.5486867],[-46.7694439,-23.5487395],[-46.7696732,-23.5488551],[-46.7698324,-23.5489547],[-46.7699779,-23.5490419],[-46.7703902,-23.549163],[-46.7716022,-23.5492038],[-46.7725253,-23.5481561]]}},{"type":"Feature","id":"way/549773524","properties":{"highway":"service","oneway":"yes","id":"way/549773524"},"geometry":{"type":"LineString","coordinates":[[-46.7716927,-23.5498309],[-46.7712379,-23.5497233],[-46.7711569,-23.5497046],[-46.7707282,-23.5496056],[-46.769739,-23.5493772],[-46.7696911,-23.5493311],[-46.7696742,-23.5492642],[-46.7696948,-23.5491948],[-46.7697167,-23.5491328],[-46.7697819,-23.5490358],[-46.7698324,-23.5489547]]}},{"type":"Feature","id":"way/549773525","properties":{"highway":"service","name":"Rua Três","oneway":"yes","id":"way/549773525"},"geometry":{"type":"LineString","coordinates":[[-46.7675553,-23.5471064],[-46.7677188,-23.5470373],[-46.7678931,-23.5469685],[-46.7680514,-23.5469365],[-46.7682096,-23.5469045],[-46.7686043,-23.5469016],[-46.7690563,-23.5468954],[-46.769232,-23.5468782],[-46.7693393,-23.5468573],[-46.7695338,-23.5467934],[-46.7697022,-23.5467292],[-46.7700889,-23.546577],[-46.7701573,-23.5465536],[-46.7705731,-23.5463926],[-46.7706157,-23.5463747],[-46.7708977,-23.5462647],[-46.7709795,-23.5462635],[-46.7710519,-23.5462844],[-46.7711377,-23.5463274],[-46.7711793,-23.5463569],[-46.7712758,-23.5464565],[-46.7713067,-23.5465155],[-46.7713107,-23.5465868],[-46.7712973,-23.5466606],[-46.7712531,-23.546738],[-46.7712101,-23.5467761],[-46.7711337,-23.5468167],[-46.7710385,-23.5468831],[-46.7709164,-23.5469483],[-46.7708185,-23.5470319],[-46.7707957,-23.547097],[-46.7708011,-23.5471646],[-46.7708172,-23.5472335],[-46.770848,-23.5472962],[-46.7709084,-23.5473761],[-46.7710157,-23.5474659]]}},{"type":"Feature","id":"way/549773526","properties":{"highway":"service","name":"Rua Cinco","id":"way/549773526"},"geometry":{"type":"LineString","coordinates":[[-46.7674107,-23.5471514],[-46.7673522,-23.5471685],[-46.767035,-23.5472761],[-46.7669308,-23.5473141],[-46.7667208,-23.5473957],[-46.7666558,-23.5474224]]}},{"type":"Feature","id":"way/549773527","properties":{"highway":"service","service":"parking_aisle","id":"way/549773527"},"geometry":{"type":"LineString","coordinates":[[-46.7697672,-23.5468739],[-46.7695928,-23.5469729],[-46.7694157,-23.5470097],[-46.7691368,-23.5470417],[-46.7688364,-23.5470589],[-46.7686822,-23.5470749],[-46.7686567,-23.5470331],[-46.7686299,-23.546979],[-46.7686043,-23.5469016]]}},{"type":"Feature","id":"way/549773528","properties":{"highway":"service","service":"parking_aisle","id":"way/549773528"},"geometry":{"type":"LineString","coordinates":[[-46.7675271,-23.5472679],[-46.767408,-23.5473133],[-46.7671126,-23.5474529]]}},{"type":"Feature","id":"way/549773529","properties":{"highway":"service","id":"way/549773529"},"geometry":{"type":"LineString","coordinates":[[-46.7732968,-23.5479448],[-46.7733126,-23.5478831],[-46.7733045,-23.5478045],[-46.7732469,-23.5477086],[-46.7726412,-23.5471868],[-46.7723027,-23.5469045],[-46.7722075,-23.5468609],[-46.7721442,-23.5468315],[-46.7720405,-23.5468154],[-46.7719609,-23.546811],[-46.7719129,-23.5468376],[-46.7710157,-23.5474659],[-46.7709889,-23.5476269],[-46.7709862,-23.5477425],[-46.7709795,-23.5478248],[-46.7709526,-23.5479625],[-46.7709205,-23.5480597],[-46.7708333,-23.5482478],[-46.7708105,-23.5483006],[-46.770781,-23.5483695],[-46.7707609,-23.5484531],[-46.7707354,-23.5485158],[-46.7706777,-23.5485822],[-46.7705865,-23.5486523],[-46.7704752,-23.5487248],[-46.7703344,-23.5487961],[-46.7702271,-23.5488391],[-46.7699817,-23.5488797],[-46.7699133,-23.5489018],[-46.7698757,-23.5489264],[-46.7698324,-23.5489547]]}},{"type":"Feature","id":"way/549773530","properties":{"highway":"service","name":"Rua Um","oneway":"yes","id":"way/549773530"},"geometry":{"type":"LineString","coordinates":[[-46.7708333,-23.5482478],[-46.7706026,-23.5482674],[-46.7704591,-23.5482847],[-46.7703076,-23.5482834],[-46.7701212,-23.5482453],[-46.7699467,-23.5481988],[-46.7698999,-23.5481863],[-46.7695726,-23.5480769],[-46.7694224,-23.5480019],[-46.7692897,-23.5478912],[-46.7689826,-23.5477068],[-46.7688391,-23.5476392],[-46.7687251,-23.5475974],[-46.7686084,-23.5475679],[-46.7683724,-23.5475618],[-46.7681591,-23.5475704],[-46.767861,-23.547593],[-46.7677349,-23.5475414],[-46.7676591,-23.5474461],[-46.7675271,-23.5472679],[-46.7674998,-23.5471825]]}},{"type":"Feature","id":"way/549773531","properties":{"highway":"service","name":"Rua Oito","id":"way/549773531"},"geometry":{"type":"LineString","coordinates":[[-46.7701573,-23.5465536],[-46.7700923,-23.5464765],[-46.7699897,-23.5464411],[-46.7698094,-23.5464104],[-46.7696833,-23.5463809],[-46.769584,-23.5463176],[-46.7695264,-23.5462432],[-46.7695009,-23.5461756],[-46.7694841,-23.5459967],[-46.7694721,-23.5458393],[-46.7694627,-23.5457705],[-46.7694466,-23.5457231],[-46.7694271,-23.5456869],[-46.7693889,-23.5456567],[-46.7693145,-23.5456328],[-46.7691847,-23.545597],[-46.7688002,-23.5455184],[-46.7686956,-23.5454951],[-46.7686614,-23.5454914],[-46.7686205,-23.5454963],[-46.7685802,-23.5455147],[-46.768493,-23.5455922],[-46.7680612,-23.5461012],[-46.7678748,-23.5462905],[-46.7677594,-23.5463828],[-46.7676656,-23.546443],[-46.767573,-23.5464802],[-46.7673652,-23.5465635],[-46.7673128,-23.5465836],[-46.767215,-23.5466212],[-46.7668143,-23.5467535],[-46.7662972,-23.5469242]]}},{"type":"Feature","id":"way/549773532","properties":{"highway":"service","id":"way/549773532"},"geometry":{"type":"LineString","coordinates":[[-46.7673652,-23.5465635],[-46.7673675,-23.5466373],[-46.7673679,-23.5466974],[-46.7673746,-23.5468253],[-46.7673853,-23.5469015],[-46.7674094,-23.5470073],[-46.7674414,-23.5470768]]}},{"type":"Feature","id":"way/549773533","properties":{"highway":"service","id":"way/549773533"},"geometry":{"type":"LineString","coordinates":[[-46.7677018,-23.5482847],[-46.7680514,-23.5481217],[-46.7682999,-23.5480302],[-46.7685145,-23.5479625],[-46.7686486,-23.5479527],[-46.7686848,-23.5479613],[-46.7687143,-23.5479908],[-46.7687197,-23.5480216],[-46.7685729,-23.5485656]]}},{"type":"Feature","id":"way/549773534","properties":{"highway":"service","service":"parking_aisle","id":"way/549773534"},"geometry":{"type":"LineString","coordinates":[[-46.7690582,-23.5462069],[-46.7682919,-23.546695],[-46.7682208,-23.5467442],[-46.7681564,-23.5468044],[-46.7681149,-23.5468475],[-46.7680514,-23.5469365]]}},{"type":"Feature","id":"way/550014849","properties":{"access":"destination","highway":"footway","name":"Viela José Pisapia","note":"Verificar o tipo de via e acesso.","id":"way/550014849"},"geometry":{"type":"LineString","coordinates":[[-46.7616551,-23.5499551],[-46.7615877,-23.55013],[-46.7615032,-23.550398],[-46.761408,-23.5508922],[-46.7614,-23.5509623],[-46.7614093,-23.5510361],[-46.7614442,-23.5511135],[-46.7614964,-23.5512079],[-46.7615491,-23.5513148],[-46.7616583,-23.5515364],[-46.7617109,-23.5516432],[-46.7617969,-23.551818]]}},{"type":"Feature","id":"way/550015560","properties":{"highway":"service","lit":"yes","name":"Travessa Rosina Troiano Galante","narrow":"yes","service":"alley","surface":"asphalt","id":"way/550015560"},"geometry":{"type":"LineString","coordinates":[[-46.7611612,-23.5486596],[-46.7615776,-23.5483846]]}},{"type":"Feature","id":"way/550132740","properties":{"highway":"footway","name":"Rua Francisco Munhoz Cegarra","id":"way/550132740"},"geometry":{"type":"LineString","coordinates":[[-46.76,-23.5370514],[-46.7602409,-23.5366726],[-46.760353,-23.5364963]]}},{"type":"Feature","id":"way/550132741","properties":{"access":"private","highway":"residential","name":"Rua 63","service":"driveway","surface":"paved","id":"way/550132741"},"geometry":{"type":"LineString","coordinates":[[-46.7609775,-23.5439066],[-46.7611331,-23.5437591],[-46.7613766,-23.5435109],[-46.7616876,-23.5431892],[-46.7617641,-23.5431173],[-46.7618331,-23.5430558]]}},{"type":"Feature","id":"way/552621913","properties":{"highway":"primary_link","lanes":"1","lit":"yes","name":"Avenida Analice Sakatauskas","oneway":"yes","surface":"asphalt","id":"way/552621913"},"geometry":{"type":"LineString","coordinates":[[-46.7755718,-23.547446],[-46.7754819,-23.547427],[-46.7753987,-23.5474334],[-46.7753378,-23.5474609],[-46.7753124,-23.5474984],[-46.7753026,-23.5475373]]}},{"type":"Feature","id":"way/576123422","properties":{"access":"permissive","highway":"service","maxspeed":"30","name":"Alameda Sibipiruna","surface":"paved","id":"way/576123422"},"geometry":{"type":"LineString","coordinates":[[-46.7692685,-23.5566081],[-46.7695935,-23.5557018]]}},{"type":"Feature","id":"way/576124562","properties":{"access":"private","highway":"residential","horse":"no","lanes":"2","maxspeed":"30","name":"Alameda Sombreiro","oneway":"yes","postal_code":"06030-304","surface":"paved","id":"way/576124562"},"geometry":{"type":"LineString","coordinates":[[-46.7698757,-23.5568049],[-46.7701413,-23.5566918],[-46.770264,-23.5566316],[-46.7703605,-23.5565768],[-46.7704517,-23.5565166],[-46.7704967,-23.556484],[-46.7705369,-23.556449],[-46.7705865,-23.5563998],[-46.7706288,-23.5563488],[-46.770671,-23.5562793],[-46.770726,-23.5561484],[-46.7707448,-23.556098],[-46.7707729,-23.5560415],[-46.7707931,-23.5560236],[-46.7708152,-23.5560206],[-46.7708363,-23.5560264],[-46.7708594,-23.5560402],[-46.7708692,-23.5560611],[-46.7708735,-23.5560802],[-46.7708399,-23.5561782],[-46.7707662,-23.5563113],[-46.7707401,-23.5563476],[-46.7707052,-23.5563857],[-46.7705999,-23.5564779],[-46.7704947,-23.5565695],[-46.7703867,-23.5566432],[-46.7701413,-23.5567748],[-46.7700796,-23.556803],[-46.769989,-23.5568528],[-46.7698449,-23.5569795]]}},{"type":"Feature","id":"way/576127743","properties":{"description":"Acesso a Acenbo - Associação Cultural e Esportiva Nipo Brasileira de Osasco","highway":"service","name":"Rua Acenbo","note":"There is a slight spelling difference between the IBGE data (Rua Acembo) and the OSM data (Rua Acenbo).","surface":"paved","id":"way/576127743"},"geometry":{"type":"LineString","coordinates":[[-46.7707245,-23.5529843],[-46.771595,-23.5536711],[-46.7719119,-23.5539211],[-46.7719451,-23.5539473],[-46.7720108,-23.5540235],[-46.7720148,-23.5540665],[-46.7720054,-23.5541218],[-46.7719772,-23.5541796],[-46.7717318,-23.5544771]]}},{"type":"Feature","id":"way/591690827","properties":{"highway":"residential","lit":"yes","name":"Rua Amleto Chiacheti","surface":"asphalt","id":"way/591690827"},"geometry":{"type":"LineString","coordinates":[[-46.77682,-23.5510545],[-46.7767503,-23.5511048],[-46.7763073,-23.5514905],[-46.7762061,-23.5515637]]}},{"type":"Feature","id":"way/591690829","properties":{"highway":"steps","name":"Rua Garcia Lopes","surface":"paved","id":"way/591690829"},"geometry":{"type":"LineString","coordinates":[[-46.7772854,-23.5523296],[-46.7774892,-23.5521388]]}},{"type":"Feature","id":"way/591690836","properties":{"highway":"primary_link","lanes":"2","lit":"yes","maxspeed:advisory":"20","noname":"yes","oneway":"yes","surface":"asphalt","id":"way/591690836"},"geometry":{"type":"LineString","coordinates":[[-46.7738052,-23.5473896],[-46.7738233,-23.5473291]]}},{"type":"Feature","id":"way/591690838","properties":{"highway":"primary_link","lanes":"2","lit":"yes","maxspeed:advisory":"20","noname":"yes","oneway":"yes","surface":"asphalt","id":"way/591690838"},"geometry":{"type":"LineString","coordinates":[[-46.7737737,-23.5471124],[-46.7737626,-23.5471437]]}},{"type":"Feature","id":"way/591690840","properties":{"crossing":"marked","crossing:markings":"yes","footway":"crossing","highway":"footway","lit":"yes","surface":"asphalt","id":"way/591690840"},"geometry":{"type":"LineString","coordinates":[[-46.7721915,-23.54474],[-46.7721169,-23.5447422]]}},{"type":"Feature","id":"way/591690842","properties":{"bridge":"yes","highway":"footway","layer":"1","lit":"yes","surface":"concrete","id":"way/591690842"},"geometry":{"type":"LineString","coordinates":[[-46.7721169,-23.5447422],[-46.7720008,-23.5447457]]}},{"type":"Feature","id":"way/591690843","properties":{"crossing":"marked","crossing:markings":"yes","footway":"crossing","highway":"footway","lit":"yes","surface":"asphalt","id":"way/591690843"},"geometry":{"type":"LineString","coordinates":[[-46.7720008,-23.5447457],[-46.7718825,-23.5447492]]}},{"type":"Feature","id":"way/591690845","properties":{"highway":"primary_link","lanes":"1","oneway":"yes","id":"way/591690845"},"geometry":{"type":"LineString","coordinates":[[-46.7723072,-23.5428419],[-46.7723411,-23.5427939],[-46.7723954,-23.5427263],[-46.7724256,-23.5427169],[-46.7724642,-23.5427118],[-46.7725128,-23.5427299],[-46.7725436,-23.5427718],[-46.7725579,-23.5427968],[-46.7725698,-23.5428228],[-46.7725803,-23.5428535],[-46.7725874,-23.5428849]]}},{"type":"Feature","id":"way/591690847","properties":{"highway":"residential","name":"Rua Santina da Costa","oneway":"yes","surface":"asphalt","id":"way/591690847"},"geometry":{"type":"LineString","coordinates":[[-46.767313,-23.5442046],[-46.7674064,-23.5441912],[-46.76745,-23.5441949],[-46.7674877,-23.5442074],[-46.7675283,-23.5442219],[-46.767578,-23.5442446],[-46.7677039,-23.5442913]]}},{"type":"Feature","id":"way/591690849","properties":{"highway":"residential","name":"Rua André Thomaz","oneway":"yes","surface":"asphalt","id":"way/591690849"},"geometry":{"type":"LineString","coordinates":[[-46.7692704,-23.5436545],[-46.7686945,-23.5436319]]}},{"type":"Feature","id":"way/591690851","properties":{"highway":"residential","name":"Rua André Thomaz","oneway":"yes","surface":"asphalt","id":"way/591690851"},"geometry":{"type":"LineString","coordinates":[[-46.768983,-23.5434843],[-46.7689702,-23.5435408],[-46.7689861,-23.5435807],[-46.769072,-23.5436225],[-46.7692704,-23.5436545]]}},{"type":"Feature","id":"way/591691256","properties":{"highway":"tertiary_link","lanes":"1","oneway":"yes","surface":"asphalt","id":"way/591691256"},"geometry":{"type":"LineString","coordinates":[[-46.7675972,-23.5440757],[-46.767588,-23.5441229],[-46.7675853,-23.544137],[-46.7675786,-23.5441795],[-46.767578,-23.5442446]]}},{"type":"Feature","id":"way/601829117","properties":{"highway":"residential","name":"Rua José Ângelo Francisco Pregnolato","surface":"asphalt","id":"way/601829117"},"geometry":{"type":"LineString","coordinates":[[-46.7792,-23.5520634],[-46.7787513,-23.5521181],[-46.7782811,-23.5521788],[-46.7781866,-23.5521929],[-46.7781262,-23.5522058],[-46.7780806,-23.5522206],[-46.7780169,-23.5522495]]}},{"type":"Feature","id":"way/601829120","properties":{"highway":"service","name":"Viela Olívia Ruiz Rodrigues","service":"alley","id":"way/601829120"},"geometry":{"type":"LineString","coordinates":[[-46.7759487,-23.5541539],[-46.7754909,-23.5538095]]}},{"type":"Feature","id":"way/601829121","properties":{"highway":"service","name":"Viela Gentil Xavier de Paiva","service":"alley","id":"way/601829121"},"geometry":{"type":"LineString","coordinates":[[-46.7750148,-23.555225],[-46.7745441,-23.5548939]]}},{"type":"Feature","id":"way/601829122","properties":{"highway":"service","name":"Viela Geraldo Lucchini","service":"alley","id":"way/601829122"},"geometry":{"type":"LineString","coordinates":[[-46.7743153,-23.553776],[-46.773828,-23.5534001]]}},{"type":"Feature","id":"way/626289776","properties":{"highway":"service","service":"parking_aisle","id":"way/626289776"},"geometry":{"type":"LineString","coordinates":[[-46.7737417,-23.5383869],[-46.7737918,-23.5383419],[-46.7738079,-23.5383112],[-46.7738199,-23.5382731],[-46.7738172,-23.5381452],[-46.7737909,-23.5378649]]}},{"type":"Feature","id":"way/626291136","properties":{"highway":"service","name":"Viela João Inácio da Silva","service":"alley","id":"way/626291136"},"geometry":{"type":"LineString","coordinates":[[-46.7778785,-23.5510586],[-46.7772733,-23.5513115]]}},{"type":"Feature","id":"way/626291137","properties":{"highway":"service","name":"Viela Ernesto Medeiros","service":"alley","id":"way/626291137"},"geometry":{"type":"LineString","coordinates":[[-46.7784747,-23.550805],[-46.7779267,-23.5511521]]}},{"type":"Feature","id":"way/626291138","properties":{"highway":"service","motorcar":"no","name":"Viela Luis Leão Harduim","note":"Spelling difference: OSM Rua Luis Leao Mardim, IBGE Rua Luis Leao Harduim","service":"alley","id":"way/626291138"},"geometry":{"type":"LineString","coordinates":[[-46.7792,-23.5510254],[-46.7788298,-23.5512698]]}},{"type":"Feature","id":"way/626291140","properties":{"highway":"residential","name":"Rua Júlio Azevedo","id":"way/626291140"},"geometry":{"type":"LineString","coordinates":[[-46.7792,-23.5493605],[-46.7790636,-23.5491416]]}},{"type":"Feature","id":"way/626295354","properties":{"highway":"service","name":"Rua Victório Camilli","service":"alley","id":"way/626295354"},"geometry":{"type":"LineString","coordinates":[[-46.7792,-23.5453839],[-46.7789117,-23.5454239]]}},{"type":"Feature","id":"way/626295355","properties":{"highway":"residential","lanes":"2","name":"Rua Ouro Fino","oneway":"no","id":"way/626295355"},"geometry":{"type":"LineString","coordinates":[[-46.7780605,-23.5488111],[-46.7781974,-23.5490112],[-46.778495,-23.5493985]]}},{"type":"Feature","id":"way/643880228","properties":{"highway":"footway","id":"way/643880228"},"geometry":{"type":"LineString","coordinates":[[-46.7747091,-23.5452197],[-46.7748385,-23.5451607]]}},{"type":"Feature","id":"way/643880229","properties":{"highway":"footway","id":"way/643880229"},"geometry":{"type":"LineString","coordinates":[[-46.7748492,-23.5451771],[-46.7748385,-23.5451607],[-46.7748339,-23.545142],[-46.774836,-23.545123],[-46.7748446,-23.5451055],[-46.7748586,-23.5450914],[-46.7748768,-23.5450821],[-46.7748973,-23.5450785],[-46.7749196,-23.5450814],[-46.7749395,-23.5450911],[-46.7749546,-23.5451063],[-46.7749632,-23.5451254],[-46.7749642,-23.545146],[-46.7749576,-23.5451657],[-46.7749441,-23.5451822],[-46.7749253,-23.5451935],[-46.7749051,-23.5451982],[-46.7748843,-23.5451969],[-46.774865,-23.5451896],[-46.7748492,-23.5451771]]}},{"type":"Feature","id":"way/643880230","properties":{"highway":"footway","id":"way/643880230"},"geometry":{"type":"LineString","coordinates":[[-46.7749546,-23.5451063],[-46.7751366,-23.5450047]]}},{"type":"Feature","id":"way/643880231","properties":{"highway":"footway","id":"way/643880231"},"geometry":{"type":"LineString","coordinates":[[-46.7751289,-23.5456573],[-46.7749253,-23.5451935]]}},{"type":"Feature","id":"way/643880232","properties":{"highway":"footway","id":"way/643880232"},"geometry":{"type":"LineString","coordinates":[[-46.7748768,-23.5450821],[-46.7746496,-23.5443067]]}},{"type":"Feature","id":"way/643880235","properties":{"highway":"footway","id":"way/643880235"},"geometry":{"type":"LineString","coordinates":[[-46.7792,-23.5438008],[-46.7791607,-23.5437917]]}},{"type":"Feature","id":"way/643880237","properties":{"highway":"footway","id":"way/643880237"},"geometry":{"type":"LineString","coordinates":[[-46.7784996,-23.5424428],[-46.7786227,-23.5424437],[-46.778795,-23.542503]]}},{"type":"Feature","id":"way/643880238","properties":{"highway":"footway","id":"way/643880238"},"geometry":{"type":"LineString","coordinates":[[-46.778739,-23.5422042],[-46.7787105,-23.5421379],[-46.7786535,-23.5421213],[-46.778637,-23.5421257],[-46.7786079,-23.5421335],[-46.778561,-23.5421508],[-46.7785245,-23.5421998]]}},{"type":"Feature","id":"way/643880239","properties":{"highway":"footway","id":"way/643880239"},"geometry":{"type":"LineString","coordinates":[[-46.7786535,-23.5421213],[-46.7786542,-23.542212],[-46.7786464,-23.5422693],[-46.7786402,-23.5423152],[-46.7786348,-23.5423546],[-46.7786227,-23.5424437]]}},{"type":"Feature","id":"way/649294512","properties":{"highway":"footway","id":"way/649294512"},"geometry":{"type":"LineString","coordinates":[[-46.7784996,-23.5424428],[-46.7786402,-23.5423152],[-46.778795,-23.542503]]}},{"type":"Feature","id":"way/649294513","properties":{"highway":"footway","id":"way/649294513"},"geometry":{"type":"LineString","coordinates":[[-46.778739,-23.5422042],[-46.7786464,-23.5422693],[-46.7785245,-23.5421998]]}},{"type":"Feature","id":"way/649717793","properties":{"highway":"service","id":"way/649717793"},"geometry":{"type":"LineString","coordinates":[[-46.7722481,-23.5492185],[-46.7716022,-23.5492038],[-46.7711569,-23.5497046]]}},{"type":"Feature","id":"way/655282456","properties":{"highway":"service","surface":"paved","id":"way/655282456"},"geometry":{"type":"LineString","coordinates":[[-46.7695935,-23.5557018],[-46.7695827,-23.5556499],[-46.7695867,-23.5556057],[-46.7696747,-23.5553262],[-46.7696887,-23.5553128],[-46.7697011,-23.5553088],[-46.7697208,-23.5553109],[-46.7697486,-23.5553194]]}},{"type":"Feature","id":"way/655685248","properties":{"highway":"residential","name":"Rua Doutor Carlos Morais Barros","oneway":"yes","id":"way/655685248"},"geometry":{"type":"LineString","coordinates":[[-46.7669903,-23.5443284],[-46.766739,-23.5445581],[-46.7665334,-23.5447265]]}},{"type":"Feature","id":"way/655685249","properties":{"highway":"residential","name":"Rua Doutor Carlos Morais Barros","oneway":"yes","id":"way/655685249"},"geometry":{"type":"LineString","coordinates":[[-46.7665334,-23.5447265],[-46.7665625,-23.5446781],[-46.7665766,-23.5446523],[-46.7665894,-23.5446043],[-46.7665906,-23.5445632],[-46.7665773,-23.544509],[-46.7665558,-23.5444709],[-46.766531,-23.5444254]]}},{"type":"Feature","id":"way/655685251","properties":{"highway":"residential","lanes":"1","maxspeed":"30","name":"Rua Doutor Carlos Morais Barros","oneway":"yes","surface":"asphalt","id":"way/655685251"},"geometry":{"type":"LineString","coordinates":[[-46.766739,-23.5445581],[-46.7666838,-23.5445712],[-46.766657,-23.5445737],[-46.7665906,-23.5445632]]}},{"type":"Feature","id":"way/655685255","properties":{"highway":"tertiary_link","lanes":"1","note":"Retorno","oneway":"yes","surface":"asphalt","id":"way/655685255"},"geometry":{"type":"LineString","coordinates":[[-46.7668491,-23.5441443],[-46.7668638,-23.5441504],[-46.7668785,-23.544158],[-46.7668894,-23.5441663],[-46.7669061,-23.5441853],[-46.7669354,-23.5442297],[-46.7669587,-23.5442661],[-46.7669903,-23.5443284]]}},{"type":"Feature","id":"way/655696903","properties":{"highway":"tertiary","lanes":"1","name":"Rua Doutor Carlos Morais Barros","oneway":"yes","surface":"asphalt","id":"way/655696903"},"geometry":{"type":"LineString","coordinates":[[-46.7708936,-23.5426872],[-46.7708095,-23.5426421],[-46.7707814,-23.5426237],[-46.7707287,-23.5425736]]}},{"type":"Feature","id":"way/655702452","properties":{"highway":"steps","id":"way/655702452"},"geometry":{"type":"LineString","coordinates":[[-46.7655081,-23.5445417],[-46.7657561,-23.5447237]]}},{"type":"Feature","id":"way/655723999","properties":{"natural":"tree_row","id":"way/655723999"},"geometry":{"type":"LineString","coordinates":[[-46.7723143,-23.5425316],[-46.7713862,-23.5425685]]}},{"type":"Feature","id":"way/655729271","properties":{"highway":"residential","lanes":"2","name":"Rua José Cid Stella","oneway":"yes","surface":"asphalt","id":"way/655729271"},"geometry":{"type":"LineString","coordinates":[[-46.7773955,-23.5498084],[-46.7773526,-23.5496265],[-46.7772326,-23.549171]]}},{"type":"Feature","id":"way/657447832","properties":{"access":"private","highway":"service","horse":"no","service":"driveway","id":"way/657447832"},"geometry":{"type":"LineString","coordinates":[[-46.7771016,-23.5571528],[-46.7771083,-23.5571067],[-46.7774664,-23.5567657],[-46.7774811,-23.5566949],[-46.7774674,-23.5566282],[-46.7773833,-23.5564921],[-46.7772947,-23.55639],[-46.777197,-23.5563043],[-46.7770115,-23.5562218],[-46.7767516,-23.5561654],[-46.7762831,-23.5560946],[-46.7759858,-23.5559892],[-46.7759308,-23.5559745],[-46.7758726,-23.5559879],[-46.7754126,-23.5565237],[-46.7753944,-23.5565818],[-46.7754172,-23.5566383],[-46.7765135,-23.5575898],[-46.7765638,-23.5576046],[-46.776613,-23.5575942],[-46.7766935,-23.5575254],[-46.776879,-23.5573231],[-46.7769273,-23.5573169]]}},{"type":"Feature","id":"way/657447837","properties":{"bicycle":"yes","cycleway":"no","foot":"no","highway":"primary","lanes":"3","lit":"yes","maxspeed":"50","name":"Avenida Prefeito Hirant Sanazar","oneway":"yes","surface":"asphalt","id":"way/657447837"},"geometry":{"type":"LineString","coordinates":[[-46.7792,-23.5536409],[-46.7790127,-23.5535207],[-46.7788169,-23.5533694],[-46.7785527,-23.5531432],[-46.7783985,-23.5529969],[-46.7778003,-23.5524351],[-46.7777608,-23.5524001],[-46.7777232,-23.5523638],[-46.7774892,-23.5521388],[-46.7773658,-23.5519925],[-46.7772344,-23.5518204],[-46.7770869,-23.5515745],[-46.7769179,-23.5512438],[-46.77682,-23.5510545],[-46.7767328,-23.5508431],[-46.7766121,-23.5505246],[-46.7764407,-23.5500004],[-46.7763869,-23.5497953],[-46.7763721,-23.5497395]]}},{"type":"Feature","id":"way/657447843","properties":{"barrier":"guard_rail","id":"way/657447843"},"geometry":{"type":"LineString","coordinates":[[-46.7779158,-23.552271],[-46.7778116,-23.5523576],[-46.7773217,-23.5518795],[-46.7769917,-23.5512784]]}},{"type":"Feature","id":"way/657447844","properties":{"footway":"crossing","highway":"footway","id":"way/657447844"},"geometry":{"type":"LineString","coordinates":[[-46.7771847,-23.5511259],[-46.7771147,-23.5511568]]}},{"type":"Feature","id":"way/657447845","properties":{"highway":"footway","surface":"asphalt","id":"way/657447845"},"geometry":{"type":"LineString","coordinates":[[-46.7770067,-23.5512046],[-46.7774016,-23.5519155],[-46.7778291,-23.5523432]]}},{"type":"Feature","id":"way/657447846","properties":{"highway":"footway","lit":"yes","surface":"asphalt","width":"2","id":"way/657447846"},"geometry":{"type":"LineString","coordinates":[[-46.7770067,-23.5512046],[-46.7768209,-23.5507954],[-46.7764609,-23.5497139]]}},{"type":"Feature","id":"way/657447847","properties":{"barrier":"guard_rail","id":"way/657447847"},"geometry":{"type":"LineString","coordinates":[[-46.7769564,-23.551189],[-46.7767604,-23.5507505],[-46.7765643,-23.5501677],[-46.7764492,-23.5497677]]}},{"type":"Feature","id":"way/657447848","properties":{"bridge":"yes","crossing":"uncontrolled","crossing:markings":"zebra","footway":"crossing","highway":"footway","layer":"1","surface":"asphalt","id":"way/657447848"},"geometry":{"type":"LineString","coordinates":[[-46.7765944,-23.5496755],[-46.7765053,-23.5497012]]}},{"type":"Feature","id":"way/657447849","properties":{"crossing":"uncontrolled","crossing:markings":"zebra","footway":"crossing","highway":"footway","surface":"asphalt","id":"way/657447849"},"geometry":{"type":"LineString","coordinates":[[-46.7765053,-23.5497012],[-46.7764609,-23.5497139],[-46.7763721,-23.5497395],[-46.7763296,-23.5497517]]}},{"type":"Feature","id":"way/657447850","properties":{"crossing":"uncontrolled","crossing:markings":"zebra","footway":"crossing","highway":"footway","surface":"asphalt","id":"way/657447850"},"geometry":{"type":"LineString","coordinates":[[-46.7765944,-23.5496755],[-46.7766693,-23.549654],[-46.7767269,-23.5496374]]}},{"type":"Feature","id":"way/657447851","properties":{"barrier":"guard_rail","id":"way/657447851"},"geometry":{"type":"LineString","coordinates":[[-46.7764261,-23.5497016],[-46.7763051,-23.5493291],[-46.7758186,-23.548272],[-46.7756974,-23.5480931],[-46.7755532,-23.5479565],[-46.7751782,-23.5477413]]}},{"type":"Feature","id":"way/662614075","properties":{"crossing":"marked","crossing:markings":"yes","footway":"crossing","highway":"footway","surface":"asphalt","id":"way/662614075"},"geometry":{"type":"LineString","coordinates":[[-46.7694083,-23.5401876],[-46.7693839,-23.5401125],[-46.7693595,-23.5400375]]}},{"type":"Feature","id":"way/662614080","properties":{"crossing":"marked","crossing:markings":"yes","footway":"crossing","highway":"footway","surface":"asphalt","id":"way/662614080"},"geometry":{"type":"LineString","coordinates":[[-46.7684306,-23.5406269],[-46.7683938,-23.5405828],[-46.768357,-23.5405387]]}},{"type":"Feature","id":"way/662614083","properties":{"crossing":"marked","crossing:markings":"yes","footway":"crossing","highway":"footway","id":"way/662614083"},"geometry":{"type":"LineString","coordinates":[[-46.7697434,-23.5416944],[-46.7696865,-23.5416293],[-46.7696444,-23.5415655]]}},{"type":"Feature","id":"way/662614085","properties":{"highway":"tertiary_link","lanes":"1","lit":"yes","noname":"yes","oneway":"yes","surface":"asphalt","id":"way/662614085"},"geometry":{"type":"LineString","coordinates":[[-46.7697023,-23.5415293],[-46.7697414,-23.5415602],[-46.7697654,-23.5415838],[-46.7697942,-23.5416298]]}},{"type":"Feature","id":"way/662614090","properties":{"highway":"residential","lit":"yes","name":"Rua Ana Pereira Melo","oneway":"yes","surface":"asphalt","id":"way/662614090"},"geometry":{"type":"LineString","coordinates":[[-46.7682369,-23.5426615],[-46.7680869,-23.5425583]]}},{"type":"Feature","id":"way/662614092","properties":{"crossing":"marked","crossing:markings":"yes","footway":"crossing","highway":"footway","surface":"asphalt","id":"way/662614092"},"geometry":{"type":"LineString","coordinates":[[-46.7658196,-23.5425038],[-46.7658068,-23.5424825],[-46.7657634,-23.5424352],[-46.765732,-23.5423932],[-46.7656862,-23.5423206],[-46.7656404,-23.542248]]}},{"type":"Feature","id":"way/662614095","properties":{"highway":"primary_link","lanes":"2","lit":"yes","maxspeed:advisory":"40","noname":"yes","oneway":"yes","surface":"asphalt","id":"way/662614095"},"geometry":{"type":"LineString","coordinates":[[-46.7625225,-23.5443886],[-46.7625949,-23.5444488],[-46.7626458,-23.5444924],[-46.7627089,-23.5445275],[-46.7627773,-23.5445496],[-46.7628242,-23.5445558]]}},{"type":"Feature","id":"way/662614097","properties":{"crossing":"marked","footway":"crossing","highway":"footway","surface":"asphalt","id":"way/662614097"},"geometry":{"type":"LineString","coordinates":[[-46.7628713,-23.5447456],[-46.7627867,-23.5446953],[-46.7627183,-23.5446492],[-46.7626419,-23.5445845]]}},{"type":"Feature","id":"way/662614100","properties":{"crossing":"marked","footway":"crossing","highway":"footway","surface":"asphalt","id":"way/662614100"},"geometry":{"type":"LineString","coordinates":[[-46.7627089,-23.5445275],[-46.7626419,-23.5445845],[-46.7625868,-23.5446369],[-46.7625079,-23.5447189],[-46.7624098,-23.5448158]]}},{"type":"Feature","id":"way/662614102","properties":{"crossing":"marked","crossing:markings":"yes","footway":"crossing","highway":"footway","surface":"asphalt","id":"way/662614102"},"geometry":{"type":"LineString","coordinates":[[-46.7626228,-23.5452073],[-46.7624198,-23.545119],[-46.7624903,-23.5450148],[-46.7624011,-23.5449676]]}},{"type":"Feature","id":"way/662732204","properties":{"highway":"primary","lanes":"3","lit":"yes","maxspeed":"50","name":"Avenida Bussocaba","old_name":"Avenida Bussocaba","oneway":"yes","surface":"asphalt","id":"way/662732204"},"geometry":{"type":"LineString","coordinates":[[-46.7721913,-23.5447843],[-46.7722012,-23.5448803],[-46.772236,-23.5451177],[-46.7722522,-23.5452504],[-46.7723554,-23.5456684],[-46.7724681,-23.5461122],[-46.7725284,-23.5462905],[-46.7725968,-23.5464307],[-46.7727041,-23.546577],[-46.7728181,-23.5466913],[-46.7729737,-23.5468106],[-46.7730971,-23.5468917],[-46.7732607,-23.5469569],[-46.7737737,-23.5471124],[-46.7738337,-23.5471283],[-46.773889,-23.5471429],[-46.7749384,-23.547435],[-46.7750305,-23.5474614],[-46.775047,-23.5474652],[-46.7751548,-23.547494]]}},{"type":"Feature","id":"way/662732205","properties":{"highway":"primary","horse":"no","lanes":"3","lit":"yes","maxspeed":"50","name":"Rua Aurora Soares Barbosa","oneway":"yes","surface":"asphalt","id":"way/662732205"},"geometry":{"type":"LineString","coordinates":[[-46.7720979,-23.5458983],[-46.7720188,-23.5455996],[-46.7719397,-23.5452799],[-46.7719075,-23.5451029],[-46.7718854,-23.544836],[-46.7718839,-23.5448086],[-46.7718825,-23.5447492],[-46.7718964,-23.5446235],[-46.771903,-23.5445634],[-46.7719473,-23.5442948],[-46.7720228,-23.5439705],[-46.7721663,-23.543357],[-46.7722374,-23.5430779],[-46.7723072,-23.5428419],[-46.7723668,-23.5425905],[-46.7723916,-23.5424632],[-46.7724399,-23.5421153],[-46.772452,-23.5420317],[-46.7724654,-23.5418546],[-46.7724687,-23.5417787],[-46.7724721,-23.5416997],[-46.7724681,-23.541535],[-46.7724543,-23.5409446],[-46.7724426,-23.5403599],[-46.772448,-23.5400301],[-46.7724417,-23.5399075],[-46.7724329,-23.5397378],[-46.7724276,-23.5396355]]}},{"type":"Feature","id":"way/662732206","properties":{"bridge":"yes","crossing":"marked","crossing:markings":"yes","footway":"crossing","highway":"footway","layer":"1","surface":"asphalt","id":"way/662732206"},"geometry":{"type":"LineString","coordinates":[[-46.7752056,-23.5475883],[-46.7751774,-23.5476652]]}},{"type":"Feature","id":"way/662732207","properties":{"highway":"secondary","lanes":"1","lit":"yes","name":"Avenida Padre Vicente Melillo","oneway":"yes","surface":"asphalt","id":"way/662732207"},"geometry":{"type":"LineString","coordinates":[[-46.775019,-23.5481419],[-46.7749863,-23.5480218],[-46.7749609,-23.5479082],[-46.7749384,-23.547794],[-46.774925,-23.5477179]]}},{"type":"Feature","id":"way/662732208","properties":{"highway":"secondary","lanes":"2","lit":"yes","name":"Avenida Padre Vicente Melillo","surface":"asphalt","id":"way/662732208"},"geometry":{"type":"LineString","coordinates":[[-46.7756831,-23.5506163],[-46.7757666,-23.5507298],[-46.7759355,-23.5509592],[-46.7759686,-23.5510044],[-46.77607,-23.5511653],[-46.77615,-23.5513227],[-46.7761549,-23.5513396],[-46.7761691,-23.5513809],[-46.7761902,-23.5514786],[-46.7762061,-23.5515637],[-46.7762133,-23.5516152],[-46.7762521,-23.5518241],[-46.7762697,-23.5519185],[-46.7762965,-23.5520015],[-46.7763505,-23.5520516],[-46.7764262,-23.5520982],[-46.7764981,-23.5521278],[-46.7766014,-23.5521597],[-46.7767556,-23.5522028],[-46.7770205,-23.5522519],[-46.7772163,-23.5523054],[-46.7772854,-23.5523296],[-46.7773262,-23.5523671],[-46.777396,-23.5524314],[-46.7774584,-23.5524979],[-46.7774941,-23.5525441],[-46.7775625,-23.5526363],[-46.7778464,-23.5531109],[-46.7779235,-23.5532389],[-46.7780398,-23.5534321],[-46.7781243,-23.5535725],[-46.7782486,-23.5538116],[-46.7783956,-23.5539993],[-46.7786792,-23.5542401],[-46.7787735,-23.554323],[-46.7792,-23.5546976]]}},{"type":"Feature","id":"way/662732210","properties":{"crossing":"marked","crossing:markings":"yes","footway":"crossing","highway":"footway","surface":"asphalt","id":"way/662732210"},"geometry":{"type":"LineString","coordinates":[[-46.7750967,-23.5466912],[-46.7750378,-23.5467138],[-46.7749907,-23.5467491]]}},{"type":"Feature","id":"way/662732211","properties":{"bicycle":"yes","cycleway":"no","foot":"yes","highway":"tertiary","lanes":"2","lit":"yes","maxspeed":"60","name":"Avenida Analice Sakatauskas","oneway":"no","sidewalk":"both","surface":"asphalt","id":"way/662732211"},"geometry":{"type":"LineString","coordinates":[[-46.7755718,-23.547446],[-46.7757819,-23.5476162],[-46.7758815,-23.5477083],[-46.7760061,-23.5478185],[-46.7761078,-23.5479093],[-46.7761881,-23.5479791],[-46.776288,-23.5480683],[-46.7766477,-23.548396],[-46.7770422,-23.5489128],[-46.7770857,-23.5489718],[-46.7772326,-23.549171],[-46.7772749,-23.5492363],[-46.7773015,-23.5492748],[-46.7774604,-23.5494731],[-46.7775178,-23.5495524],[-46.7776089,-23.5496717],[-46.777668,-23.5497491],[-46.777738,-23.5498407],[-46.7780434,-23.5502405],[-46.7784747,-23.550805],[-46.7788298,-23.5512698],[-46.7789807,-23.5514673],[-46.7792,-23.5517628]]}},{"type":"Feature","id":"way/662732212","properties":{"crossing":"marked","crossing:markings":"yes","footway":"crossing","highway":"footway","surface":"asphalt","id":"way/662732212"},"geometry":{"type":"LineString","coordinates":[[-46.7726988,-23.5424792],[-46.7723916,-23.5424632]]}},{"type":"Feature","id":"way/662732213","properties":{"highway":"footway","lit":"no","name":"Viela Antônio Moraes","surface":"concrete","id":"way/662732213"},"geometry":{"type":"LineString","coordinates":[[-46.7718335,-23.5429614],[-46.7721642,-23.5427088],[-46.7721839,-23.5425949]]}},{"type":"Feature","id":"way/662732214","properties":{"access":"no","bus":"yes","highway":"busway","lit":"yes","noname":"yes","oneway":"yes","surface":"asphalt","id":"way/662732214"},"geometry":{"type":"LineString","coordinates":[[-46.765713,-23.5424708],[-46.765732,-23.5423932],[-46.7657422,-23.5423514],[-46.7657829,-23.5422616],[-46.7658568,-23.5421786],[-46.7659935,-23.5420821],[-46.7660452,-23.5420541],[-46.766097,-23.5420262],[-46.7662115,-23.5419889],[-46.7663076,-23.5419804],[-46.7664487,-23.541952]]}},{"type":"Feature","id":"way/662732215","properties":{"crossing":"marked","crossing:markings":"yes","footway":"crossing","highway":"footway","surface":"asphalt","id":"way/662732215"},"geometry":{"type":"LineString","coordinates":[[-46.7654331,-23.5424448],[-46.7654727,-23.5423924],[-46.7655008,-23.5423648]]}},{"type":"Feature","id":"way/662732216","properties":{"highway":"service","oneway":"yes","service":"driveway","id":"way/662732216"},"geometry":{"type":"LineString","coordinates":[[-46.7653007,-23.5422479],[-46.7651928,-23.5420416],[-46.7650844,-23.5418344]]}},{"type":"Feature","id":"way/662864035","properties":{"bicycle":"yes","cycleway":"no","foot":"yes","highway":"primary","lanes":"3","lit":"yes","maxspeed":"50","name":"Avenida Prefeito Hirant Sanazar","oneway":"yes","surface":"asphalt","id":"way/662864035"},"geometry":{"type":"LineString","coordinates":[[-46.7753026,-23.5475373],[-46.7753769,-23.5475704],[-46.7754547,-23.5476195],[-46.7756049,-23.5477228],[-46.7758289,-23.5479121],[-46.7759576,-23.5480425],[-46.7760904,-23.5482146],[-46.7761655,-23.5483461],[-46.7762366,-23.5485182],[-46.7763881,-23.5488883],[-46.7765075,-23.5491957],[-46.7766126,-23.5494934],[-46.7766522,-23.5496057],[-46.7766693,-23.549654],[-46.7767234,-23.5498436],[-46.7767449,-23.5499394],[-46.7768522,-23.5502825],[-46.7769541,-23.5505664],[-46.7770186,-23.5507365],[-46.7770721,-23.5508775],[-46.7771847,-23.5511259],[-46.7772733,-23.5513115],[-46.7774101,-23.551561],[-46.7774811,-23.5516815],[-46.7775536,-23.5517811],[-46.7776769,-23.55192],[-46.7779814,-23.5522163],[-46.7780169,-23.5522495],[-46.7787029,-23.5528826],[-46.7788813,-23.5530387],[-46.7791106,-23.5532207],[-46.7792,-23.5532833]]}},{"type":"Feature","id":"way/662864036","properties":{"crossing":"marked","crossing:markings":"zebra","footway":"crossing","highway":"footway","surface":"asphalt","id":"way/662864036"},"geometry":{"type":"LineString","coordinates":[[-46.7751036,-23.5478386],[-46.7750407,-23.5478237],[-46.7749847,-23.5478074],[-46.7749384,-23.547794],[-46.7748827,-23.5477783]]}},{"type":"Feature","id":"way/664698023","properties":{"highway":"footway","id":"way/664698023"},"geometry":{"type":"LineString","coordinates":[[-46.7708065,-23.5512178],[-46.7712004,-23.5508221]]}},{"type":"Feature","id":"way/664698024","properties":{"highway":"footway","name":"Viela Alfredo Saltarelli","id":"way/664698024"},"geometry":{"type":"LineString","coordinates":[[-46.7723307,-23.5522277],[-46.7718123,-23.5518137]]}},{"type":"Feature","id":"way/673720215","properties":{"access":"permissive","highway":"footway","surface":"paved","id":"way/673720215"},"geometry":{"type":"LineString","coordinates":[[-46.7776424,-23.5432532],[-46.777631,-23.5432312],[-46.7775002,-23.5429789],[-46.7773903,-23.5430134]]}},{"type":"Feature","id":"way/738121365","properties":{"highway":"residential","horse":"no","maxspeed":"60","name":"Rua Machado de Assis","surface":"asphalt","id":"way/738121365"},"geometry":{"type":"LineString","coordinates":[[-46.7775794,-23.540622],[-46.7775288,-23.5407455],[-46.7774631,-23.540889],[-46.7773873,-23.541011],[-46.7773061,-23.5411006],[-46.7772375,-23.5411608],[-46.7771369,-23.5412401],[-46.7770501,-23.5412822]]}},{"type":"Feature","id":"way/745636060","properties":{"highway":"service","oneway":"yes","id":"way/745636060"},"geometry":{"type":"LineString","coordinates":[[-46.7725253,-23.5481561],[-46.7726793,-23.5480608],[-46.7728654,-23.5480049],[-46.7731942,-23.5479591],[-46.7732968,-23.5479448]]}},{"type":"Feature","id":"way/775822512","properties":{"highway":"primary","lanes":"3","lit":"yes","maxspeed":"60","name":"Avenida dos Autonomistas","oneway":"yes","surface":"paved","id":"way/775822512"},"geometry":{"type":"LineString","coordinates":[[-46.770576,-23.5398],[-46.7702766,-23.5398946]]}},{"type":"Feature","id":"way/775822513","properties":{"highway":"primary_link","lanes":"2","lit":"yes","maxspeed":"60","maxspeed:advisory":"50","name":"Avenida dos Autonomistas","oneway":"yes","surface":"asphalt","id":"way/775822513"},"geometry":{"type":"LineString","coordinates":[[-46.7719003,-23.5395569],[-46.7718718,-23.5395643],[-46.7710894,-23.5397866],[-46.770836,-23.5398481],[-46.7706335,-23.5398751],[-46.770494,-23.5398923],[-46.7702766,-23.5398946]]}},{"type":"Feature","id":"way/775822514","properties":{"alt_name":"Praça Dalle Coutinho","highway":"primary_link","horse":"no","lanes":"2","lit":"yes","maxspeed:advisory":"40","name":"Avenida dos Autonomistas","oneway":"yes","surface":"asphalt","id":"way/775822514"},"geometry":{"type":"LineString","coordinates":[[-46.7735591,-23.5390677],[-46.7734545,-23.5391587],[-46.7734015,-23.5392272],[-46.7733855,-23.5392499],[-46.7732888,-23.539387],[-46.7731735,-23.539537],[-46.7730649,-23.5396157],[-46.7729839,-23.5396573],[-46.7729643,-23.5396674],[-46.7728369,-23.5396919]]}},{"type":"Feature","id":"way/775822515","properties":{"highway":"primary","lanes":"3","lit":"yes","maxspeed":"50","name":"Avenida Bussocaba","old_name":"Avenida Bussocaba","oneway":"yes","surface":"asphalt","id":"way/775822515"},"geometry":{"type":"LineString","coordinates":[[-46.7730198,-23.5390176],[-46.7730193,-23.5390858],[-46.773008,-23.5391823],[-46.7729433,-23.5394124],[-46.7728369,-23.5396919]]}},{"type":"Feature","id":"way/775822517","properties":{"highway":"primary","lanes":"3","lit":"yes","maxspeed":"60","name":"Avenida dos Autonomistas","oneway":"yes","surface":"paved","id":"way/775822517"},"geometry":{"type":"LineString","coordinates":[[-46.7745895,-23.5384193],[-46.7746328,-23.5384061],[-46.7750305,-23.5382854],[-46.7752921,-23.5382059],[-46.7756775,-23.5380889],[-46.7759181,-23.5380128],[-46.7760626,-23.537967]]}},{"type":"Feature","id":"way/797714356","properties":{"highway":"service","service":"parking_aisle","surface":"asphalt","id":"way/797714356"},"geometry":{"type":"LineString","coordinates":[[-46.766731,-23.5367795],[-46.7667254,-23.5367665],[-46.7667225,-23.5367597],[-46.7667188,-23.5367511],[-46.7663396,-23.5358712],[-46.766234,-23.5356259]]}},{"type":"Feature","id":"way/797714357","properties":{"highway":"service","service":"parking_aisle","surface":"asphalt","id":"way/797714357"},"geometry":{"type":"LineString","coordinates":[[-46.7665593,-23.5356],[-46.7666263,-23.5357648],[-46.7669816,-23.5366384],[-46.7669857,-23.536663],[-46.766985,-23.536679],[-46.7669776,-23.5366925]]}},{"type":"Feature","id":"way/797714358","properties":{"highway":"service","service":"parking_aisle","surface":"asphalt","id":"way/797714358"},"geometry":{"type":"LineString","coordinates":[[-46.7666017,-23.5368251],[-46.7662072,-23.5359204],[-46.7661233,-23.535728],[-46.7661181,-23.535707],[-46.7661178,-23.5356855],[-46.7661268,-23.5356697],[-46.7661428,-23.5356597],[-46.766234,-23.5356259]]}},{"type":"Feature","id":"way/797714359","properties":{"highway":"service","service":"parking_aisle","surface":"asphalt","id":"way/797714359"},"geometry":{"type":"LineString","coordinates":[[-46.7668488,-23.5367379],[-46.76646,-23.5358265],[-46.7663634,-23.5356]]}},{"type":"Feature","id":"way/797714360","properties":{"highway":"service","service":"parking_aisle","surface":"asphalt","id":"way/797714360"},"geometry":{"type":"LineString","coordinates":[[-46.7669776,-23.5366925],[-46.7668488,-23.5367379],[-46.766731,-23.5367795],[-46.7666017,-23.5368251]]}},{"type":"Feature","id":"way/797714363","properties":{"highway":"service","service":"parking_aisle","surface":"asphalt","id":"way/797714363"},"geometry":{"type":"LineString","coordinates":[[-46.766234,-23.5356259],[-46.7663066,-23.5356]]}},{"type":"Feature","id":"way/826235183","properties":{"highway":"service","id":"way/826235183"},"geometry":{"type":"LineString","coordinates":[[-46.7716927,-23.5498309],[-46.7720684,-23.549894],[-46.7721791,-23.5499191],[-46.7722515,-23.5499314],[-46.7723903,-23.5497931],[-46.7735013,-23.5485195]]}},{"type":"Feature","id":"way/826235184","properties":{"highway":"service","id":"way/826235184"},"geometry":{"type":"LineString","coordinates":[[-46.7712379,-23.5497233],[-46.7711377,-23.5500317]]}},{"type":"Feature","id":"way/826236472","properties":{"highway":"service","service":"parking_aisle","id":"way/826236472"},"geometry":{"type":"LineString","coordinates":[[-46.7743208,-23.5498689],[-46.7742817,-23.5494834]]}},{"type":"Feature","id":"way/826236473","properties":{"highway":"service","id":"way/826236473"},"geometry":{"type":"LineString","coordinates":[[-46.7739735,-23.5496317],[-46.7739659,-23.5495589],[-46.7739482,-23.5495457],[-46.7739144,-23.5495426],[-46.7734861,-23.5495836],[-46.7733762,-23.5496007],[-46.7733171,-23.5496348],[-46.7732318,-23.5497207],[-46.7731,-23.5498927]]}},{"type":"Feature","id":"way/826236474","properties":{"highway":"service","id":"way/826236474"},"geometry":{"type":"LineString","coordinates":[[-46.7739865,-23.5497627],[-46.7739735,-23.5496317]]}},{"type":"Feature","id":"way/826236475","properties":{"highway":"service","id":"way/826236475"},"geometry":{"type":"LineString","coordinates":[[-46.7741059,-23.5497919],[-46.7739865,-23.5497627],[-46.7739161,-23.5497455],[-46.7737125,-23.5497323],[-46.7735883,-23.5497471],[-46.7733576,-23.5498539],[-46.7732267,-23.5499322],[-46.7731811,-23.549981],[-46.7731414,-23.5500088],[-46.7730873,-23.5500328],[-46.7730535,-23.5500236],[-46.7730222,-23.5499926],[-46.7730408,-23.549943],[-46.7731,-23.5498927]]}},{"type":"Feature","id":"way/826236476","properties":{"highway":"service","id":"way/826236476"},"geometry":{"type":"LineString","coordinates":[[-46.7744036,-23.5494938],[-46.7743841,-23.5494783],[-46.7743317,-23.5494799],[-46.7742817,-23.5494834],[-46.774265,-23.5494845],[-46.7742228,-23.5494961],[-46.7742143,-23.5495186],[-46.774216,-23.5495968],[-46.7742485,-23.549843]]}},{"type":"Feature","id":"way/826236477","properties":{"highway":"service","oneway":"yes","id":"way/826236477"},"geometry":{"type":"LineString","coordinates":[[-46.7727459,-23.550077],[-46.7731404,-23.5495965],[-46.7732243,-23.5495353],[-46.773361,-23.5494797],[-46.7735675,-23.5494373],[-46.7739021,-23.5494051],[-46.7740724,-23.5493857]]}},{"type":"Feature","id":"way/826236478","properties":{"highway":"service","id":"way/826236478"},"geometry":{"type":"LineString","coordinates":[[-46.7743993,-23.5487629],[-46.7745226,-23.5493325],[-46.774625,-23.5499897]]}},{"type":"Feature","id":"way/827170050","properties":{"highway":"secondary_link","lanes":"1","oneway":"yes","surface":"asphalt","id":"way/827170050"},"geometry":{"type":"LineString","coordinates":[[-46.7682461,-23.5564356],[-46.768276,-23.5564066],[-46.7683018,-23.5563917]]}},{"type":"Feature","id":"way/827170051","properties":{"highway":"secondary_link","lanes":"1","oneway":"yes","surface":"asphalt","id":"way/827170051"},"geometry":{"type":"LineString","coordinates":[[-46.7683643,-23.5564969],[-46.7683368,-23.5564606],[-46.768316,-23.5564275],[-46.7683018,-23.5563917]]}},{"type":"Feature","id":"way/827170052","properties":{"highway":"secondary_link","lanes":"1","oneway":"yes","surface":"asphalt","id":"way/827170052"},"geometry":{"type":"LineString","coordinates":[[-46.7684866,-23.5561545],[-46.768487,-23.5562339],[-46.7684951,-23.5562892],[-46.7685112,-23.5563314],[-46.7685368,-23.5563724],[-46.7685848,-23.5564197]]}},{"type":"Feature","id":"way/827170053","properties":{"highway":"residential","oneway":"yes","id":"way/827170053"},"geometry":{"type":"LineString","coordinates":[[-46.7696253,-23.556723],[-46.7696752,-23.556772],[-46.76969,-23.5567871],[-46.7697007,-23.5568015],[-46.7697058,-23.5568184],[-46.7697068,-23.5568347],[-46.7697017,-23.5568495],[-46.769694,-23.5568654],[-46.7696803,-23.5568811],[-46.7696578,-23.5568977],[-46.7695914,-23.5569174]]}},{"type":"Feature","id":"way/827473625","properties":{"highway":"primary","lanes":"3","lit":"yes","maxspeed":"60","name":"Avenida Domingos Odália Filho","oneway":"yes","surface":"asphalt","id":"way/827473625"},"geometry":{"type":"LineString","coordinates":[[-46.7726625,-23.5363916],[-46.7726997,-23.5357425],[-46.7727085,-23.5356]]}},{"type":"Feature","id":"way/827501043","properties":{"highway":"service","oneway":"yes","id":"way/827501043"},"geometry":{"type":"LineString","coordinates":[[-46.7707599,-23.5395146],[-46.7708279,-23.5394556],[-46.7708852,-23.5394142],[-46.7709781,-23.5393618],[-46.7711163,-23.5393034],[-46.7713224,-23.5392408],[-46.7714686,-23.539182],[-46.7715826,-23.5391185],[-46.7716815,-23.5390255]]}},{"type":"Feature","id":"way/827501045","properties":{"access":"customers","highway":"service","layer":"1","oneway":"yes","service":"driveway","surface":"paved","id":"way/827501045"},"geometry":{"type":"LineString","coordinates":[[-46.7722431,-23.5364181],[-46.7722321,-23.5363736],[-46.7721732,-23.5361403],[-46.7721681,-23.5360838],[-46.7721681,-23.5360265],[-46.7721814,-23.5358687]]}},{"type":"Feature","id":"way/827501046","properties":{"covered":"yes","highway":"service","layer":"-1","oneway":"yes","id":"way/827501046"},"geometry":{"type":"LineString","coordinates":[[-46.7722751,-23.5363732],[-46.7722336,-23.5363801],[-46.772146,-23.5363948],[-46.7721112,-23.5364006]]}},{"type":"Feature","id":"way/827501047","properties":{"highway":"service","oneway":"yes","id":"way/827501047"},"geometry":{"type":"LineString","coordinates":[[-46.7726625,-23.5363916],[-46.772512,-23.5363841],[-46.7724277,-23.5363804],[-46.7722751,-23.5363732]]}},{"type":"Feature","id":"way/827501048","properties":{"access":"customers","highway":"service","oneway":"yes","service":"driveway","surface":"paved","id":"way/827501048"},"geometry":{"type":"LineString","coordinates":[[-46.7721112,-23.5364006],[-46.7716326,-23.5364977],[-46.7715997,-23.536505],[-46.7715575,-23.5365296],[-46.7715447,-23.5365499],[-46.7715367,-23.5365757],[-46.771524,-23.5366053],[-46.771515,-23.5366634]]}},{"type":"Feature","id":"way/827501049","properties":{"highway":"service","service":"parking_aisle","id":"way/827501049"},"geometry":{"type":"LineString","coordinates":[[-46.7722862,-23.5365926],[-46.7714506,-23.5367734]]}},{"type":"Feature","id":"way/827501050","properties":{"highway":"service","service":"parking_aisle","id":"way/827501050"},"geometry":{"type":"LineString","coordinates":[[-46.7723189,-23.5367252],[-46.7714205,-23.5369234]]}},{"type":"Feature","id":"way/827501051","properties":{"highway":"service","layer":"1","service":"parking_aisle","id":"way/827501051"},"geometry":{"type":"LineString","coordinates":[[-46.7723536,-23.5368657],[-46.7714211,-23.5370783]]}},{"type":"Feature","id":"way/827501052","properties":{"highway":"service","layer":"1","service":"parking_aisle","id":"way/827501052"},"geometry":{"type":"LineString","coordinates":[[-46.7723886,-23.5370073],[-46.7714545,-23.5372245]]}},{"type":"Feature","id":"way/827501053","properties":{"highway":"service","layer":"1","service":"parking_aisle","id":"way/827501053"},"geometry":{"type":"LineString","coordinates":[[-46.7724156,-23.5371374],[-46.7714867,-23.5373632]]}},{"type":"Feature","id":"way/827501054","properties":{"highway":"service","layer":"1","service":"parking_aisle","id":"way/827501054"},"geometry":{"type":"LineString","coordinates":[[-46.7724137,-23.5373041],[-46.7715193,-23.5375037]]}},{"type":"Feature","id":"way/827501055","properties":{"highway":"service","layer":"1","service":"parking_aisle","id":"way/827501055"},"geometry":{"type":"LineString","coordinates":[[-46.7724066,-23.5374518],[-46.771555,-23.5376558]]}},{"type":"Feature","id":"way/827501056","properties":{"highway":"service","layer":"1","service":"parking_aisle","id":"way/827501056"},"geometry":{"type":"LineString","coordinates":[[-46.7723985,-23.5376177],[-46.7715906,-23.5378091]]}},{"type":"Feature","id":"way/827501057","properties":{"highway":"service","layer":"1","service":"parking_aisle","id":"way/827501057"},"geometry":{"type":"LineString","coordinates":[[-46.7723918,-23.5377553],[-46.7716181,-23.5379294]]}},{"type":"Feature","id":"way/827501058","properties":{"highway":"service","layer":"1","service":"parking_aisle","id":"way/827501058"},"geometry":{"type":"LineString","coordinates":[[-46.7723845,-23.5379054],[-46.7716525,-23.538076]]}},{"type":"Feature","id":"way/827501059","properties":{"highway":"service","layer":"1","oneway":"yes","service":"parking_aisle","id":"way/827501059"},"geometry":{"type":"LineString","coordinates":[[-46.7723769,-23.5380628],[-46.7716878,-23.5382281]]}},{"type":"Feature","id":"way/827501060","properties":{"highway":"service","layer":"1","oneway":"yes","service":"parking_aisle","id":"way/827501060"},"geometry":{"type":"LineString","coordinates":[[-46.7723541,-23.5382208],[-46.7717214,-23.5383726]]}},{"type":"Feature","id":"way/827501065","properties":{"access":"customers","highway":"service","service":"driveway","surface":"paved","id":"way/827501065"},"geometry":{"type":"LineString","coordinates":[[-46.7721994,-23.5356],[-46.7721744,-23.5356296],[-46.7721254,-23.5357347],[-46.772106,-23.5358485],[-46.772098,-23.5359815],[-46.7720953,-23.5361251],[-46.772114,-23.536251],[-46.7721415,-23.5363787],[-46.7721437,-23.5363865],[-46.7721512,-23.536413],[-46.7721512,-23.5364447],[-46.772136,-23.536468],[-46.7721098,-23.5364842],[-46.7716809,-23.5365751],[-46.7716219,-23.5365911],[-46.7715642,-23.5366243],[-46.771515,-23.5366634],[-46.7714784,-23.5367251],[-46.7714506,-23.5367734],[-46.7714205,-23.5369234],[-46.771418,-23.5369919],[-46.7714193,-23.5370423],[-46.7714211,-23.5370783],[-46.7714545,-23.5372245],[-46.7714867,-23.5373632],[-46.7715193,-23.5375037],[-46.771555,-23.5376558],[-46.7715906,-23.5378091],[-46.7716181,-23.5379294],[-46.7716525,-23.538076],[-46.7716878,-23.5382281],[-46.7717214,-23.5383726],[-46.7717514,-23.5385214],[-46.7717801,-23.5385657],[-46.771815,-23.5385842],[-46.7718513,-23.5385902],[-46.7718876,-23.5385833],[-46.7719214,-23.5385662],[-46.7719552,-23.5385376],[-46.772045,-23.5384532],[-46.7721016,-23.5383973]]}},{"type":"Feature","id":"way/827501066","properties":{"access":"customers","highway":"service","oneway":"yes","service":"driveway","surface":"paved","id":"way/827501066"},"geometry":{"type":"LineString","coordinates":[[-46.7723541,-23.5382208],[-46.7723702,-23.5381403],[-46.7723769,-23.5380628],[-46.7723845,-23.5379054],[-46.7723918,-23.5377553],[-46.7723985,-23.5376177],[-46.7724066,-23.5374518],[-46.7724137,-23.5373041],[-46.7724193,-23.5371905],[-46.7724156,-23.5371374],[-46.772406,-23.5370778],[-46.7723886,-23.5370073],[-46.7723536,-23.5368657],[-46.7723189,-23.5367252],[-46.7722862,-23.5365926],[-46.7722431,-23.5364181]]}},{"type":"Feature","id":"way/827501067","properties":{"access":"customers","highway":"service","oneway":"yes","service":"driveway","surface":"paved","id":"way/827501067"},"geometry":{"type":"LineString","coordinates":[[-46.7721814,-23.5358687],[-46.7721858,-23.5358119],[-46.7722019,-23.5357569],[-46.7722306,-23.5357097],[-46.7722754,-23.5356554],[-46.7723261,-23.5356066],[-46.7723333,-23.5356]]}},{"type":"Feature","id":"way/829459922","properties":{"bicycle":"yes","cycleway":"no","foot":"yes","highway":"tertiary","lanes":"2","lit":"yes","maxspeed":"60","name":"Avenida Analice Sakatauskas","sidewalk":"both","surface":"asphalt","id":"way/829459922"},"geometry":{"type":"LineString","coordinates":[[-46.7754131,-23.5472897],[-46.7755718,-23.547446]]}},{"type":"Feature","id":"way/834815454","properties":{"highway":"secondary_link","lanes":"1","oneway":"yes","surface":"asphalt","id":"way/834815454"},"geometry":{"type":"LineString","coordinates":[[-46.7623768,-23.5397835],[-46.7623421,-23.5397752],[-46.762305,-23.5397545],[-46.7622861,-23.5397365],[-46.7622656,-23.539703]]}},{"type":"Feature","id":"way/837879887","properties":{"highway":"service","oneway":"yes","surface":"paved","id":"way/837879887"},"geometry":{"type":"LineString","coordinates":[[-46.7723394,-23.5465561],[-46.772289,-23.5465745],[-46.7722327,-23.5466157],[-46.7722106,-23.5466464],[-46.7721777,-23.5467264],[-46.772167,-23.5467491],[-46.7721442,-23.5468315]]}},{"type":"Feature","id":"way/837879888","properties":{"highway":"service","oneway":"yes","surface":"paved","id":"way/837879888"},"geometry":{"type":"LineString","coordinates":[[-46.7719609,-23.546811],[-46.7720471,-23.5466646],[-46.7721033,-23.5465671],[-46.7721355,-23.5464528],[-46.7721771,-23.5463544],[-46.7722332,-23.5462958]]}},{"type":"Feature","id":"way/837879890","properties":{"highway":"service","maxspeed":"20","service":"driveway","surface":"paved","id":"way/837879890"},"geometry":{"type":"LineString","coordinates":[[-46.7726412,-23.5471868],[-46.772733,-23.5471997],[-46.7728174,-23.5472329],[-46.773034,-23.5473294],[-46.7732325,-23.5474259],[-46.7735202,-23.54763],[-46.7736194,-23.547705],[-46.7737602,-23.5477996],[-46.7738528,-23.5478439],[-46.7740499,-23.5479158],[-46.7746407,-23.5481261],[-46.7746688,-23.5481261],[-46.7746903,-23.5481224],[-46.7747091,-23.5481039],[-46.7747238,-23.548072],[-46.7747306,-23.5480591],[-46.7747439,-23.5480339],[-46.7747597,-23.547997]]}},{"type":"Feature","id":"way/837879891","properties":{"highway":"service","surface":"paved","id":"way/837879891"},"geometry":{"type":"LineString","coordinates":[[-46.7732325,-23.5474259],[-46.7733613,-23.5474634],[-46.7734538,-23.5474843],[-46.7735517,-23.5475212],[-46.7736509,-23.5475586],[-46.7737622,-23.5476296]]}},{"type":"Feature","id":"way/837879892","properties":{"highway":"service","maxspeed":"20","service":"parking_aisle","surface":"paved","id":"way/837879892"},"geometry":{"type":"LineString","coordinates":[[-46.7737622,-23.5476296],[-46.7746784,-23.5479668],[-46.7747085,-23.5479769],[-46.7747366,-23.5479873],[-46.7747597,-23.547997]]}},{"type":"Feature","id":"way/855391370","properties":{"highway":"service","id":"way/855391370"},"geometry":{"type":"LineString","coordinates":[[-46.7642245,-23.535762],[-46.7642273,-23.5357114],[-46.7642419,-23.5356168]]}},{"type":"Feature","id":"way/858078291","properties":{"access":"private","highway":"service","id":"way/858078291"},"geometry":{"type":"LineString","coordinates":[[-46.7613825,-23.5369944],[-46.7614053,-23.53726],[-46.7614147,-23.5373073],[-46.7614281,-23.5373405],[-46.7614536,-23.5373632],[-46.7614798,-23.5373798]]}},{"type":"Feature","id":"way/858079437","properties":{"highway":"secondary_link","lanes":"1","oneway":"yes","surface":"asphalt","id":"way/858079437"},"geometry":{"type":"LineString","coordinates":[[-46.7622127,-23.539834],[-46.7622459,-23.5398379],[-46.762269,-23.5398426],[-46.7623012,-23.5398518],[-46.762334,-23.5398653]]}},{"type":"Feature","id":"way/861533669","properties":{"highway":"residential","name":"Rua Waldemar Gomes Sobrinho","surface":"paved","id":"way/861533669"},"geometry":{"type":"LineString","coordinates":[[-46.7745399,-23.5592],[-46.7745669,-23.5590343]]}},{"type":"Feature","id":"way/862418061","properties":{"access":"permissive","highway":"residential","maxspeed":"30","name":"Alameda Sapucaia","surface":"paved","id":"way/862418061"},"geometry":{"type":"LineString","coordinates":[[-46.7702762,-23.5571205],[-46.769694,-23.5587403]]}},{"type":"Feature","id":"way/862418062","properties":{"access":"private","highway":"residential","horse":"no","maxspeed":"30","name":"Alameda Jequitibá","surface":"paved","id":"way/862418062"},"geometry":{"type":"LineString","coordinates":[[-46.7709647,-23.5576322],[-46.7708634,-23.5578626],[-46.7704117,-23.5591233]]}},{"type":"Feature","id":"way/862418063","properties":{"access":"private","highway":"residential","horse":"no","maxspeed":"30","name":"Alameda Flamboyant","surface":"paved","id":"way/862418063"},"geometry":{"type":"LineString","coordinates":[[-46.7716594,-23.5581381],[-46.7712761,-23.5592]]}},{"type":"Feature","id":"way/862418064","properties":{"access":"permissive","highway":"residential","maxspeed":"30","name":"Alameda Aroeira Vermelha","surface":"paved","id":"way/862418064"},"geometry":{"type":"LineString","coordinates":[[-46.7724118,-23.5585124],[-46.772152,-23.5592]]}},{"type":"Feature","id":"way/862418065","properties":{"access":"private","highway":"residential","horse":"no","maxspeed":"30","name":"Alameda Buriti","surface":"paved","id":"way/862418065"},"geometry":{"type":"LineString","coordinates":[[-46.7729258,-23.558925],[-46.7730315,-23.5590977],[-46.7730315,-23.5591961],[-46.77303,-23.5592]]}},{"type":"Feature","id":"way/864034728","properties":{"highway":"residential","lanes":"2","maxspeed":"40","name":"Rua México","surface":"asphalt","id":"way/864034728"},"geometry":{"type":"LineString","coordinates":[[-46.776659,-23.5591044],[-46.7766066,-23.5592]]}},{"type":"Feature","id":"way/864578364","properties":{"alt_name":"Alameda Guarapuru","foot":"yes","highway":"residential","maxspeed":"30","name":"Alameda Guapuruvu","id":"way/864578364"},"geometry":{"type":"LineString","coordinates":[[-46.7723903,-23.5561269],[-46.772397,-23.5561364],[-46.7724017,-23.5561546],[-46.7723923,-23.5561994],[-46.7723729,-23.556264],[-46.7723159,-23.556406],[-46.7722964,-23.5564404],[-46.7722703,-23.5564785],[-46.772215,-23.5565502]]}},{"type":"Feature","id":"way/864578365","properties":{"access":"private","foot":"yes","highway":"residential","horse":"no","maxspeed":"30","name":"Alameda Guapuruvu","surface":"paved","id":"way/864578365"},"geometry":{"type":"LineString","coordinates":[[-46.7717037,-23.5578972],[-46.772215,-23.5565502]]}},{"type":"Feature","id":"way/864578366","properties":{"access":"private","highway":"residential","horse":"no","maxspeed":"30","name":"Alameda Ypê Roxo","surface":"paved","id":"way/864578366"},"geometry":{"type":"LineString","coordinates":[[-46.7731645,-23.5563958],[-46.7731779,-23.5564087],[-46.7731775,-23.5564346],[-46.7731655,-23.5564776],[-46.7730964,-23.5566783],[-46.773079,-23.5567121],[-46.7730079,-23.5568]]}},{"type":"Feature","id":"way/864578367","properties":{"access":"private","highway":"residential","horse":"no","maxspeed":"30","name":"Alameda Ypê Roxo","surface":"paved","id":"way/864578367"},"geometry":{"type":"LineString","coordinates":[[-46.7724426,-23.5583815],[-46.7730079,-23.5568]]}},{"type":"Feature","id":"way/864578368","properties":{"access":"private","highway":"residential","horse":"no","maxspeed":"30","name":"Alameda Oiti","surface":"paved","id":"way/864578368"},"geometry":{"type":"LineString","coordinates":[[-46.7739591,-23.5566961],[-46.7739514,-23.556741],[-46.77394,-23.5567914],[-46.7739212,-23.5568461],[-46.773893,-23.5569297],[-46.7738682,-23.5569868],[-46.7738434,-23.5570151],[-46.7737961,-23.5570499]]}},{"type":"Feature","id":"way/864578369","properties":{"access":"private","highway":"residential","horse":"no","maxspeed":"30","name":"Alameda Oiti","surface":"paved","id":"way/864578369"},"geometry":{"type":"LineString","coordinates":[[-46.7730787,-23.5585726],[-46.7732587,-23.5584129],[-46.7732996,-23.5583661],[-46.7733365,-23.5583084],[-46.7733653,-23.5582438],[-46.7737961,-23.5570499]]}},{"type":"Feature","id":"way/864610348","properties":{"access":"private","highway":"residential","horse":"no","name":"Alameda Pinheiros","oneway":"yes","id":"way/864610348"},"geometry":{"type":"LineString","coordinates":[[-46.7715848,-23.5577693],[-46.7717037,-23.5578972],[-46.7718016,-23.5579844],[-46.771874,-23.5580447],[-46.7719638,-23.5581086],[-46.7720805,-23.558175],[-46.7724426,-23.5583815],[-46.7725412,-23.5584387],[-46.7727097,-23.5585367]]}},{"type":"Feature","id":"way/864610349","properties":{"access":"private","highway":"residential","horse":"no","name":"Alameda Pinheiros","oneway":"yes","id":"way/864610349"},"geometry":{"type":"LineString","coordinates":[[-46.7726332,-23.5587388],[-46.7724983,-23.55858],[-46.7724118,-23.5585124],[-46.7723226,-23.5584485],[-46.7722488,-23.5584043],[-46.772055,-23.5583041],[-46.7719055,-23.5582254],[-46.7718143,-23.5581879],[-46.7716594,-23.5581381],[-46.771401,-23.5579847]]}},{"type":"Feature","id":"way/864617001","properties":{"access":"private","highway":"service","oneway":"yes","id":"way/864617001"},"geometry":{"type":"LineString","coordinates":[[-46.7662829,-23.5544771],[-46.76624,-23.5545164],[-46.7661649,-23.5545558],[-46.766067,-23.5545804],[-46.7659342,-23.5545927],[-46.7657344,-23.5546116],[-46.7653374,-23.5546492],[-46.7650853,-23.55468],[-46.7648157,-23.5547267],[-46.7646052,-23.5547758],[-46.7642806,-23.5548484],[-46.7641211,-23.5548816],[-46.7640567,-23.5548902],[-46.7640097,-23.5548779],[-46.7639521,-23.5548545],[-46.7638971,-23.554809],[-46.76383,-23.5547131],[-46.7637643,-23.5546209],[-46.7637442,-23.5545066],[-46.7637603,-23.5544574],[-46.7637751,-23.5544267],[-46.7638206,-23.5543775],[-46.7639078,-23.5543136],[-46.7641117,-23.5542005],[-46.7644738,-23.5539743],[-46.7647702,-23.5538034],[-46.7649035,-23.5537199],[-46.7649646,-23.5536817],[-46.7650558,-23.5536288]]}},{"type":"Feature","id":"way/864971960","properties":{"highway":"primary_link","lanes":"2","lit":"yes","maxspeed:advisory":"20","noname":"yes","oneway":"yes","surface":"asphalt","id":"way/864971960"},"geometry":{"type":"LineString","coordinates":[[-46.7737026,-23.5473122],[-46.7736892,-23.5473546]]}},{"type":"Feature","id":"way/864971961","properties":{"bridge":"yes","highway":"primary_link","lanes":"2","layer":"1","lit":"yes","maxspeed:advisory":"20","noname":"yes","oneway":"yes","surface":"asphalt","id":"way/864971961"},"geometry":{"type":"LineString","coordinates":[[-46.7737626,-23.5471437],[-46.7737026,-23.5473122]]}},{"type":"Feature","id":"way/864971962","properties":{"highway":"primary_link","lanes":"2","lit":"yes","maxspeed:advisory":"20","noname":"yes","oneway":"yes","surface":"asphalt","id":"way/864971962"},"geometry":{"type":"LineString","coordinates":[[-46.7738776,-23.5471766],[-46.773889,-23.5471429]]}},{"type":"Feature","id":"way/864971963","properties":{"bridge":"yes","highway":"primary_link","lanes":"2","layer":"1","lit":"yes","maxspeed:advisory":"20","noname":"yes","oneway":"yes","surface":"asphalt","id":"way/864971963"},"geometry":{"type":"LineString","coordinates":[[-46.7738233,-23.5473291],[-46.7738776,-23.5471766]]}},{"type":"Feature","id":"way/864971964","properties":{"bicycle":"yes","cycleway":"no","foot":"yes","highway":"secondary","lanes":"3","lit":"yes","name":"Avenida Padre Vicente Melillo","oneway":"yes","surface":"asphalt","id":"way/864971964"},"geometry":{"type":"LineString","coordinates":[[-46.7750997,-23.5476441],[-46.7750953,-23.5476562],[-46.7750591,-23.5477554]]}},{"type":"Feature","id":"way/864971965","properties":{"bicycle":"yes","bridge":"viaduct","cycleway":"no","foot":"yes","highway":"secondary","lanes":"3","layer":"1","lit":"yes","name":"Avenida Padre Vicente Melillo","oneway":"yes","surface":"asphalt","id":"way/864971965"},"geometry":{"type":"LineString","coordinates":[[-46.7751422,-23.5475259],[-46.7750997,-23.5476441]]}},{"type":"Feature","id":"way/864971966","properties":{"access":"private","highway":"service","horse":"no","service":"parking_aisle","surface":"paved","id":"way/864971966"},"geometry":{"type":"LineString","coordinates":[[-46.7761897,-23.5582561],[-46.7761333,-23.558234],[-46.7760676,-23.558218],[-46.7759979,-23.5582266],[-46.7759442,-23.5582561],[-46.7758571,-23.5583262],[-46.7757444,-23.5584307],[-46.7756975,-23.5584626],[-46.7756572,-23.558486],[-46.7756049,-23.5584946],[-46.7755339,-23.5585044],[-46.7753501,-23.5584823],[-46.7752576,-23.5584516],[-46.7751731,-23.5584],[-46.7750672,-23.5583041],[-46.7750162,-23.5582303],[-46.774976,-23.5581602],[-46.7749277,-23.5580594],[-46.7748888,-23.5579697],[-46.7748539,-23.5578922],[-46.7748311,-23.557848],[-46.7747949,-23.5578025],[-46.7747413,-23.5577373],[-46.7747305,-23.5577078],[-46.7747292,-23.5576857],[-46.7751047,-23.5570157],[-46.7752616,-23.5567699],[-46.7752844,-23.5567514],[-46.7753193,-23.5567354],[-46.7753635,-23.5567354],[-46.7753877,-23.5567428],[-46.7756881,-23.5570034],[-46.7763868,-23.5576206],[-46.7764391,-23.5576833],[-46.7764431,-23.5577115],[-46.7764364,-23.5577361],[-46.7763305,-23.5578701],[-46.7762125,-23.5580041],[-46.776197,-23.5580318],[-46.7761863,-23.5580588],[-46.7761816,-23.5580914],[-46.776252,-23.5581541]]}},{"type":"Feature","id":"way/864988538","properties":{"highway":"residential","lanes":"2","lit":"yes","name":"Rua Gago Coutinho","oneway":"yes","surface":"asphalt","id":"way/864988538"},"geometry":{"type":"LineString","coordinates":[[-46.762324,-23.5522114],[-46.7620826,-23.551695]]}},{"type":"Feature","id":"way/864988539","properties":{"highway":"residential","name":"Praça José Daniel da Silva","id":"way/864988539"},"geometry":{"type":"LineString","coordinates":[[-46.7635967,-23.5449234],[-46.763644,-23.5448835],[-46.7643075,-23.5443437]]}},{"type":"Feature","id":"way/865001616","properties":{"access":"private","highway":"service","service":"driveway","surface":"paved","id":"way/865001616"},"geometry":{"type":"LineString","coordinates":[[-46.7659315,-23.5522372],[-46.7658015,-23.5520774],[-46.7657277,-23.551979],[-46.7656553,-23.5518721],[-46.765611,-23.551802],[-46.7655909,-23.5517319],[-46.7655842,-23.5516631],[-46.765552,-23.5515868],[-46.7655265,-23.5515278],[-46.7652824,-23.5511528],[-46.7649398,-23.5506843]]}},{"type":"Feature","id":"way/865001617","properties":{"highway":"service","service":"parking_aisle","id":"way/865001617"},"geometry":{"type":"LineString","coordinates":[[-46.7731,-23.5498927],[-46.7732174,-23.5498113],[-46.7733644,-23.5497107],[-46.7734869,-23.5496681],[-46.7736246,-23.549641],[-46.7739735,-23.5496317]]}},{"type":"Feature","id":"way/865001618","properties":{"highway":"service","id":"way/865001618"},"geometry":{"type":"LineString","coordinates":[[-46.7742485,-23.549843],[-46.7743208,-23.5498689],[-46.7744114,-23.5499013],[-46.7744355,-23.5499019],[-46.7744569,-23.5498933],[-46.7744637,-23.5498792],[-46.7744623,-23.5498608],[-46.7744331,-23.5496805],[-46.7744036,-23.5494938]]}},{"type":"Feature","id":"way/865001619","properties":{"highway":"service","id":"way/865001619"},"geometry":{"type":"LineString","coordinates":[[-46.7740724,-23.5493857],[-46.7741059,-23.5497919],[-46.7742485,-23.549843]]}},{"type":"Feature","id":"way/865001620","properties":{"highway":"service","service":"parking_aisle","surface":"paved","id":"way/865001620"},"geometry":{"type":"LineString","coordinates":[[-46.7737622,-23.5476296],[-46.7738702,-23.5477326],[-46.7739748,-23.5477855],[-46.77406,-23.5478224],[-46.7747306,-23.5480591]]}},{"type":"Feature","id":"way/865001621","properties":{"highway":"service","id":"way/865001621"},"geometry":{"type":"LineString","coordinates":[[-46.7749304,-23.5484654],[-46.7749024,-23.5484578],[-46.7743868,-23.5483184]]}},{"type":"Feature","id":"way/865001622","properties":{"highway":"service","oneway":"yes","id":"way/865001622"},"geometry":{"type":"LineString","coordinates":[[-46.7701573,-23.5465536],[-46.7701922,-23.5466163],[-46.7701936,-23.546652],[-46.7701963,-23.5466962],[-46.7701842,-23.5467602],[-46.7701212,-23.5469212],[-46.77003,-23.5470712],[-46.7699482,-23.5471954],[-46.7698891,-23.547279],[-46.7698167,-23.5473405],[-46.7697282,-23.5473896],[-46.7695458,-23.5474695],[-46.769354,-23.5475286],[-46.7690885,-23.5475457],[-46.7688552,-23.5475507],[-46.7686084,-23.5475679]]}},{"type":"Feature","id":"way/865016358","properties":{"access":"private","highway":"service","service":"parking_aisle","id":"way/865016358"},"geometry":{"type":"LineString","coordinates":[[-46.7662132,-23.5431591],[-46.7660604,-23.5432763],[-46.765835,-23.5434357]]}},{"type":"Feature","id":"way/865016359","properties":{"access":"private","highway":"service","service":"parking_aisle","id":"way/865016359"},"geometry":{"type":"LineString","coordinates":[[-46.7661354,-23.5430509],[-46.7659712,-23.5431757],[-46.7657398,-23.5433521]]}},{"type":"Feature","id":"way/865016360","properties":{"access":"private","highway":"service","service":"parking_aisle","id":"way/865016360"},"geometry":{"type":"LineString","coordinates":[[-46.7660375,-23.5429698],[-46.7658859,-23.5430795],[-46.7656647,-23.543239]]}},{"type":"Feature","id":"way/865016361","properties":{"access":"private","highway":"service","service":"parking_aisle","id":"way/865016361"},"geometry":{"type":"LineString","coordinates":[[-46.765957,-23.5428443],[-46.765788,-23.5429691],[-46.7655721,-23.543137]]}},{"type":"Feature","id":"way/865016362","properties":{"access":"private","highway":"service","service":"parking_aisle","surface":"paved","id":"way/865016362"},"geometry":{"type":"LineString","coordinates":[[-46.7661461,-23.543373],[-46.766012,-23.5434714],[-46.7659839,-23.5435009],[-46.7659745,-23.5435292],[-46.7659879,-23.5435624],[-46.7660227,-23.5436103],[-46.7661287,-23.5437333]]}},{"type":"Feature","id":"way/865016363","properties":{"access":"private","highway":"service","service":"parking_aisle","id":"way/865016363"},"geometry":{"type":"LineString","coordinates":[[-46.766303,-23.5432673],[-46.7661461,-23.543373]]}},{"type":"Feature","id":"way/865016364","properties":{"access":"private","highway":"service","service":"driveway","surface":"paved","id":"way/865016364"},"geometry":{"type":"LineString","coordinates":[[-46.7657029,-23.5428665],[-46.765788,-23.5429691],[-46.7658859,-23.5430795],[-46.7659712,-23.5431757],[-46.7660604,-23.5432763],[-46.7661461,-23.543373]]}},{"type":"Feature","id":"way/865016365","properties":{"access":"private","highway":"service","oneway":"yes","service":"driveway","surface":"paved","id":"way/865016365"},"geometry":{"type":"LineString","coordinates":[[-46.7657029,-23.5428665],[-46.7656271,-23.5428443],[-46.765548,-23.5428296],[-46.7653912,-23.5428078]]}},{"type":"Feature","id":"way/865016366","properties":{"access":"private","highway":"service","oneway":"yes","service":"driveway","surface":"paved","id":"way/865016366"},"geometry":{"type":"LineString","coordinates":[[-46.7657787,-23.5425333],[-46.7657425,-23.5426618],[-46.7657223,-23.5427441],[-46.7657029,-23.5428665]]}},{"type":"Feature","id":"way/865027982","properties":{"highway":"service","id":"way/865027982"},"geometry":{"type":"LineString","coordinates":[[-46.7699482,-23.5471954],[-46.7699629,-23.5473466],[-46.7699817,-23.5474843],[-46.7700353,-23.5476835],[-46.7700541,-23.5477794],[-46.7700487,-23.5478703],[-46.7700326,-23.5479564],[-46.7700112,-23.5480695],[-46.7699467,-23.5481988]]}},{"type":"Feature","id":"way/865231242","properties":{"access":"customers","highway":"service","oneway":"yes","service":"driveway","surface":"paved","id":"way/865231242"},"geometry":{"type":"LineString","coordinates":[[-46.7631071,-23.5443464],[-46.7630907,-23.5440333],[-46.7630837,-23.5438986]]}},{"type":"Feature","id":"way/865231243","properties":{"highway":"service","oneway":"yes","service":"driveway","surface":"paved","id":"way/865231243"},"geometry":{"type":"LineString","coordinates":[[-46.7632166,-23.5438909],[-46.7633794,-23.5438796],[-46.7634974,-23.5438611],[-46.7635739,-23.5438504],[-46.7637376,-23.5438798]]}},{"type":"Feature","id":"way/865231244","properties":{"access":"customers","highway":"service","oneway":"yes","service":"driveway","surface":"paved","id":"way/865231244"},"geometry":{"type":"LineString","coordinates":[[-46.7627028,-23.5439177],[-46.7626968,-23.5437701],[-46.7627129,-23.5437529],[-46.7627531,-23.5437492],[-46.7631568,-23.5437246],[-46.7631944,-23.5437369],[-46.7632091,-23.5437689],[-46.7632166,-23.5438909]]}},{"type":"Feature","id":"way/865231245","properties":{"highway":"service","oneway":"yes","service":"parking_aisle","id":"way/865231245"},"geometry":{"type":"LineString","coordinates":[[-46.7628562,-23.5439096],[-46.7628784,-23.5443124]]}},{"type":"Feature","id":"way/865231246","properties":{"highway":"service","oneway":"yes","service":"parking_aisle","surface":"paved","id":"way/865231246"},"geometry":{"type":"LineString","coordinates":[[-46.7628784,-23.5443124],[-46.7627987,-23.5443615],[-46.7627625,-23.5443683],[-46.7627364,-23.5443597],[-46.762725,-23.5443381],[-46.7627169,-23.5442767],[-46.7627028,-23.5439177]]}},{"type":"Feature","id":"way/865231247","properties":{"access":"customers","highway":"service","oneway":"yes","service":"parking_aisle","surface":"paved","id":"way/865231247"},"geometry":{"type":"LineString","coordinates":[[-46.7630837,-23.5438986],[-46.763001,-23.5439005],[-46.7628562,-23.5439096],[-46.7627028,-23.5439177]]}},{"type":"Feature","id":"way/865245264","properties":{"highway":"residential","name":"Rua Alcides Teves","id":"way/865245264"},"geometry":{"type":"LineString","coordinates":[[-46.7617592,-23.5551541],[-46.761526,-23.5548914],[-46.7614751,-23.5548742],[-46.7613973,-23.5548803],[-46.7612726,-23.5549283],[-46.7612122,-23.5549443],[-46.7611679,-23.5549418],[-46.7611237,-23.5549],[-46.7610915,-23.5548324],[-46.7610486,-23.5547316]]}},{"type":"Feature","id":"way/865245265","properties":{"highway":"service","oneway":"yes","service":"parking_aisle","surface":"paved","id":"way/865245265"},"geometry":{"type":"LineString","coordinates":[[-46.7628784,-23.5443124],[-46.7629704,-23.5442558],[-46.7630066,-23.5442201],[-46.763012,-23.5441685],[-46.763001,-23.5439005]]}},{"type":"Feature","id":"way/865245266","properties":{"access":"customers","highway":"service","service":"driveway","surface":"paved","id":"way/865245266"},"geometry":{"type":"LineString","coordinates":[[-46.7630837,-23.5438986],[-46.7632166,-23.5438909]]}},{"type":"Feature","id":"way/865245267","properties":{"highway":"service","service":"parking_aisle","id":"way/865245267"},"geometry":{"type":"LineString","coordinates":[[-46.7632166,-23.5438909],[-46.7632239,-23.5440123]]}},{"type":"Feature","id":"way/865245268","properties":{"highway":"service","service":"parking_aisle","id":"way/865245268"},"geometry":{"type":"LineString","coordinates":[[-46.7638092,-23.5438267],[-46.7637889,-23.5433806]]}},{"type":"Feature","id":"way/865245270","properties":{"highway":"service","service":"parking_aisle","id":"way/865245270"},"geometry":{"type":"LineString","coordinates":[[-46.7626512,-23.5469188],[-46.7623701,-23.5465595]]}},{"type":"Feature","id":"way/865303980","properties":{"highway":"residential","lit":"yes","name":"Rua Ângelo Maglio","oneway":"yes","surface":"asphalt","id":"way/865303980"},"geometry":{"type":"LineString","coordinates":[[-46.7609574,-23.5495049],[-46.7600924,-23.5483498]]}},{"type":"Feature","id":"way/865311223","properties":{"highway":"tertiary","horse":"no","lanes":"1","lit":"yes","name":"Rua Deputado Emílio Carlos","oneway":"yes","sidewalk":"right","surface":"asphalt","id":"way/865311223"},"geometry":{"type":"LineString","coordinates":[[-46.7619133,-23.5469028],[-46.7616065,-23.5471216]]}},{"type":"Feature","id":"way/865324741","properties":{"highway":"tertiary","horse":"no","lanes":"1","lit":"yes","name":"Rua Deputado Emílio Carlos","oneway":"yes","sidewalk":"right","surface":"asphalt","id":"way/865324741"},"geometry":{"type":"LineString","coordinates":[[-46.7617993,-23.5467664],[-46.761813,-23.546814],[-46.7618318,-23.546857],[-46.7618703,-23.5468831],[-46.7619133,-23.5469028]]}},{"type":"Feature","id":"way/865337447","properties":{"access":"no","bus":"yes","covered":"no","highway":"service","name":"Terminal Rodoviário Amador Aguiar - Plataforma A","oneway":"yes","service":"driveway","surface":"concrete","id":"way/865337447"},"geometry":{"type":"LineString","coordinates":[[-46.7606448,-23.5472522],[-46.7606184,-23.5472791]]}},{"type":"Feature","id":"way/865337448","properties":{"access":"no","bus":"yes","covered":"no","highway":"busway","name":"Terminal Rodoviário Amador Aguiar - Plataforma A","oneway":"yes","surface":"concrete","id":"way/865337448"},"geometry":{"type":"LineString","coordinates":[[-46.7611679,-23.5467184],[-46.7607214,-23.547174],[-46.7606541,-23.5472427],[-46.7606448,-23.5472522]]}},{"type":"Feature","id":"way/865556091","properties":{"access":"private","highway":"service","service":"parking_aisle","surface":"paved","id":"way/865556091"},"geometry":{"type":"LineString","coordinates":[[-46.7745843,-23.5383011],[-46.774473,-23.5380272],[-46.7743309,-23.5376559]]}},{"type":"Feature","id":"way/865556092","properties":{"highway":"residential","id":"way/865556092"},"geometry":{"type":"LineString","coordinates":[[-46.7750305,-23.5382854],[-46.7750015,-23.5382066]]}},{"type":"Feature","id":"way/865574845","properties":{"highway":"primary_link","lanes":"1","name":"Avenida dos Autonomistas","oneway":"yes","surface":"asphalt","id":"way/865574845"},"geometry":{"type":"LineString","coordinates":[[-46.7717768,-23.5391196],[-46.7718847,-23.5390096],[-46.7720186,-23.5388717]]}},{"type":"Feature","id":"way/865619444","properties":{"access":"customers","highway":"service","id":"way/865619444"},"geometry":{"type":"LineString","coordinates":[[-46.7677171,-23.5389474],[-46.7675167,-23.5385313],[-46.7675097,-23.5384753],[-46.7675127,-23.5384351],[-46.7675198,-23.538404],[-46.7675332,-23.538381],[-46.7675623,-23.5383567]]}},{"type":"Feature","id":"way/865619445","properties":{"access":"customers","highway":"service","service":"parking_aisle","id":"way/865619445"},"geometry":{"type":"LineString","coordinates":[[-46.7679787,-23.5388414],[-46.7678627,-23.5388719],[-46.7678393,-23.5388731],[-46.7678185,-23.5388651],[-46.7678024,-23.5388467],[-46.7676307,-23.538444]]}},{"type":"Feature","id":"way/865619446","properties":{"access":"customers","highway":"service","service":"driveway","surface":"paved","id":"way/865619446"},"geometry":{"type":"LineString","coordinates":[[-46.7687988,-23.5398985],[-46.7690966,-23.5394682],[-46.7692012,-23.5392702],[-46.7692462,-23.5392015],[-46.7692834,-23.5391609]]}},{"type":"Feature","id":"way/865619447","properties":{"access":"customers","highway":"service","service":"driveway","surface":"paved","id":"way/865619447"},"geometry":{"type":"LineString","coordinates":[[-46.770002,-23.538923],[-46.7700472,-23.5388712],[-46.7701119,-23.5387973]]}},{"type":"Feature","id":"way/865619448","properties":{"access":"customers","highway":"service","oneway":"yes","service":"driveway","surface":"paved","id":"way/865619448"},"geometry":{"type":"LineString","coordinates":[[-46.7696243,-23.5375741],[-46.7696417,-23.5375686],[-46.7696545,-23.5375723],[-46.7696672,-23.5375815],[-46.7697235,-23.5377659],[-46.7698295,-23.5380592],[-46.7698777,-23.538243],[-46.7699146,-23.5384415],[-46.7699254,-23.5385313],[-46.769922,-23.5386232]]}},{"type":"Feature","id":"way/865619684","properties":{"bicycle":"yes","cycleway":"no","foot":"yes","highway":"secondary","lanes":"3","name":"Rua Salém Bechara","oneway":"yes","source":"Bing","surface":"asphalt","id":"way/865619684"},"geometry":{"type":"LineString","coordinates":[[-46.7760835,-23.5380659],[-46.7760626,-23.537967]]}},{"type":"Feature","id":"way/865622155","properties":{"access":"customers","highway":"service","service":"parking_aisle","id":"way/865622155"},"geometry":{"type":"LineString","coordinates":[[-46.7699911,-23.5393403],[-46.7699213,-23.5392481],[-46.7699026,-23.5392358],[-46.7698811,-23.5392284],[-46.7698543,-23.539226],[-46.7698234,-23.5392321],[-46.7695206,-23.5393209]]}},{"type":"Feature","id":"way/865622156","properties":{"access":"customers","highway":"service","service":"driveway","surface":"paved","id":"way/865622156"},"geometry":{"type":"LineString","coordinates":[[-46.7702003,-23.5392554],[-46.7699911,-23.5393403],[-46.7697161,-23.5394485],[-46.7696464,-23.5394755],[-46.7696196,-23.5394817],[-46.7696022,-23.5394743],[-46.7695874,-23.5394596],[-46.7695206,-23.5393209],[-46.7694322,-23.539116]]}},{"type":"Feature","id":"way/865630157","properties":{"highway":"residential","name":"Rua Eloy Cândido Lopes","oneway":"yes","surface":"asphalt","id":"way/865630157"},"geometry":{"type":"LineString","coordinates":[[-46.7752269,-23.5369843],[-46.7751195,-23.5362653],[-46.7750462,-23.5357057],[-46.7750398,-23.5356517],[-46.7750336,-23.5356]]}},{"type":"Feature","id":"way/866315705","properties":{"highway":"service","oneway":"yes","id":"way/866315705"},"geometry":{"type":"LineString","coordinates":[[-46.7743868,-23.5483184],[-46.7732968,-23.5479448]]}},{"type":"Feature","id":"way/866315706","properties":{"highway":"service","oneway":"yes","id":"way/866315706"},"geometry":{"type":"LineString","coordinates":[[-46.7730246,-23.5484346],[-46.7731869,-23.5484371],[-46.7732795,-23.5484482],[-46.7735013,-23.5485195],[-46.7743993,-23.5487629]]}},{"type":"Feature","id":"way/866315707","properties":{"highway":"service","oneway":"yes","id":"way/866315707"},"geometry":{"type":"LineString","coordinates":[[-46.7743993,-23.5487629],[-46.7743939,-23.5484728],[-46.7743868,-23.5483184]]}},{"type":"Feature","id":"way/866315708","properties":{"highway":"tertiary","lanes":"2","name":"Rua Doutor Carlos Morais Barros","oneway":"yes","surface":"asphalt","id":"way/866315708"},"geometry":{"type":"LineString","coordinates":[[-46.7707287,-23.5425736],[-46.7708333,-23.5425133],[-46.7708997,-23.5424786],[-46.7713828,-23.5422167],[-46.7718288,-23.5419984],[-46.7720809,-23.5418577],[-46.7721869,-23.5417931],[-46.7723597,-23.5416321],[-46.7724681,-23.541535]]}},{"type":"Feature","id":"way/866323630","properties":{"access":"private","highway":"service","id":"way/866323630"},"geometry":{"type":"LineString","coordinates":[[-46.7787686,-23.5559394],[-46.7787364,-23.5559278],[-46.7787109,-23.5559296],[-46.7786962,-23.5559333],[-46.778428,-23.5560949],[-46.7783515,-23.5561355],[-46.7783113,-23.5561466],[-46.7782684,-23.5561527],[-46.7782268,-23.5561294],[-46.7779881,-23.5559007],[-46.777854,-23.5557901],[-46.7777614,-23.5557237],[-46.7777078,-23.5557003],[-46.7776743,-23.5556782],[-46.7776568,-23.5556561],[-46.7776568,-23.5556229],[-46.7776729,-23.5555835],[-46.7777869,-23.5553672],[-46.7778124,-23.5553082],[-46.7778325,-23.5552516],[-46.7778432,-23.5551926],[-46.7778473,-23.5551373],[-46.7778593,-23.5550574],[-46.7778768,-23.5549775],[-46.7779009,-23.554932],[-46.7780042,-23.5547537],[-46.7781169,-23.5545745],[-46.778153,-23.5545164],[-46.7781798,-23.5544634],[-46.778263,-23.5542989]]}},{"type":"Feature","id":"way/866323631","properties":{"highway":"residential","name":"Rua Eliana Sergia de Andrade","id":"way/866323631"},"geometry":{"type":"LineString","coordinates":[[-46.7663586,-23.5502206],[-46.7661247,-23.5504583],[-46.7660509,-23.5505332],[-46.766012,-23.5506095],[-46.7659865,-23.5506943],[-46.7659906,-23.5507619],[-46.7660066,-23.5508271],[-46.7663084,-23.5513065],[-46.7665418,-23.5516704],[-46.7667308,-23.5519975],[-46.7667644,-23.5520798],[-46.7667845,-23.552129]]}},{"type":"Feature","id":"way/866323632","properties":{"highway":"service","service":"parking_aisle","id":"way/866323632"},"geometry":{"type":"LineString","coordinates":[[-46.7693889,-23.5456567],[-46.7693916,-23.5456069],[-46.7693876,-23.5455701],[-46.7693755,-23.5455369],[-46.7693433,-23.5455086],[-46.7690469,-23.5454262],[-46.7689303,-23.5454065],[-46.7688887,-23.5454053],[-46.7688149,-23.5454102],[-46.7687492,-23.5454274],[-46.7686205,-23.5454963]]}},{"type":"Feature","id":"way/866323633","properties":{"highway":"service","service":"driveway","id":"way/866323633"},"geometry":{"type":"LineString","coordinates":[[-46.7739181,-23.5421721],[-46.7737354,-23.5421608],[-46.7736992,-23.5421675],[-46.7736731,-23.5421823],[-46.7736389,-23.5422074]]}},{"type":"Feature","id":"way/866323634","properties":{"highway":"service","service":"driveway","id":"way/866323634"},"geometry":{"type":"LineString","coordinates":[[-46.7737287,-23.5410444],[-46.7736335,-23.5410764],[-46.7735866,-23.5411218],[-46.7735745,-23.5411772],[-46.7735866,-23.5418288],[-46.7735906,-23.5420981],[-46.7736027,-23.5421522],[-46.7736228,-23.5421866],[-46.7736389,-23.5422074],[-46.7736456,-23.5422161],[-46.7736603,-23.5422542],[-46.7736737,-23.5422997],[-46.7736939,-23.5423446],[-46.7737126,-23.542387],[-46.7737234,-23.5424177],[-46.773726,-23.5424399],[-46.7737302,-23.5425422]]}},{"type":"Feature","id":"way/866323635","properties":{"highway":"service","id":"way/866323635"},"geometry":{"type":"LineString","coordinates":[[-46.7738813,-23.5409851],[-46.7737876,-23.5409988],[-46.7737515,-23.5410075],[-46.7737287,-23.5410444],[-46.7737234,-23.5410899],[-46.7737287,-23.5416382],[-46.7737354,-23.5420292],[-46.7737395,-23.5421374],[-46.7737354,-23.5421608]]}},{"type":"Feature","id":"way/866323637","properties":{"highway":"service","service":"parking_aisle","id":"way/866323637"},"geometry":{"type":"LineString","coordinates":[[-46.768276,-23.5410814],[-46.7683429,-23.5410229],[-46.7683509,-23.5410149],[-46.768363,-23.541013],[-46.7683757,-23.5410137],[-46.7686171,-23.5412362],[-46.7686728,-23.5412977],[-46.7686929,-23.5413124],[-46.7687157,-23.5413259],[-46.7687385,-23.5413296],[-46.7692186,-23.5410358],[-46.7692602,-23.5410149],[-46.7692789,-23.5409952]]}},{"type":"Feature","id":"way/866323638","properties":{"highway":"service","id":"way/866323638"},"geometry":{"type":"LineString","coordinates":[[-46.7727041,-23.546577],[-46.7728396,-23.5464835],[-46.7728543,-23.5464614],[-46.772861,-23.546438],[-46.7727792,-23.5462032]]}},{"type":"Feature","id":"way/866323639","properties":{"highway":"service","id":"way/866323639"},"geometry":{"type":"LineString","coordinates":[[-46.7729737,-23.5468106],[-46.7735048,-23.5466273]]}},{"type":"Feature","id":"way/866323640","properties":{"highway":"service","id":"way/866323640"},"geometry":{"type":"LineString","coordinates":[[-46.7708399,-23.5561782],[-46.7715588,-23.5563924]]}},{"type":"Feature","id":"way/866323641","properties":{"highway":"residential","name":"Alameda Paineira Vermelha","postal_code":"06030-319","id":"way/866323641"},"geometry":{"type":"LineString","coordinates":[[-46.7691958,-23.5567907],[-46.7690663,-23.5571386],[-46.7689303,-23.5575038],[-46.7688109,-23.5577841],[-46.7687626,-23.5578922]]}},{"type":"Feature","id":"way/866323642","properties":{"highway":"service","surface":"paved","id":"way/866323642"},"geometry":{"type":"LineString","coordinates":[[-46.7697486,-23.5553194],[-46.7697711,-23.5553291],[-46.7697765,-23.5553506],[-46.7697725,-23.5553782],[-46.7696826,-23.5556327],[-46.7696585,-23.5556653],[-46.7696357,-23.55568],[-46.7695935,-23.5557018]]}},{"type":"Feature","id":"way/866646106","properties":{"highway":"service","oneway":"yes","id":"way/866646106"},"geometry":{"type":"LineString","coordinates":[[-46.7732968,-23.5479448],[-46.7732278,-23.548056],[-46.773085,-23.5483067],[-46.7730246,-23.5484346]]}},{"type":"Feature","id":"way/866646107","properties":{"highway":"residential","name":"Rua Narciso Sturlini","oneway":"yes","id":"way/866646107"},"geometry":{"type":"LineString","coordinates":[[-46.7738233,-23.5431788],[-46.7738588,-23.543145],[-46.7738736,-23.543121],[-46.7738786,-23.5430985],[-46.7738769,-23.5430678],[-46.7738763,-23.5430383],[-46.7738642,-23.5426249],[-46.7738615,-23.5426144],[-46.7738514,-23.5425991],[-46.7738307,-23.5425812],[-46.7737998,-23.542561],[-46.7737495,-23.542545]]}},{"type":"Feature","id":"way/866646108","properties":{"highway":"service","id":"way/866646108"},"geometry":{"type":"LineString","coordinates":[[-46.7733653,-23.5423108],[-46.7733683,-23.5425537]]}},{"type":"Feature","id":"way/866646109","properties":{"highway":"service","id":"way/866646109"},"geometry":{"type":"LineString","coordinates":[[-46.7731869,-23.5423144],[-46.7731844,-23.5425595]]}},{"type":"Feature","id":"way/866646110","properties":{"highway":"service","id":"way/866646110"},"geometry":{"type":"LineString","coordinates":[[-46.7736737,-23.5422997],[-46.7733653,-23.5423108],[-46.7731869,-23.5423144],[-46.773081,-23.5423243],[-46.7730236,-23.5423418],[-46.772971,-23.542371],[-46.7729536,-23.542398],[-46.7729495,-23.5424337],[-46.7729322,-23.5425675]]}},{"type":"Feature","id":"way/866652177","properties":{"access":"customers","highway":"service","service":"driveway","surface":"paved","id":"way/866652177"},"geometry":{"type":"LineString","coordinates":[[-46.7700472,-23.5388712],[-46.769922,-23.5386232]]}},{"type":"Feature","id":"way/866652178","properties":{"access":"customers","highway":"service","service":"driveway","surface":"paved","id":"way/866652178"},"geometry":{"type":"LineString","coordinates":[[-46.770002,-23.538923],[-46.770166,-23.5390248]]}},{"type":"Feature","id":"way/866652179","properties":{"access":"customers","highway":"service","oneway":"yes","id":"way/866652179"},"geometry":{"type":"LineString","coordinates":[[-46.7694522,-23.5376251],[-46.7696243,-23.5375741]]}},{"type":"Feature","id":"way/866652181","properties":{"highway":"service","service":"driveway","source":"Bing","id":"way/866652181"},"geometry":{"type":"LineString","coordinates":[[-46.765832,-23.5362054],[-46.7657984,-23.5362916]]}},{"type":"Feature","id":"way/867165284","properties":{"access":"customers","highway":"service","service":"parking_aisle","id":"way/867165284"},"geometry":{"type":"LineString","coordinates":[[-46.769922,-23.5386232],[-46.7697465,-23.5382887]]}},{"type":"Feature","id":"way/869879911","properties":{"highway":"footway","id":"way/869879911"},"geometry":{"type":"LineString","coordinates":[[-46.7655555,-23.553724],[-46.7655654,-23.5536829],[-46.7655601,-23.5536399],[-46.7655399,-23.5536043],[-46.765497,-23.5535723],[-46.7654488,-23.5535403],[-46.7654179,-23.5535096],[-46.7654018,-23.5534567]]}},{"type":"Feature","id":"way/869879912","properties":{"highway":"footway","id":"way/869879912"},"geometry":{"type":"LineString","coordinates":[[-46.7654719,-23.5539919],[-46.7654371,-23.5539858],[-46.7653984,-23.553988],[-46.7653536,-23.5540035],[-46.7653097,-23.5540283],[-46.7652801,-23.5540632],[-46.7652604,-23.5541097],[-46.7652434,-23.5541624],[-46.7652157,-23.5541916],[-46.7651742,-23.5542048],[-46.7650614,-23.5542014],[-46.7650082,-23.5542042],[-46.7649566,-23.5542153],[-46.7649198,-23.5542316]]}},{"type":"Feature","id":"way/869879913","properties":{"highway":"footway","id":"way/869879913"},"geometry":{"type":"LineString","coordinates":[[-46.7644738,-23.5539743],[-46.7644707,-23.5540601],[-46.764442,-23.5541313],[-46.7643778,-23.5542026],[-46.7643316,-23.5542312],[-46.7642612,-23.5542583],[-46.7642377,-23.5542816],[-46.764231,-23.5543197],[-46.7642418,-23.554407]]}},{"type":"Feature","id":"way/869879914","properties":{"highway":"footway","id":"way/869879914"},"geometry":{"type":"LineString","coordinates":[[-46.7644657,-23.5544292],[-46.7643316,-23.5542312]]}},{"type":"Feature","id":"way/869879915","properties":{"highway":"footway","id":"way/869879915"},"geometry":{"type":"LineString","coordinates":[[-46.7664375,-23.553075],[-46.7663802,-23.5530851],[-46.7663174,-23.553091],[-46.7662376,-23.553092],[-46.7660481,-23.5530773],[-46.7659619,-23.5530568],[-46.7658757,-23.5530227],[-46.7655741,-23.5528504]]}},{"type":"Feature","id":"way/869879916","properties":{"highway":"footway","id":"way/869879916"},"geometry":{"type":"LineString","coordinates":[[-46.7664409,-23.5530192],[-46.7664076,-23.5529822],[-46.7663634,-23.5529662],[-46.7663089,-23.5529573],[-46.7661153,-23.5529441],[-46.7660375,-23.5529232],[-46.7656834,-23.5527596]]}},{"type":"Feature","id":"way/869879917","properties":{"highway":"footway","id":"way/869879917"},"geometry":{"type":"LineString","coordinates":[[-46.7641895,-23.5547316],[-46.7642418,-23.5547267],[-46.7642914,-23.5547058],[-46.764345,-23.5546775],[-46.7644094,-23.5546603],[-46.7644671,-23.5546627],[-46.7647044,-23.5546554],[-46.7648117,-23.554632],[-46.7649083,-23.5545865],[-46.7649968,-23.5545324],[-46.7650545,-23.5545238],[-46.7651108,-23.5545373],[-46.7651591,-23.5545669],[-46.7652127,-23.5545878],[-46.7652838,-23.5545865],[-46.7653602,-23.5545705],[-46.7654286,-23.554541],[-46.7655735,-23.5544488],[-46.7656539,-23.5544193],[-46.7656775,-23.554416],[-46.7657518,-23.5544058],[-46.765835,-23.5544046],[-46.7659342,-23.5543972],[-46.7660227,-23.5543603],[-46.7660724,-23.5543173],[-46.766118,-23.5542607],[-46.7661421,-23.5542042],[-46.7661783,-23.5541636],[-46.766236,-23.5541415],[-46.7663097,-23.5541194],[-46.766358,-23.5540886],[-46.7663822,-23.5540542],[-46.7664274,-23.5540229],[-46.7664772,-23.5539927],[-46.7665085,-23.5539602],[-46.7665305,-23.553909],[-46.766582,-23.5537555],[-46.7666464,-23.5536719],[-46.7667215,-23.5535096],[-46.7667697,-23.5534371],[-46.7668448,-23.5533645],[-46.7668824,-23.5533092],[-46.7668945,-23.5532588],[-46.7668878,-23.5532096],[-46.766869,-23.5531691],[-46.7668623,-23.5531137],[-46.7668757,-23.5530547],[-46.7669709,-23.5528814],[-46.7669883,-23.5528273],[-46.7669937,-23.5527621],[-46.7669897,-23.5527007]]}},{"type":"Feature","id":"way/869879918","properties":{"highway":"footway","id":"way/869879918"},"geometry":{"type":"LineString","coordinates":[[-46.7655287,-23.5539253],[-46.7654914,-23.5538667],[-46.7654435,-23.5538072],[-46.7653786,-23.5537525],[-46.7653115,-23.5537077],[-46.7652264,-23.5536667],[-46.7651476,-23.5536442],[-46.7650558,-23.5536288]]}},{"type":"Feature","id":"way/869879919","properties":{"highway":"footway","id":"way/869879919"},"geometry":{"type":"LineString","coordinates":[[-46.7649251,-23.5543072],[-46.7649262,-23.5542687],[-46.7649198,-23.5542316],[-46.7648613,-23.5541331],[-46.7648453,-23.5540882],[-46.76484,-23.5540355],[-46.7648453,-23.553977],[-46.7649035,-23.5537199]]}},{"type":"Feature","id":"way/869879920","properties":{"highway":"footway","id":"way/869879920"},"geometry":{"type":"LineString","coordinates":[[-46.7654169,-23.5541458],[-46.7653415,-23.5542312],[-46.765269,-23.5542804],[-46.7651899,-23.5543197],[-46.7650907,-23.5543357],[-46.7650109,-23.5543273],[-46.7649251,-23.5543072],[-46.7648332,-23.5543062],[-46.7647514,-23.5543333],[-46.7646521,-23.5543935],[-46.7645596,-23.5544169],[-46.7644657,-23.5544292],[-46.7643799,-23.5544255],[-46.7643115,-23.5544058],[-46.7642418,-23.554407],[-46.7641345,-23.5544279],[-46.764054,-23.554466],[-46.7639762,-23.5545177],[-46.7638931,-23.5545767]]}},{"type":"Feature","id":"way/869879921","properties":{"highway":"footway","id":"way/869879921"},"geometry":{"type":"LineString","coordinates":[[-46.7658394,-23.5538091],[-46.7657448,-23.553815],[-46.7656692,-23.5538365],[-46.7655957,-23.5538726],[-46.7655287,-23.5539253],[-46.7654719,-23.5539919],[-46.7654347,-23.5540678],[-46.7654169,-23.5541458]]}},{"type":"Feature","id":"way/869879922","properties":{"highway":"footway","id":"way/869879922"},"geometry":{"type":"LineString","coordinates":[[-46.7659329,-23.5538243],[-46.765934,-23.5538897],[-46.7659154,-23.5539578],[-46.7658732,-23.5540275],[-46.7658012,-23.5541067],[-46.7657331,-23.5541487],[-46.7656564,-23.5541721],[-46.7655713,-23.554175],[-46.7654936,-23.5541663],[-46.7654169,-23.5541458]]}},{"type":"Feature","id":"way/869879923","properties":{"highway":"footway","id":"way/869879923"},"geometry":{"type":"LineString","coordinates":[[-46.7666142,-23.5525199],[-46.7665981,-23.5525716],[-46.7665927,-23.5526269],[-46.7666034,-23.5527584],[-46.7666008,-23.5528285],[-46.7665833,-23.5528961],[-46.7665377,-23.5529502],[-46.7664713,-23.552982],[-46.7664409,-23.5530192],[-46.7664375,-23.553075],[-46.7664544,-23.5531447],[-46.7664663,-23.5532624],[-46.7664573,-23.5533129],[-46.7664237,-23.5533608],[-46.7663795,-23.5534026],[-46.7663366,-23.553453],[-46.7663017,-23.553517],[-46.7662185,-23.5537198],[-46.7661662,-23.5537665],[-46.7660992,-23.553796],[-46.7660214,-23.5538157],[-46.7659329,-23.5538243],[-46.7658394,-23.5538091],[-46.7657312,-23.5537782],[-46.7655555,-23.553724],[-46.765466,-23.5536806],[-46.7653956,-23.5536335],[-46.7653328,-23.5535642],[-46.7652395,-23.5534211]]}},{"type":"Feature","id":"way/869892259","properties":{"highway":"footway","id":"way/869892259"},"geometry":{"type":"LineString","coordinates":[[-46.7695535,-23.5399763],[-46.7692462,-23.5392015]]}},{"type":"Feature","id":"way/869893482","properties":{"highway":"footway","id":"way/869893482"},"geometry":{"type":"LineString","coordinates":[[-46.7717224,-23.5385731],[-46.7717077,-23.5386247],[-46.7717342,-23.5387163],[-46.771725,-23.5388068],[-46.7716408,-23.5389672]]}},{"type":"Feature","id":"way/870470828","properties":{"highway":"footway","id":"way/870470828"},"geometry":{"type":"LineString","coordinates":[[-46.7657344,-23.5546116],[-46.7657437,-23.5545829],[-46.7657751,-23.5545575],[-46.765814,-23.5545488],[-46.7658539,-23.5545444]]}},{"type":"Feature","id":"way/870470829","properties":{"highway":"steps","id":"way/870470829"},"geometry":{"type":"LineString","coordinates":[[-46.7657498,-23.5545048],[-46.7658182,-23.5544949],[-46.7658511,-23.5545005],[-46.765858,-23.5545138],[-46.7658539,-23.5545444]]}},{"type":"Feature","id":"way/870470830","properties":{"highway":"footway","id":"way/870470830"},"geometry":{"type":"LineString","coordinates":[[-46.7656775,-23.554416],[-46.7657197,-23.5544943],[-46.7657498,-23.5545048]]}},{"type":"Feature","id":"way/904934945","properties":{"highway":"tertiary","lanes":"2","lit":"yes","name":"Rua Dimitri Sensaud de Lavaud","official_name":"Rua Dimitre Sansoud de Lavaud","oneway":"yes","surface":"asphalt","id":"way/904934945"},"geometry":{"type":"LineString","coordinates":[[-46.7726786,-23.54258],[-46.7723668,-23.5425905]]}},{"type":"Feature","id":"way/904934946","properties":{"highway":"service","id":"way/904934946"},"geometry":{"type":"LineString","coordinates":[[-46.7642806,-23.5440878],[-46.7645777,-23.5438697],[-46.7646093,-23.5438672],[-46.7646381,-23.5438759],[-46.7648788,-23.5441884],[-46.7649814,-23.5443117]]}},{"type":"Feature","id":"way/904934947","properties":{"highway":"service","id":"way/904934947"},"geometry":{"type":"LineString","coordinates":[[-46.7640235,-23.5437807],[-46.7642806,-23.5440878],[-46.7645462,-23.5444048],[-46.7646555,-23.5445355]]}},{"type":"Feature","id":"way/904937563","properties":{"highway":"service","service":"parking_aisle","id":"way/904937563"},"geometry":{"type":"LineString","coordinates":[[-46.7705704,-23.5494575],[-46.7707638,-23.5494973],[-46.7711136,-23.5495694],[-46.7712276,-23.5494428]]}},{"type":"Feature","id":"way/904937564","properties":{"highway":"service","service":"parking_aisle","id":"way/904937564"},"geometry":{"type":"LineString","coordinates":[[-46.7703706,-23.5492436],[-46.7705449,-23.5492817],[-46.7712919,-23.5493124],[-46.7712276,-23.5494428]]}},{"type":"Feature","id":"way/904937565","properties":{"highway":"service","service":"parking_aisle","id":"way/904937565"},"geometry":{"type":"LineString","coordinates":[[-46.7712276,-23.5494428],[-46.7706844,-23.5494047],[-46.7705892,-23.549412],[-46.7705704,-23.5494575]]}},{"type":"Feature","id":"way/904937566","properties":{"highway":"service","service":"parking_aisle","id":"way/904937566"},"geometry":{"type":"LineString","coordinates":[[-46.7703902,-23.549163],[-46.7703706,-23.5492436],[-46.7698704,-23.5491256],[-46.7698033,-23.5492829]]}},{"type":"Feature","id":"way/904937567","properties":{"access":"private","highway":"service","service":"parking_aisle","id":"way/904937567"},"geometry":{"type":"LineString","coordinates":[[-46.7778606,-23.5555811],[-46.777799,-23.5555306]]}},{"type":"Feature","id":"way/904937568","properties":{"access":"private","highway":"service","service":"parking_aisle","id":"way/904937568"},"geometry":{"type":"LineString","coordinates":[[-46.7777614,-23.5557237],[-46.7778606,-23.5555811],[-46.7781221,-23.5557863]]}},{"type":"Feature","id":"way/904937569","properties":{"access":"private","highway":"service","service":"parking_aisle","id":"way/904937569"},"geometry":{"type":"LineString","coordinates":[[-46.7780042,-23.5547537],[-46.7777453,-23.554573]]}},{"type":"Feature","id":"way/904937570","properties":{"access":"private","highway":"service","service":"parking_aisle","id":"way/904937570"},"geometry":{"type":"LineString","coordinates":[[-46.7781169,-23.5545745],[-46.7778741,-23.5544144]]}},{"type":"Feature","id":"way/904937571","properties":{"access":"private","highway":"service","service":"parking_aisle","id":"way/904937571"},"geometry":{"type":"LineString","coordinates":[[-46.7781798,-23.5544634],[-46.7779626,-23.5543111]]}},{"type":"Feature","id":"way/908103136","properties":{"name":"Córrego Continental","waterway":"stream","id":"way/908103136"},"geometry":{"type":"LineString","coordinates":[[-46.7605121,-23.546713],[-46.760519,-23.5465812],[-46.760519,-23.5465184],[-46.7605395,-23.5464368],[-46.7605463,-23.5461826],[-46.7606148,-23.5461135],[-46.7606285,-23.5459001],[-46.7606011,-23.5457872],[-46.760673,-23.5453195],[-46.7607004,-23.5451846],[-46.7606313,-23.5450105],[-46.7606611,-23.5449586],[-46.7606283,-23.5448384],[-46.7605926,-23.5447346],[-46.7605717,-23.5446389],[-46.7605807,-23.5445433],[-46.7605807,-23.5444176],[-46.7604972,-23.5441308],[-46.7605628,-23.5440269],[-46.7606045,-23.5438138],[-46.7606313,-23.5437128],[-46.7605777,-23.5435598],[-46.7605747,-23.5434778],[-46.7605985,-23.5433111],[-46.7606134,-23.5432155],[-46.7605926,-23.5430352],[-46.7605956,-23.5429341],[-46.7605509,-23.5426527],[-46.76053,-23.5425926],[-46.7604883,-23.5425297],[-46.7604764,-23.5424341],[-46.7605121,-23.542333],[-46.7604197,-23.54215],[-46.7603631,-23.5420079],[-46.7603154,-23.5418904],[-46.7603363,-23.5415981],[-46.7603005,-23.5414778],[-46.7602558,-23.5413002],[-46.7602171,-23.5411554],[-46.7602111,-23.5410243],[-46.7601515,-23.5408986],[-46.7601217,-23.5406718],[-46.7601128,-23.5405598],[-46.7600412,-23.540262],[-46.7600114,-23.5401309],[-46.76,-23.5401103]]}},{"type":"Feature","id":"way/908103137","properties":{"highway":"footway","name":"Cruzamento Calipal","surface":"asphalt","id":"way/908103137"},"geometry":{"type":"LineString","coordinates":[[-46.76,-23.5469319],[-46.7600581,-23.5469674],[-46.7601092,-23.5470377],[-46.7601466,-23.5470881],[-46.7601781,-23.5471638],[-46.7602665,-23.5472305],[-46.7603177,-23.5472756],[-46.7603707,-23.5473297],[-46.7604147,-23.5473588]]}},{"type":"Feature","id":"way/909181779","properties":{"barrier":"wall","id":"way/909181779"},"geometry":{"type":"LineString","coordinates":[[-46.7743906,-23.5398296],[-46.7743828,-23.5395462],[-46.7747423,-23.539538],[-46.7748855,-23.5395347]]}},{"type":"Feature","id":"way/909181780","properties":{"barrier":"wall","id":"way/909181780"},"geometry":{"type":"LineString","coordinates":[[-46.7748933,-23.5398181],[-46.7747516,-23.5398213],[-46.7743906,-23.5398296]]}},{"type":"Feature","id":"way/919231987","properties":{"highway":"secondary","lanes":"2","name":"Rua Manoel Martin","surface":"asphalt","id":"way/919231987"},"geometry":{"type":"LineString","coordinates":[[-46.7667674,-23.558861],[-46.7667347,-23.5589915]]}},{"type":"Feature","id":"way/923517030","properties":{"highway":"residential","name":"Praça Enerdina Rosseti","oneway":"yes","sidewalk":"left","surface":"asphalt","id":"way/923517030"},"geometry":{"type":"LineString","coordinates":[[-46.7607485,-23.5554042],[-46.7607896,-23.5554302],[-46.7608168,-23.5554623],[-46.7608398,-23.5555075],[-46.7608521,-23.5555673]]}},{"type":"Feature","id":"way/923517031","properties":{"highway":"residential","name":"Praça Enerdina Rosseti","oneway":"yes","sidewalk":"right","surface":"asphalt","id":"way/923517031"},"geometry":{"type":"LineString","coordinates":[[-46.7610944,-23.5553289],[-46.7610035,-23.5553966],[-46.7609384,-23.5554549],[-46.760894,-23.5555051],[-46.7608521,-23.5555673]]}},{"type":"Feature","id":"way/923528058","properties":{"access":"private","highway":"service","id":"way/923528058"},"geometry":{"type":"LineString","coordinates":[[-46.7629462,-23.5460698],[-46.7628846,-23.5459844],[-46.7627169,-23.545816],[-46.7626405,-23.545768],[-46.7625909,-23.5457791],[-46.7625359,-23.5458455]]}},{"type":"Feature","id":"way/923528059","properties":{"access":"private","highway":"service","id":"way/923528059"},"geometry":{"type":"LineString","coordinates":[[-46.7636817,-23.5461472],[-46.763478,-23.5458934]]}},{"type":"Feature","id":"way/923528060","properties":{"access":"private","highway":"service","id":"way/923528060"},"geometry":{"type":"LineString","coordinates":[[-46.7605056,-23.5485283],[-46.7603644,-23.54832]]}},{"type":"Feature","id":"way/923544262","properties":{"access":"private","highway":"service","service":"driveway","surface":"paved","id":"way/923544262"},"geometry":{"type":"LineString","coordinates":[[-46.7641142,-23.5486659],[-46.7643953,-23.5484574]]}},{"type":"Feature","id":"way/923566222","properties":{"highway":"residential","name":"Rua João Teixeira Machado","oneway":"yes","id":"way/923566222"},"geometry":{"type":"LineString","coordinates":[[-46.7668119,-23.5448792],[-46.7665793,-23.5449086],[-46.7662597,-23.5449274]]}},{"type":"Feature","id":"way/923566223","properties":{"highway":"residential","name":"Rua João Teixeira Machado","oneway":"yes","id":"way/923566223"},"geometry":{"type":"LineString","coordinates":[[-46.7664555,-23.5447828],[-46.7665163,-23.5448373],[-46.7665645,-23.5448521],[-46.7666262,-23.5448607],[-46.7668119,-23.5448792]]}},{"type":"Feature","id":"way/923566224","properties":{"highway":"service","id":"way/923566224"},"geometry":{"type":"LineString","coordinates":[[-46.7686967,-23.5555815],[-46.7687828,-23.555688],[-46.7688014,-23.5557437],[-46.7687811,-23.5559621],[-46.7687811,-23.5560396],[-46.768798,-23.5561093],[-46.7688284,-23.5561449],[-46.7688724,-23.5561743],[-46.7692137,-23.556292]]}},{"type":"Feature","id":"way/923566225","properties":{"access":"private","highway":"service","id":"way/923566225"},"geometry":{"type":"LineString","coordinates":[[-46.7780837,-23.5580643],[-46.7781284,-23.5581073],[-46.7781571,-23.5581502],[-46.7782137,-23.5582741]]}},{"type":"Feature","id":"way/923566228","properties":{"highway":"service","id":"way/923566228"},"geometry":{"type":"LineString","coordinates":[[-46.7773208,-23.5426534],[-46.7775219,-23.5425961],[-46.7775337,-23.5425791],[-46.7775337,-23.5425481],[-46.7774179,-23.5422347]]}},{"type":"Feature","id":"way/923566229","properties":{"highway":"service","id":"way/923566229"},"geometry":{"type":"LineString","coordinates":[[-46.7651671,-23.5426353],[-46.7652442,-23.5427983]]}},{"type":"Feature","id":"way/923566230","properties":{"access":"private","highway":"service","service":"driveway","surface":"paved","id":"way/923566230"},"geometry":{"type":"LineString","coordinates":[[-46.7666826,-23.5421263],[-46.7666229,-23.5420741],[-46.7665456,-23.5420064]]}},{"type":"Feature","id":"way/923566231","properties":{"highway":"service","id":"way/923566231"},"geometry":{"type":"LineString","coordinates":[[-46.7658056,-23.541803],[-46.7659298,-23.5420089]]}},{"type":"Feature","id":"way/923573825","properties":{"highway":"service","service":"driveway","surface":"paved","id":"way/923573825"},"geometry":{"type":"LineString","coordinates":[[-46.7784861,-23.5356],[-46.7785698,-23.5358235],[-46.7787168,-23.5362161],[-46.7787291,-23.5362491]]}},{"type":"Feature","id":"way/923573826","properties":{"highway":"service","id":"way/923573826"},"geometry":{"type":"LineString","coordinates":[[-46.7789378,-23.535932],[-46.7790142,-23.5361215],[-46.7790277,-23.5361538]]}},{"type":"Feature","id":"way/923573827","properties":{"access":"private","highway":"service","service":"driveway","surface":"paved","id":"way/923573827"},"geometry":{"type":"LineString","coordinates":[[-46.7765807,-23.537289],[-46.7764604,-23.536973]]}},{"type":"Feature","id":"way/923573828","properties":{"highway":"service","id":"way/923573828"},"geometry":{"type":"LineString","coordinates":[[-46.7752921,-23.5382059],[-46.7752466,-23.5380781]]}},{"type":"Feature","id":"way/923573829","properties":{"highway":"service","id":"way/923573829"},"geometry":{"type":"LineString","coordinates":[[-46.7741983,-23.5391123],[-46.7740836,-23.5388089]]}},{"type":"Feature","id":"way/923573830","properties":{"access":"private","highway":"service","lit":"yes","oneway":"yes","service":"driveway","surface":"asphalt","id":"way/923573830"},"geometry":{"type":"LineString","coordinates":[[-46.7701421,-23.5395574],[-46.7702018,-23.5396334],[-46.7702451,-23.5396703],[-46.7703009,-23.5397055],[-46.7703929,-23.5397498]]}},{"type":"Feature","id":"way/923573831","properties":{"access":"private","highway":"service","id":"way/923573831"},"geometry":{"type":"LineString","coordinates":[[-46.7661676,-23.5382829],[-46.7665619,-23.53816],[-46.7666933,-23.5381501],[-46.7667925,-23.5381969],[-46.7668596,-23.5382731],[-46.7679767,-23.5406657],[-46.7679821,-23.540694],[-46.7679564,-23.540748]]}},{"type":"Feature","id":"way/923578666","properties":{"access":"private","highway":"service","service":"driveway","id":"way/923578666"},"geometry":{"type":"LineString","coordinates":[[-46.7764861,-23.5375508],[-46.7765807,-23.5378103]]}},{"type":"Feature","id":"way/923578667","properties":{"access":"private","highway":"service","service":"parking_aisle","surface":"paved","id":"way/923578667"},"geometry":{"type":"LineString","coordinates":[[-46.7756598,-23.5392424],[-46.776073,-23.539221],[-46.776204,-23.5392141]]}},{"type":"Feature","id":"way/923578668","properties":{"highway":"service","id":"way/923578668"},"geometry":{"type":"LineString","coordinates":[[-46.7738812,-23.5406574],[-46.7741336,-23.5406573],[-46.7741815,-23.5406612],[-46.7742379,-23.5406797],[-46.7742677,-23.540709],[-46.7742954,-23.5408154]]}},{"type":"Feature","id":"way/923578669","properties":{"highway":"service","id":"way/923578669"},"geometry":{"type":"LineString","coordinates":[[-46.774388,-23.5409383],[-46.77439,-23.5410548]]}},{"type":"Feature","id":"way/923578670","properties":{"highway":"service","service":"parking_aisle","surface":"paved","id":"way/923578670"},"geometry":{"type":"LineString","coordinates":[[-46.775795,-23.5405142],[-46.7758284,-23.5409]]}},{"type":"Feature","id":"way/923578671","properties":{"highway":"service","service":"parking_aisle","surface":"paved","id":"way/923578671"},"geometry":{"type":"LineString","coordinates":[[-46.7765584,-23.5391779],[-46.7766627,-23.5395077],[-46.7766818,-23.5395858],[-46.7766967,-23.5396736]]}},{"type":"Feature","id":"way/923578672","properties":{"highway":"service","id":"way/923578672"},"geometry":{"type":"LineString","coordinates":[[-46.7777346,-23.5364464],[-46.7780364,-23.536355],[-46.7781457,-23.5363274]]}},{"type":"Feature","id":"way/923899070","properties":{"access":"private","highway":"service","service":"parking_aisle","surface":"concrete","id":"way/923899070"},"geometry":{"type":"LineString","coordinates":[[-46.767671,-23.5402265],[-46.7679184,-23.5406876],[-46.7679564,-23.540748],[-46.7679966,-23.5408083]]}},{"type":"Feature","id":"way/923899071","properties":{"highway":"service","id":"way/923899071"},"geometry":{"type":"LineString","coordinates":[[-46.76943,-23.5403763],[-46.7693487,-23.5402075]]}},{"type":"Feature","id":"way/923899072","properties":{"highway":"service","id":"way/923899072"},"geometry":{"type":"LineString","coordinates":[[-46.7701092,-23.5409154],[-46.7699132,-23.5404212],[-46.7698575,-23.5402787],[-46.7697736,-23.5400643]]}},{"type":"Feature","id":"way/923899073","properties":{"highway":"service","id":"way/923899073"},"geometry":{"type":"LineString","coordinates":[[-46.7705502,-23.5401873],[-46.770486,-23.5400587],[-46.7704488,-23.5400371],[-46.7703914,-23.5400324],[-46.7703593,-23.5400154],[-46.7702766,-23.5398946]]}},{"type":"Feature","id":"way/923899074","properties":{"highway":"service","service":"parking_aisle","surface":"paved","id":"way/923899074"},"geometry":{"type":"LineString","coordinates":[[-46.7769192,-23.5393661],[-46.7767529,-23.5391165],[-46.7766703,-23.5389781]]}},{"type":"Feature","id":"way/923957228","properties":{"highway":"service","id":"way/923957228"},"geometry":{"type":"LineString","coordinates":[[-46.7683026,-23.5411143],[-46.7681819,-23.5411958],[-46.7679312,-23.5413591]]}},{"type":"Feature","id":"way/923957229","properties":{"highway":"service","id":"way/923957229"},"geometry":{"type":"LineString","coordinates":[[-46.7656085,-23.5389183],[-46.7659781,-23.538791]]}},{"type":"Feature","id":"way/923957230","properties":{"access":"private","highway":"service","id":"way/923957230"},"geometry":{"type":"LineString","coordinates":[[-46.7713937,-23.5400854],[-46.7714544,-23.5400981],[-46.7714784,-23.5401137]]}},{"type":"Feature","id":"way/923957231","properties":{"highway":"service","id":"way/923957231"},"geometry":{"type":"LineString","coordinates":[[-46.7720548,-23.5397136],[-46.7722187,-23.5397615],[-46.7723113,-23.5398151],[-46.7724417,-23.5399075]]}},{"type":"Feature","id":"way/923957232","properties":{"highway":"service","id":"way/923957232"},"geometry":{"type":"LineString","coordinates":[[-46.7733055,-23.5407783],[-46.7732895,-23.5402845],[-46.7732948,-23.5399244],[-46.7733108,-23.5398952],[-46.7733576,-23.539861],[-46.773632,-23.5398169]]}},{"type":"Feature","id":"way/923957233","properties":{"highway":"service","id":"way/923957233"},"geometry":{"type":"LineString","coordinates":[[-46.773632,-23.5398169],[-46.7738418,-23.5398358]]}},{"type":"Feature","id":"way/923957234","properties":{"access":"private","highway":"service","service":"driveway","surface":"paved","id":"way/923957234"},"geometry":{"type":"LineString","coordinates":[[-46.7758235,-23.5390096],[-46.7761197,-23.5390015],[-46.7761946,-23.5389997]]}},{"type":"Feature","id":"way/923957235","properties":{"highway":"service","service":"driveway","surface":"paved","id":"way/923957235"},"geometry":{"type":"LineString","coordinates":[[-46.7786361,-23.5366953],[-46.7788128,-23.5366367],[-46.7788533,-23.5365801],[-46.7788384,-23.536506],[-46.7787483,-23.5362943],[-46.7787291,-23.5362491]]}},{"type":"Feature","id":"way/923957237","properties":{"access":"customers","highway":"service","oneway":"yes","service":"drive-through","surface":"paved","id":"way/923957237"},"geometry":{"type":"LineString","coordinates":[[-46.7783564,-23.5374411],[-46.7783859,-23.5375234],[-46.7786709,-23.5374376],[-46.7786422,-23.5373576]]}},{"type":"Feature","id":"way/924771188","properties":{"highway":"tertiary","lanes":"2","name":"Rua Manoel Martin","surface":"paved","id":"way/924771188"},"geometry":{"type":"LineString","coordinates":[[-46.7667347,-23.5589915],[-46.7667207,-23.5590514]]}},{"type":"Feature","id":"way/934299403","properties":{"highway":"service","oneway":"yes","id":"way/934299403"},"geometry":{"type":"LineString","coordinates":[[-46.7766967,-23.5396736],[-46.7767055,-23.5397674]]}},{"type":"Feature","id":"way/934299404","properties":{"highway":"service","oneway":"yes","id":"way/934299404"},"geometry":{"type":"LineString","coordinates":[[-46.7766698,-23.539758],[-46.7766967,-23.5396736]]}},{"type":"Feature","id":"way/934308529","properties":{"access":"private","highway":"service","service":"parking_aisle","id":"way/934308529"},"geometry":{"type":"LineString","coordinates":[[-46.7750015,-23.5382066],[-46.7747453,-23.5375428]]}},{"type":"Feature","id":"way/934308530","properties":{"highway":"residential","id":"way/934308530"},"geometry":{"type":"LineString","coordinates":[[-46.7746328,-23.5384061],[-46.7745843,-23.5383011]]}},{"type":"Feature","id":"way/935487100","properties":{"bicycle":"yes","cycleway":"no","destination":"Centro;V. Yara","foot":"yes","highway":"secondary_link","lanes":"1","oneway":"yes","source":"Bing","surface":"asphalt","id":"way/935487100"},"geometry":{"type":"LineString","coordinates":[[-46.7787096,-23.5409575],[-46.7786881,-23.5408083],[-46.7786613,-23.5407198],[-46.7786278,-23.5405944],[-46.7785478,-23.5403774]]}},{"type":"Feature","id":"way/935487101","properties":{"highway":"residential","lanes":"1","oneway":"yes","id":"way/935487101"},"geometry":{"type":"LineString","coordinates":[[-46.7791963,-23.5382121],[-46.7792,-23.5382133]]}},{"type":"Feature","id":"way/935498329","properties":{"highway":"tertiary","lanes":"3","lanes:backward":"1","lanes:forward":"2","name":"Rua Pedro Fioretti","surface":"paved","id":"way/935498329"},"geometry":{"type":"LineString","coordinates":[[-46.7781813,-23.5364239],[-46.7784349,-23.5371355],[-46.778474,-23.5372164]]}},{"type":"Feature","id":"way/935500252","properties":{"highway":"secondary_link","lanes":"1","oneway":"yes","surface":"asphalt","id":"way/935500252"},"geometry":{"type":"LineString","coordinates":[[-46.7624998,-23.5439644],[-46.7623719,-23.5439687]]}},{"type":"Feature","id":"way/935501143","properties":{"footway":"crossing","highway":"footway","id":"way/935501143"},"geometry":{"type":"LineString","coordinates":[[-46.7622986,-23.5402175],[-46.7621881,-23.540217]]}},{"type":"Feature","id":"way/935501144","properties":{"footway":"crossing","highway":"footway","id":"way/935501144"},"geometry":{"type":"LineString","coordinates":[[-46.7623879,-23.5418744],[-46.7622698,-23.5418762]]}},{"type":"Feature","id":"way/935501145","properties":{"footway":"crossing","highway":"footway","id":"way/935501145"},"geometry":{"type":"LineString","coordinates":[[-46.7624487,-23.5430067],[-46.7623256,-23.5430103]]}},{"type":"Feature","id":"way/935501659","properties":{"highway":"secondary","lanes":"2","name":"Avenida Franz Voegeli","oneway":"yes","surface":"asphalt","id":"way/935501659"},"geometry":{"type":"LineString","coordinates":[[-46.7635182,-23.5358472],[-46.7634894,-23.5359683]]}},{"type":"Feature","id":"way/935501660","properties":{"highway":"secondary","lanes":"3","maxspeed":"60","name":"Avenida Manoel Pedro Pimentel","oneway":"yes","postal_code":"06020-194","surface":"asphalt","id":"way/935501660"},"geometry":{"type":"LineString","coordinates":[[-46.7633593,-23.535834],[-46.7633867,-23.5358384],[-46.7635182,-23.5358472]]}},{"type":"Feature","id":"way/935501661","properties":{"highway":"secondary","lanes":"3","name":"Avenida Franz Voegeli","oneway":"yes","surface":"asphalt","id":"way/935501661"},"geometry":{"type":"LineString","coordinates":[[-46.7633305,-23.5359508],[-46.7633593,-23.535834]]}},{"type":"Feature","id":"way/935501662","properties":{"highway":"secondary","lanes":"3","maxspeed":"60","name":"Avenida Manoel Pedro Pimentel","oneway":"yes","surface":"asphalt","id":"way/935501662"},"geometry":{"type":"LineString","coordinates":[[-46.7634894,-23.5359683],[-46.7633305,-23.5359508]]}},{"type":"Feature","id":"way/935514318","properties":{"access":"private","highway":"residential","name":"Avenida Osasco","id":"way/935514318"},"geometry":{"type":"LineString","coordinates":[[-46.7609775,-23.5439066],[-46.7609105,-23.5439582]]}},{"type":"Feature","id":"way/935530803","properties":{"highway":"secondary_link","lanes":"1","oneway":"yes","source":"Bing","surface":"asphalt","id":"way/935530803"},"geometry":{"type":"LineString","coordinates":[[-46.7754439,-23.5441712],[-46.7756122,-23.5439067]]}},{"type":"Feature","id":"way/935530804","properties":{"highway":"residential","name":"Rua Caetano Poli","oneway":"yes","id":"way/935530804"},"geometry":{"type":"LineString","coordinates":[[-46.7754439,-23.5441712],[-46.7755244,-23.5441371],[-46.7755906,-23.5441286]]}},{"type":"Feature","id":"way/935532533","properties":{"foot":"yes","highway":"service","id":"way/935532533"},"geometry":{"type":"LineString","coordinates":[[-46.7629764,-23.5373755],[-46.7628638,-23.5373751]]}},{"type":"Feature","id":"way/935532534","properties":{"highway":"primary","lanes":"4","maxspeed":"60","name":"Avenida dos Autonomistas","oneway":"yes","surface":"asphalt","id":"way/935532534"},"geometry":{"type":"LineString","coordinates":[[-46.7631488,-23.5444291],[-46.7631033,-23.5444635],[-46.7629422,-23.5446492],[-46.7628713,-23.5447456],[-46.762792,-23.5448988]]}},{"type":"Feature","id":"way/935532535","properties":{"highway":"primary","lanes":"3","maxspeed":"60","name":"Avenida dos Autonomistas","oneway":"yes","surface":"asphalt","id":"way/935532535"},"geometry":{"type":"LineString","coordinates":[[-46.7684306,-23.5406269],[-46.7680941,-23.5408563],[-46.7669038,-23.5417624],[-46.7665456,-23.5420064],[-46.7658933,-23.5424509],[-46.7658196,-23.5425038],[-46.7657787,-23.5425333],[-46.7654065,-23.5427976],[-46.7653912,-23.5428078],[-46.7652288,-23.5429157],[-46.7645811,-23.5433829],[-46.7644027,-23.5435144],[-46.7640235,-23.5437807],[-46.7637958,-23.5439406],[-46.7631488,-23.5444291]]}},{"type":"Feature","id":"way/935532939","properties":{"highway":"secondary_link","lanes":"1","oneway":"yes","surface":"asphalt","id":"way/935532939"},"geometry":{"type":"LineString","coordinates":[[-46.7630901,-23.5368886],[-46.7631233,-23.5368747],[-46.7631562,-23.5368735],[-46.7632306,-23.5368899]]}},{"type":"Feature","id":"way/935533101","properties":{"highway":"secondary","lanes":"3","name":"Avenida Franz Voegeli","oneway":"yes","surface":"asphalt","id":"way/935533101"},"geometry":{"type":"LineString","coordinates":[[-46.7630901,-23.5368886],[-46.7633305,-23.5359508]]}},{"type":"Feature","id":"way/935542171","properties":{"highway":"primary","lanes":"3","name":"Avenida dos Autonomistas","oneway":"yes","surface":"paved","id":"way/935542171"},"geometry":{"type":"LineString","coordinates":[[-46.7777119,-23.5375529],[-46.7765408,-23.5379199],[-46.7762569,-23.5380089],[-46.7760835,-23.5380659]]}},{"type":"Feature","id":"way/935542172","properties":{"highway":"primary","lanes":"3","name":"Avenida dos Autonomistas","oneway":"yes","surface":"paved","id":"way/935542172"},"geometry":{"type":"LineString","coordinates":[[-46.7792,-23.5370865],[-46.7786111,-23.5372711],[-46.7785743,-23.5372826],[-46.7785086,-23.5373032]]}},{"type":"Feature","id":"way/935544117","properties":{"highway":"tertiary","lanes":"1","name":"Avenida Analice Sakatauskas","oneway":"yes","surface":"paved","id":"way/935544117"},"geometry":{"type":"LineString","coordinates":[[-46.7754131,-23.5472897],[-46.77533,-23.547275],[-46.7753175,-23.5472788],[-46.7752851,-23.5472885],[-46.7751986,-23.5473441]]}},{"type":"Feature","id":"way/935544118","properties":{"bicycle":"yes","cycleway":"no","foot":"yes","highway":"secondary","horse":"no","lanes":"2","lit":"yes","maxspeed":"50","name":"Rua Narciso Sturlini","note":"IBGE says \"Storlini\" OSM says \"Sturlini\"","oneway":"yes","surface":"asphalt","id":"way/935544118"},"geometry":{"type":"LineString","coordinates":[[-46.773928,-23.5424921],[-46.773944,-23.5432371]]}},{"type":"Feature","id":"way/935544119","properties":{"bicycle":"yes","cycleway":"no","foot":"yes","highway":"secondary","horse":"no","lanes":"3","lit":"yes","maxspeed":"40","name":"Rua Narciso Sturlini","note":"IBGE says \"Storlini\" OSM says \"Sturlini\"","oneway":"yes","surface":"asphalt","id":"way/935544119"},"geometry":{"type":"LineString","coordinates":[[-46.7738193,-23.5393661],[-46.7738355,-23.5397039],[-46.7738418,-23.5398358],[-46.7738812,-23.5406574],[-46.7738813,-23.5409851],[-46.773909,-23.5418798],[-46.7739101,-23.5419134],[-46.7739181,-23.5421721],[-46.7739257,-23.542419],[-46.773928,-23.5424921]]}},{"type":"Feature","id":"way/935863018","properties":{"highway":"residential","name":"Rua Doutor Antônio José Luciano","oneway":"yes","id":"way/935863018"},"geometry":{"type":"LineString","coordinates":[[-46.7743399,-23.5357283],[-46.7743511,-23.535816],[-46.7745419,-23.5372059]]}},{"type":"Feature","id":"way/935883841","properties":{"highway":"secondary","lanes":"3","lanes:backward":"2","lanes:forward":"1","lit":"yes","name":"Avenida Martin Luther King","name:etymology:wikidata":"Q8027","surface":"asphalt","id":"way/935883841"},"geometry":{"type":"LineString","coordinates":[[-46.7668635,-23.5583221],[-46.7669964,-23.558347],[-46.7671984,-23.558337],[-46.767256,-23.5583173]]}},{"type":"Feature","id":"way/935883842","properties":{"highway":"secondary","lanes":"2","lit":"yes","name":"Avenida Martin Luther King","name:etymology:wikidata":"Q8027","sidewalk":"both","surface":"asphalt","id":"way/935883842"},"geometry":{"type":"LineString","coordinates":[[-46.7627567,-23.5578055],[-46.7630854,-23.5577455],[-46.763352,-23.5576854],[-46.7635792,-23.5576715],[-46.7637866,-23.5577012],[-46.764116,-23.5577802],[-46.7649713,-23.5579416],[-46.7659765,-23.5581312],[-46.7662479,-23.5581867],[-46.7665426,-23.5582524]]}},{"type":"Feature","id":"way/935883843","properties":{"highway":"secondary","lanes":"2","lit":"yes","maxspeed":"40","name":"Avenida Martin Luther King","name:etymology:wikidata":"Q8027","oneway":"yes","surface":"asphalt","id":"way/935883843"},"geometry":{"type":"LineString","coordinates":[[-46.7679976,-23.5574033],[-46.7677563,-23.5578256]]}},{"type":"Feature","id":"way/935883844","properties":{"highway":"secondary","lanes":"2","lit":"yes","maxspeed":"40","name":"Avenida Martin Luther King","name:etymology:wikidata":"Q8027","oneway":"yes","surface":"asphalt","id":"way/935883844"},"geometry":{"type":"LineString","coordinates":[[-46.7684866,-23.5561545],[-46.7684072,-23.5563725]]}},{"type":"Feature","id":"way/935883845","properties":{"highway":"secondary","lanes":"3","lit":"yes","maxspeed":"40","name":"Avenida Martin Luther King","name:etymology:wikidata":"Q8027","oneway":"yes","surface":"asphalt","id":"way/935883845"},"geometry":{"type":"LineString","coordinates":[[-46.7685843,-23.5558862],[-46.7684866,-23.5561545]]}},{"type":"Feature","id":"way/935883846","properties":{"highway":"secondary","lanes":"2","lit":"yes","maxspeed":"40","name":"Avenida Martin Luther King","name:etymology:wikidata":"Q8027","oneway":"yes","surface":"asphalt","id":"way/935883846"},"geometry":{"type":"LineString","coordinates":[[-46.7686967,-23.5555815],[-46.7686733,-23.5556419],[-46.7685843,-23.5558862]]}},{"type":"Feature","id":"way/935883847","properties":{"highway":"secondary","lanes":"3","lit":"yes","maxspeed":"40","name":"Avenida Martin Luther King","name:etymology:wikidata":"Q8027","oneway":"yes","surface":"asphalt","id":"way/935883847"},"geometry":{"type":"LineString","coordinates":[[-46.7688364,-23.5552168],[-46.7688196,-23.5552639],[-46.7687919,-23.5553354],[-46.7686967,-23.5555815]]}},{"type":"Feature","id":"way/935883848","properties":{"highway":"secondary","lanes":"2","lit":"yes","maxspeed":"40","name":"Avenida Martin Luther King","name:etymology:wikidata":"Q8027","oneway":"yes","surface":"asphalt","id":"way/935883848"},"geometry":{"type":"LineString","coordinates":[[-46.7689482,-23.5549061],[-46.7688906,-23.5550647],[-46.7688364,-23.5552168]]}},{"type":"Feature","id":"way/935883849","properties":{"highway":"secondary","lanes":"3","lanes:backward":"2","lanes:forward":"1","lit":"yes","name":"Avenida Padre Vicente Melillo","surface":"asphalt","id":"way/935883849"},"geometry":{"type":"LineString","coordinates":[[-46.7756288,-23.550544],[-46.7756531,-23.5505755],[-46.7756831,-23.5506163]]}},{"type":"Feature","id":"way/935883850","properties":{"highway":"secondary","lanes":"2","lit":"yes","name":"Avenida Padre Vicente Melillo","surface":"asphalt","id":"way/935883850"},"geometry":{"type":"LineString","coordinates":[[-46.775019,-23.5481419],[-46.7750493,-23.5483075],[-46.775118,-23.5486828],[-46.7751285,-23.54874],[-46.7751518,-23.5488678],[-46.7752307,-23.549299],[-46.7752908,-23.5496318],[-46.7753568,-23.5498706],[-46.7754377,-23.5500827]]}},{"type":"Feature","id":"way/935885241","properties":{"highway":"secondary","lanes":"3","lanes:backward":"1","lanes:forward":"2","lit":"yes","name":"Avenida Martin Luther King","name:etymology:wikidata":"Q8027","surface":"asphalt","id":"way/935885241"},"geometry":{"type":"LineString","coordinates":[[-46.7665426,-23.5582524],[-46.7668125,-23.5583126],[-46.7668635,-23.5583221]]}},{"type":"Feature","id":"way/935908250","properties":{"highway":"secondary","lanes":"3","maxspeed":"60","name":"Avenida Manoel Pedro Pimentel","oneway":"yes","surface":"asphalt","id":"way/935908250"},"geometry":{"type":"LineString","coordinates":[[-46.7633305,-23.5359508],[-46.7619922,-23.5356757]]}},{"type":"Feature","id":"way/936124004","properties":{"highway":"residential","name":"Rua Agnaldo Soares Bonfim","id":"way/936124004"},"geometry":{"type":"LineString","coordinates":[[-46.7702272,-23.5500385],[-46.77012,-23.5501047],[-46.7698248,-23.5503587]]}},{"type":"Feature","id":"way/936125510","properties":{"highway":"residential","name":"Rua João Oxisque","oneway":"yes","id":"way/936125510"},"geometry":{"type":"LineString","coordinates":[[-46.765175,-23.5485821],[-46.7651135,-23.5486615],[-46.7651108,-23.548809]]}},{"type":"Feature","id":"way/936125511","properties":{"highway":"residential","name":"Rua João Oxisque","oneway":"yes","id":"way/936125511"},"geometry":{"type":"LineString","coordinates":[[-46.7651108,-23.548809],[-46.7649995,-23.5487254],[-46.7649014,-23.5486218]]}},{"type":"Feature","id":"way/936126152","properties":{"highway":"tertiary","lanes":"3","lanes:backward":"1","name":"Rua Doutor Carlos Morais Barros","oneway":"no","surface":"asphalt","id":"way/936126152"},"geometry":{"type":"LineString","coordinates":[[-46.7671262,-23.5442975],[-46.767313,-23.5442046]]}},{"type":"Feature","id":"way/936126153","properties":{"highway":"tertiary","lanes":"2","name":"Rua Doutor Carlos Morais Barros","oneway":"no","surface":"asphalt","id":"way/936126153"},"geometry":{"type":"LineString","coordinates":[[-46.7669903,-23.5443284],[-46.7671262,-23.5442975]]}},{"type":"Feature","id":"way/936126154","properties":{"highway":"residential","lit":"yes","name":"Rua Ana Pereira Melo","oneway":"yes","surface":"asphalt","id":"way/936126154"},"geometry":{"type":"LineString","coordinates":[[-46.766531,-23.5444254],[-46.7666619,-23.5443005],[-46.7668491,-23.5441443]]}},{"type":"Feature","id":"way/936127376","properties":{"highway":"tertiary","lanes":"1","lit":"yes","name":"Rua Deputado Emílio Carlos","oneway":"yes","surface":"asphalt","id":"way/936127376"},"geometry":{"type":"LineString","coordinates":[[-46.7722046,-23.5396069],[-46.7721377,-23.5396545],[-46.7720548,-23.5397136],[-46.7718565,-23.539885],[-46.7717795,-23.5399356]]}},{"type":"Feature","id":"way/936127377","properties":{"highway":"tertiary","lanes":"1","lit":"yes","name":"Rua Dimitri Sensaud de Lavaud","note":"IBGE says \"Rua Dimitre Sansaud de Lavaud\" OSM official name says \"Rua Dimitre Sansoud de Lavaud\"","official_name":"Rua Dimitre Sansoud de Lavaud","oneway":"yes","surface":"asphalt","id":"way/936127377"},"geometry":{"type":"LineString","coordinates":[[-46.7708936,-23.5426872],[-46.770486,-23.5426987]]}},{"type":"Feature","id":"way/936129347","properties":{"highway":"residential","lit":"yes","surface":"asphalt","id":"way/936129347"},"geometry":{"type":"LineString","coordinates":[[-46.7682429,-23.5426724],[-46.768256,-23.5426635],[-46.7683455,-23.5425049],[-46.7684235,-23.5423431]]}},{"type":"Feature","id":"way/936131506","properties":{"highway":"residential","name":"Rua Benedito Américo de Oliveira","oneway":"yes","id":"way/936131506"},"geometry":{"type":"LineString","coordinates":[[-46.7642344,-23.5481273],[-46.7642979,-23.5480845],[-46.7648892,-23.5476225],[-46.7650256,-23.5475132],[-46.7651175,-23.5474505],[-46.7652704,-23.5473687],[-46.7653354,-23.5473435],[-46.7654065,-23.5473275],[-46.7654803,-23.547321]]}},{"type":"Feature","id":"way/936134001","properties":{"highway":"secondary","lanes":"3","lit":"yes","maxspeed":"60","name":"Avenida Hilário Pereira de Souza","oneway":"yes","postal_code":"06010-170","surface":"asphalt","id":"way/936134001"},"geometry":{"type":"LineString","coordinates":[[-46.7635182,-23.5358472],[-46.7636999,-23.5358448],[-46.763879,-23.5358343],[-46.7640359,-23.5358085],[-46.76416,-23.5357764],[-46.7642245,-23.535762],[-46.7642773,-23.5357495],[-46.7645336,-23.5356863],[-46.7648222,-23.5356162],[-46.7648972,-23.5356]]}},{"type":"Feature","id":"way/936134002","properties":{"highway":"secondary_link","lanes":"1","lit":"yes","name":"Avenida Manoel Pedroso Pimentel","oneway":"yes","source":"Bing","surface":"asphalt","id":"way/936134002"},"geometry":{"type":"LineString","coordinates":[[-46.7649725,-23.5357537],[-46.7649452,-23.5356837],[-46.7649431,-23.5356613],[-46.7649549,-23.535614],[-46.7649633,-23.5356]]}},{"type":"Feature","id":"way/936134003","properties":{"highway":"secondary","lanes":"3","lit":"yes","maxspeed":"60","name":"Avenida Hilário Pereira de Souza","oneway":"yes","surface":"asphalt","id":"way/936134003"},"geometry":{"type":"LineString","coordinates":[[-46.765609,-23.5356],[-46.7655082,-23.5356278],[-46.7649725,-23.5357537]]}},{"type":"Feature","id":"way/936141707","properties":{"highway":"residential","name":"Rua Benedito Américo de Oliveira","oneway":"yes","id":"way/936141707"},"geometry":{"type":"LineString","coordinates":[[-46.766315,-23.5483599],[-46.7663852,-23.5484952]]}},{"type":"Feature","id":"way/936141708","properties":{"highway":"residential","name":"Rua Benedito Américo de Oliveira","oneway":"yes","id":"way/936141708"},"geometry":{"type":"LineString","coordinates":[[-46.7662586,-23.5484693],[-46.766315,-23.5483599]]}},{"type":"Feature","id":"way/936142336","properties":{"highway":"service","id":"way/936142336"},"geometry":{"type":"LineString","coordinates":[[-46.763478,-23.5458934],[-46.7634172,-23.545824]]}},{"type":"Feature","id":"way/936142337","properties":{"highway":"service","id":"way/936142337"},"geometry":{"type":"LineString","coordinates":[[-46.7629868,-23.5461187],[-46.7629462,-23.5460698]]}},{"type":"Feature","id":"way/936142338","properties":{"access":"private","highway":"service","id":"way/936142338"},"geometry":{"type":"LineString","coordinates":[[-46.7643953,-23.5484574],[-46.7644746,-23.5483993]]}},{"type":"Feature","id":"way/936144571","properties":{"highway":"service","id":"way/936144571"},"geometry":{"type":"LineString","coordinates":[[-46.7714784,-23.5401137],[-46.7715134,-23.5401398]]}},{"type":"Feature","id":"way/936463368","properties":{"highway":"living_street","id":"way/936463368"},"geometry":{"type":"LineString","coordinates":[[-46.7659765,-23.5581312],[-46.765898,-23.5582168]]}},{"type":"Feature","id":"way/936498305","properties":{"highway":"residential","name":"Rua Doutor Francisco Pati","id":"way/936498305"},"geometry":{"type":"LineString","coordinates":[[-46.76,-23.5578619],[-46.7600213,-23.5579083]]}},{"type":"Feature","id":"way/936507037","properties":{"access":"private","highway":"service","id":"way/936507037"},"geometry":{"type":"LineString","coordinates":[[-46.7752466,-23.5380781],[-46.7751725,-23.5378702]]}},{"type":"Feature","id":"way/936507038","properties":{"alt_name":"Avenida dos Autonomistas","bicycle":"yes","bridge":"yes","bridge:structure":"arch","foot":"no","highway":"primary","lanes":"2","layer":"1","lit":"yes","maxspeed":"60","name":"Viaduto Doutor Reynaldo de Oliveira","oneway":"yes","surface":"asphalt","id":"way/936507038"},"geometry":{"type":"LineString","coordinates":[[-46.7736173,-23.5387201],[-46.7742607,-23.5385149]]}},{"type":"Feature","id":"way/936507039","properties":{"highway":"primary","lanes":"3","lit":"yes","maxspeed":"60","name":"Avenida dos Autonomistas","oneway":"yes","surface":"paved","id":"way/936507039"},"geometry":{"type":"LineString","coordinates":[[-46.7742607,-23.5385149],[-46.7745895,-23.5384193]]}},{"type":"Feature","id":"way/936507040","properties":{"highway":"primary","lanes":"4","lit":"yes","maxspeed":"60","name":"Avenida dos Autonomistas","oneway":"yes","surface":"asphalt","id":"way/936507040"},"geometry":{"type":"LineString","coordinates":[[-46.7688596,-23.5402053],[-46.7691175,-23.5401138],[-46.7692385,-23.5400756],[-46.7692918,-23.5400592],[-46.7693595,-23.5400375],[-46.7695535,-23.5399763],[-46.7699378,-23.5398989],[-46.7702506,-23.5397917],[-46.7703929,-23.5397498],[-46.7705416,-23.5397142]]}},{"type":"Feature","id":"way/936507044","properties":{"highway":"primary","lanes":"3","lit":"yes","maxspeed":"60","name":"Avenida dos Autonomistas","oneway":"yes","surface":"asphalt","id":"way/936507044"},"geometry":{"type":"LineString","coordinates":[[-46.7626418,-23.5447267],[-46.7627183,-23.5446492],[-46.7628242,-23.5445558]]}},{"type":"Feature","id":"way/936507045","properties":{"highway":"secondary","lanes":"2","name":"Avenida Franz Voegeli","oneway":"yes","surface":"asphalt","id":"way/936507045"},"geometry":{"type":"LineString","coordinates":[[-46.7625225,-23.5443886],[-46.7625587,-23.5445324],[-46.7625868,-23.5446369],[-46.7626418,-23.5447267]]}},{"type":"Feature","id":"way/936507046","properties":{"highway":"primary","lanes":"3","lit":"yes","maxspeed":"60","name":"Avenida dos Autonomistas","oneway":"yes","surface":"asphalt","id":"way/936507046"},"geometry":{"type":"LineString","coordinates":[[-46.7624259,-23.5449406],[-46.7625761,-23.5447795],[-46.7626418,-23.5447267]]}},{"type":"Feature","id":"way/936507047","properties":{"highway":"secondary","lanes":"2","name":"Avenida Franz Voegeli","oneway":"yes","surface":"asphalt","id":"way/936507047"},"geometry":{"type":"LineString","coordinates":[[-46.7626418,-23.5447267],[-46.762792,-23.5448988]]}},{"type":"Feature","id":"way/936507048","properties":{"highway":"primary","lanes":"3","maxspeed":"60","name":"Avenida dos Autonomistas","oneway":"yes","surface":"asphalt","id":"way/936507048"},"geometry":{"type":"LineString","coordinates":[[-46.762792,-23.5448988],[-46.7626583,-23.5451432]]}},{"type":"Feature","id":"way/936507049","properties":{"highway":"primary","lanes":"3","lit":"yes","maxspeed":"60","name":"Avenida dos Autonomistas","oneway":"yes","surface":"asphalt","id":"way/936507049"},"geometry":{"type":"LineString","coordinates":[[-46.7621054,-23.5453906],[-46.7622449,-23.5451791],[-46.7624011,-23.5449676],[-46.7624259,-23.5449406]]}},{"type":"Feature","id":"way/936507050","properties":{"highway":"primary","lanes":"5","lit":"yes","maxspeed":"60","name":"Avenida dos Autonomistas","oneway":"yes","surface":"asphalt","id":"way/936507050"},"geometry":{"type":"LineString","coordinates":[[-46.7616114,-23.5460472],[-46.76172,-23.5459156],[-46.7621054,-23.5453906]]}},{"type":"Feature","id":"way/936507051","properties":{"highway":"primary","lanes":"3","lit":"yes","maxspeed":"60","name":"Avenida dos Autonomistas","oneway":"yes","surface":"asphalt","id":"way/936507051"},"geometry":{"type":"LineString","coordinates":[[-46.7605828,-23.5471967],[-46.7606191,-23.5471637],[-46.7606696,-23.547111],[-46.7611197,-23.5466421],[-46.7612189,-23.546518]]}},{"type":"Feature","id":"way/936507052","properties":{"highway":"steps","incline":"up","id":"way/936507052"},"geometry":{"type":"LineString","coordinates":[[-46.7607187,-23.547172],[-46.7606541,-23.5472427],[-46.7606319,-23.547267]]}},{"type":"Feature","id":"way/936507053","properties":{"bridge":"yes","covered":"yes","highway":"footway","layer":"1","lit":"yes","id":"way/936507053"},"geometry":{"type":"LineString","coordinates":[[-46.7606319,-23.547267],[-46.7604691,-23.5471237]]}},{"type":"Feature","id":"way/936507054","properties":{"highway":"footway","lit":"yes","id":"way/936507054"},"geometry":{"type":"LineString","coordinates":[[-46.7605691,-23.5470242],[-46.7606696,-23.547111]]}},{"type":"Feature","id":"way/936507055","properties":{"highway":"footway","lit":"yes","id":"way/936507055"},"geometry":{"type":"LineString","coordinates":[[-46.760437,-23.5471514],[-46.7605325,-23.5472416]]}},{"type":"Feature","id":"way/936507056","properties":{"covered":"yes","highway":"steps","incline":"down","lit":"yes","id":"way/936507056"},"geometry":{"type":"LineString","coordinates":[[-46.7604691,-23.5471237],[-46.7605691,-23.5470242]]}},{"type":"Feature","id":"way/936511383","properties":{"highway":"secondary","lanes":"2","name":"Avenida Martin Luther King","oneway":"yes","sidewalk":"right","surface":"asphalt","id":"way/936511383"},"geometry":{"type":"LineString","coordinates":[[-46.7627567,-23.5578055],[-46.7625912,-23.5578244],[-46.7624132,-23.55787]]}},{"type":"Feature","id":"way/936511384","properties":{"highway":"secondary","lanes":"2","name":"Avenida Martin Luther King","oneway":"yes","sidewalk":"right","surface":"asphalt","id":"way/936511384"},"geometry":{"type":"LineString","coordinates":[[-46.7622863,-23.5577526],[-46.7623286,-23.5576889],[-46.7623614,-23.5576192],[-46.7623872,-23.5575399]]}},{"type":"Feature","id":"way/936511385","properties":{"highway":"secondary_link","lanes":"1","name":"Avenida Martin Luther King","name:etymology:wikidata":"Q8027","oneway":"yes","sidewalk":"no","surface":"asphalt","id":"way/936511385"},"geometry":{"type":"LineString","coordinates":[[-46.7623872,-23.5575399],[-46.7624156,-23.557518],[-46.7624502,-23.5575056],[-46.7624873,-23.5575039],[-46.762523,-23.5575133]]}},{"type":"Feature","id":"way/936511386","properties":{"highway":"secondary","lanes":"1","lit":"yes","name":"Avenida Martin Luther King","name:etymology:wikidata":"Q8027","oneway":"yes","sidewalk":"right","surface":"asphalt","id":"way/936511386"},"geometry":{"type":"LineString","coordinates":[[-46.762633,-23.5577057],[-46.7626279,-23.5577527],[-46.7626144,-23.5577886],[-46.7625912,-23.5578244]]}},{"type":"Feature","id":"way/936511387","properties":{"highway":"secondary","lanes":"2","lit":"yes","name":"Avenida Martin Luther King","name:etymology:wikidata":"Q8027","oneway":"yes","sidewalk":"right","surface":"asphalt","id":"way/936511387"},"geometry":{"type":"LineString","coordinates":[[-46.762633,-23.5577057],[-46.7626719,-23.5577438],[-46.7627122,-23.557774],[-46.7627567,-23.5578055]]}},{"type":"Feature","id":"way/936511388","properties":{"highway":"secondary","lanes":"2","lit":"yes","name":"Avenida Martin Luther King","name:etymology:wikidata":"Q8027","oneway":"yes","sidewalk":"right","surface":"asphalt","id":"way/936511388"},"geometry":{"type":"LineString","coordinates":[[-46.762523,-23.5575133],[-46.7625567,-23.5575714],[-46.762633,-23.5577057]]}},{"type":"Feature","id":"way/936515465","properties":{"highway":"primary","lanes":"3","lit":"yes","maxspeed":"60","name":"Avenida dos Autonomistas","oneway":"yes","surface":"paved","id":"way/936515465"},"geometry":{"type":"LineString","coordinates":[[-46.7776878,-23.5374636],[-46.7783547,-23.5372535],[-46.778474,-23.5372164]]}},{"type":"Feature","id":"way/936515466","properties":{"highway":"primary","lanes":"3","lit":"yes","maxspeed":"60","name":"Avenida dos Autonomistas","oneway":"yes","surface":"paved","id":"way/936515466"},"geometry":{"type":"LineString","coordinates":[[-46.7760626,-23.537967],[-46.7762279,-23.5379146],[-46.7765807,-23.5378103],[-46.7776878,-23.5374636]]}},{"type":"Feature","id":"way/936515468","properties":{"highway":"tertiary","lanes":"3","lanes:backward":"1","lanes:forward":"2","name":"Rua Pedro Fioretti","surface":"paved","id":"way/936515468"},"geometry":{"type":"LineString","coordinates":[[-46.778474,-23.5372164],[-46.7785086,-23.5373032]]}},{"type":"Feature","id":"way/936515469","properties":{"highway":"primary","lanes":"3","name":"Avenida dos Autonomistas","oneway":"yes","surface":"paved","id":"way/936515469"},"geometry":{"type":"LineString","coordinates":[[-46.7785086,-23.5373032],[-46.7783922,-23.5373397],[-46.7783272,-23.53736],[-46.7777119,-23.5375529]]}},{"type":"Feature","id":"way/936515470","properties":{"access":"customers","highway":"service","oneway":"yes","service":"drive-through","surface":"paved","id":"way/936515470"},"geometry":{"type":"LineString","coordinates":[[-46.7783272,-23.53736],[-46.7783564,-23.5374411]]}},{"type":"Feature","id":"way/936515471","properties":{"access":"customers","highway":"service","oneway":"yes","service":"drive-through","surface":"paved","id":"way/936515471"},"geometry":{"type":"LineString","coordinates":[[-46.7786422,-23.5373576],[-46.7786111,-23.5372711]]}},{"type":"Feature","id":"way/936520660","properties":{"highway":"service","id":"way/936520660"},"geometry":{"type":"LineString","coordinates":[[-46.7603644,-23.54832],[-46.7603192,-23.5482533]]}},{"type":"Feature","id":"way/936520661","properties":{"highway":"primary","lanes":"4","maxspeed":"60","name":"Avenida dos Autonomistas","oneway":"yes","surface":"asphalt","id":"way/936520661"},"geometry":{"type":"LineString","coordinates":[[-46.7622648,-23.5458453],[-46.7617993,-23.5467664],[-46.7616065,-23.5471216]]}},{"type":"Feature","id":"way/936520662","properties":{"highway":"primary","lanes":"3","lit":"yes","maxspeed":"60","name":"Avenida dos Autonomistas","oneway":"yes","surface":"asphalt","id":"way/936520662"},"geometry":{"type":"LineString","coordinates":[[-46.7612189,-23.546518],[-46.7614349,-23.5462611]]}},{"type":"Feature","id":"way/936526038","properties":{"highway":"footway","name":"Rua Doutor Aires Martins Torres","id":"way/936526038"},"geometry":{"type":"LineString","coordinates":[[-46.760402,-23.5585265],[-46.7605014,-23.5586372]]}},{"type":"Feature","id":"way/936526039","properties":{"footway":"crossing","highway":"footway","surface":"dirt","id":"way/936526039"},"geometry":{"type":"LineString","coordinates":[[-46.762155,-23.5580225],[-46.7621396,-23.5580069],[-46.7621136,-23.5579805],[-46.7620931,-23.5579597]]}},{"type":"Feature","id":"way/936526040","properties":{"highway":"secondary","lanes":"1","lit":"yes","name":"Avenida Martin Luther King","name:etymology:wikidata":"Q8027","oneway":"yes","sidewalk":"right","surface":"asphalt","id":"way/936526040"},"geometry":{"type":"LineString","coordinates":[[-46.7624054,-23.557311],[-46.762523,-23.5575133]]}},{"type":"Feature","id":"way/936526041","properties":{"highway":"secondary","lanes":"1","name":"Avenida Martin Luther King","oneway":"yes","sidewalk":"right","surface":"asphalt","id":"way/936526041"},"geometry":{"type":"LineString","coordinates":[[-46.7623872,-23.5575399],[-46.7623981,-23.5574547],[-46.7624054,-23.557311]]}},{"type":"Feature","id":"way/936526042","properties":{"highway":"residential","name":"Rua Paulo Ferraz da Costa Aguiar","oneway":"yes","sidewalk":"both","surface":"asphalt","id":"way/936526042"},"geometry":{"type":"LineString","coordinates":[[-46.76,-23.5555439],[-46.7607485,-23.5554042],[-46.7610944,-23.5553289]]}},{"type":"Feature","id":"way/936530664","properties":{"highway":"service","id":"way/936530664"},"geometry":{"type":"LineString","coordinates":[[-46.7788262,-23.5559855],[-46.7788001,-23.5559659],[-46.7787686,-23.5559394]]}},{"type":"Feature","id":"way/936530665","properties":{"footway":"crossing","highway":"footway","id":"way/936530665"},"geometry":{"type":"LineString","coordinates":[[-46.7787257,-23.556031],[-46.7787867,-23.5561417]]}},{"type":"Feature","id":"way/936530666","properties":{"footway":"crossing","highway":"footway","id":"way/936530666"},"geometry":{"type":"LineString","coordinates":[[-46.7781946,-23.5564084],[-46.7782903,-23.5564986]]}},{"type":"Feature","id":"way/936530667","properties":{"footway":"crossing","highway":"footway","id":"way/936530667"},"geometry":{"type":"LineString","coordinates":[[-46.7771761,-23.5573846],[-46.777271,-23.5574642]]}},{"type":"Feature","id":"way/936530668","properties":{"highway":"service","service":"driveway","id":"way/936530668"},"geometry":{"type":"LineString","coordinates":[[-46.7769849,-23.5573317],[-46.7771077,-23.5574481]]}},{"type":"Feature","id":"way/936530669","properties":{"highway":"service","service":"driveway","id":"way/936530669"},"geometry":{"type":"LineString","coordinates":[[-46.7772424,-23.5573231],[-46.7771204,-23.5572038]]}},{"type":"Feature","id":"way/936530670","properties":{"highway":"service","service":"driveway","id":"way/936530670"},"geometry":{"type":"LineString","coordinates":[[-46.7769849,-23.5573317],[-46.7771204,-23.5572038]]}},{"type":"Feature","id":"way/936530671","properties":{"footway":"crossing","highway":"footway","id":"way/936530671"},"geometry":{"type":"LineString","coordinates":[[-46.7762825,-23.5582601],[-46.7763668,-23.5583379]]}},{"type":"Feature","id":"way/936530677","properties":{"highway":"secondary","lanes":"3","lanes:backward":"1","lanes:forward":"2","lit":"yes","name":"Avenida Padre Vicente Melillo","surface":"asphalt","id":"way/936530677"},"geometry":{"type":"LineString","coordinates":[[-46.7754377,-23.5500827],[-46.7755101,-23.5502841],[-46.7755416,-23.5503735]]}},{"type":"Feature","id":"way/936530678","properties":{"highway":"secondary","lanes":"2","lit":"yes","name":"Avenida Padre Vicente Melillo","surface":"asphalt","id":"way/936530678"},"geometry":{"type":"LineString","coordinates":[[-46.7755416,-23.5503735],[-46.7756288,-23.550544]]}},{"type":"Feature","id":"way/936770511","properties":{"highway":"tertiary","lanes":"3","name":"Rua Jerônimo A. Silveira","oneway":"yes","surface":"asphalt","id":"way/936770511"},"geometry":{"type":"LineString","coordinates":[[-46.7623266,-23.5453341],[-46.7624024,-23.5453279],[-46.7625506,-23.5453352]]}},{"type":"Feature","id":"way/936775909","properties":{"highway":"primary","lanes":"4","maxspeed":"60","name":"Avenida dos Autonomistas","oneway":"yes","surface":"asphalt","id":"way/936775909"},"geometry":{"type":"LineString","coordinates":[[-46.7616065,-23.5471216],[-46.7615113,-23.5472704],[-46.761357,-23.5475163]]}},{"type":"Feature","id":"way/936777911","properties":{"highway":"secondary","lanes":"1","lit":"yes","name":"Avenida Martin Luther King","name:etymology:wikidata":"Q8027","oneway":"yes","sidewalk":"right","surface":"asphalt","id":"way/936777911"},"geometry":{"type":"LineString","coordinates":[[-46.7601026,-23.5556923],[-46.76,-23.5556538]]}},{"type":"Feature","id":"way/936777912","properties":{"highway":"secondary","lanes":"1","lit":"yes","name":"Avenida Martin Luther King","name:etymology:wikidata":"Q8027","oneway":"yes","sidewalk":"right","surface":"asphalt","id":"way/936777912"},"geometry":{"type":"LineString","coordinates":[[-46.76,-23.555622],[-46.7601026,-23.5556923]]}},{"type":"Feature","id":"way/936832631","properties":{"highway":"service","id":"way/936832631"},"geometry":{"type":"LineString","coordinates":[[-46.776252,-23.5581541],[-46.7763224,-23.5582168]]}},{"type":"Feature","id":"way/936832632","properties":{"highway":"service","id":"way/936832632"},"geometry":{"type":"LineString","coordinates":[[-46.7762567,-23.5582881],[-46.7761897,-23.5582561]]}},{"type":"Feature","id":"way/936834366","properties":{"highway":"service","id":"way/936834366"},"geometry":{"type":"LineString","coordinates":[[-46.7782137,-23.5582741],[-46.7782418,-23.5583356]]}},{"type":"Feature","id":"way/936834367","properties":{"highway":"service","service":"driveway","id":"way/936834367"},"geometry":{"type":"LineString","coordinates":[[-46.7771204,-23.5572038],[-46.7771016,-23.5571528]]}},{"type":"Feature","id":"way/936834368","properties":{"highway":"service","service":"driveway","id":"way/936834368"},"geometry":{"type":"LineString","coordinates":[[-46.7769273,-23.5573169],[-46.7769849,-23.5573317]]}},{"type":"Feature","id":"way/936854087","properties":{"highway":"primary","lanes":"4","lit":"yes","maxspeed":"60","name":"Avenida dos Autonomistas","oneway":"yes","surface":"asphalt","id":"way/936854087"},"geometry":{"type":"LineString","coordinates":[[-46.7614349,-23.5462611],[-46.7616114,-23.5460472]]}},{"type":"Feature","id":"way/936883846","properties":{"access":"customers","highway":"service","oneway":"yes","service":"driveway","surface":"paved","id":"way/936883846"},"geometry":{"type":"LineString","coordinates":[[-46.772631,-23.5369672],[-46.7725706,-23.5368701],[-46.772512,-23.5363841]]}},{"type":"Feature","id":"way/936883847","properties":{"footway":"crossing","highway":"footway","id":"way/936883847"},"geometry":{"type":"LineString","coordinates":[[-46.77281,-23.5384047],[-46.7729094,-23.5384083]]}},{"type":"Feature","id":"way/936883848","properties":{"bridge":"yes","footway":"crossing","highway":"footway","layer":"1","id":"way/936883848"},"geometry":{"type":"LineString","coordinates":[[-46.7726625,-23.5383993],[-46.77281,-23.5384047]]}},{"type":"Feature","id":"way/936883849","properties":{"footway":"crossing","highway":"footway","id":"way/936883849"},"geometry":{"type":"LineString","coordinates":[[-46.7725335,-23.5383946],[-46.7726625,-23.5383993]]}},{"type":"Feature","id":"way/936883850","properties":{"highway":"residential","lit":"yes","name":"Rua Maria de Lourdes Ponce","oneway":"yes","surface":"asphalt","id":"way/936883850"},"geometry":{"type":"LineString","coordinates":[[-46.7718839,-23.5448086],[-46.7718275,-23.5448162],[-46.7716916,-23.5448539],[-46.7716145,-23.5448847],[-46.7714837,-23.5449486],[-46.7713597,-23.545007],[-46.7712745,-23.5450328],[-46.7712101,-23.5450432],[-46.771137,-23.5450353],[-46.7710325,-23.5450118]]}},{"type":"Feature","id":"way/936883851","properties":{"footway":"crossing","highway":"footway","id":"way/936883851"},"geometry":{"type":"LineString","coordinates":[[-46.7738337,-23.5471283],[-46.7738166,-23.5471763]]}},{"type":"Feature","id":"way/936883852","properties":{"bridge":"yes","footway":"crossing","highway":"footway","layer":"1","id":"way/936883852"},"geometry":{"type":"LineString","coordinates":[[-46.7771147,-23.5511568],[-46.7770398,-23.55119]]}},{"type":"Feature","id":"way/936883853","properties":{"footway":"crossing","highway":"footway","id":"way/936883853"},"geometry":{"type":"LineString","coordinates":[[-46.7770067,-23.5512046],[-46.7769179,-23.5512438]]}},{"type":"Feature","id":"way/936883854","properties":{"footway":"crossing","highway":"footway","surface":"asphalt","id":"way/936883854"},"geometry":{"type":"LineString","coordinates":[[-46.7775625,-23.5526363],[-46.7777608,-23.5524001],[-46.7778291,-23.5523432]]}},{"type":"Feature","id":"way/936904756","properties":{"highway":"primary","horse":"no","lanes":"3","lit":"yes","maxspeed":"50","name":"Rua Aurora Soares Barbosa","oneway":"yes","surface":"asphalt","id":"way/936904756"},"geometry":{"type":"LineString","coordinates":[[-46.7724276,-23.539016],[-46.7724595,-23.5387522],[-46.7725238,-23.5384531]]}},{"type":"Feature","id":"way/936904757","properties":{"highway":"primary","horse":"no","lanes":"4","lit":"yes","maxspeed":"50","name":"Rua Aurora Soares Barbosa","oneway":"yes","surface":"asphalt","id":"way/936904757"},"geometry":{"type":"LineString","coordinates":[[-46.7724276,-23.5396355],[-46.7724209,-23.5393746],[-46.7724276,-23.539016]]}},{"type":"Feature","id":"way/937380144","properties":{"footway":"crossing","highway":"footway","id":"way/937380144"},"geometry":{"type":"LineString","coordinates":[[-46.7770398,-23.55119],[-46.7770067,-23.5512046]]}},{"type":"Feature","id":"way/949595149","properties":{"highway":"service","maxspeed":"20","service":"driveway","surface":"asphalt","id":"way/949595149"},"geometry":{"type":"LineString","coordinates":[[-46.7675127,-23.5384351],[-46.7673821,-23.5382741],[-46.7672479,-23.5379249],[-46.7672079,-23.537786],[-46.767146,-23.5375708],[-46.767028,-23.5374282],[-46.766851,-23.5374134],[-46.766792,-23.5373052],[-46.7666347,-23.5369085],[-46.7666017,-23.5368251]]}},{"type":"Feature","id":"way/949596172","properties":{"highway":"service","layer":"-1","maxspeed":"10","oneway":"yes","service":"parking_aisle","tunnel":"yes","id":"way/949596172"},"geometry":{"type":"LineString","coordinates":[[-46.7660923,-23.5371386],[-46.7659578,-23.5371503],[-46.765754,-23.5371307],[-46.7655474,-23.5370348],[-46.7653382,-23.5369536],[-46.7650271,-23.5368282],[-46.7647293,-23.5367274],[-46.7646516,-23.5366929],[-46.7645952,-23.536629],[-46.7645818,-23.5365774],[-46.7645684,-23.5365356],[-46.764553,-23.5364736]]}},{"type":"Feature","id":"way/949596574","properties":{"highway":"service","maxspeed":"20","oneway":"yes","service":"parking_aisle","surface":"asphalt","id":"way/949596574"},"geometry":{"type":"LineString","coordinates":[[-46.7667187,-23.5404397],[-46.7667008,-23.5404872],[-46.7666632,-23.5405094],[-46.7664889,-23.5405733],[-46.7662877,-23.5406397],[-46.7663253,-23.5407454],[-46.7664004,-23.5408831],[-46.7664621,-23.5410085],[-46.7665061,-23.5411157],[-46.7665398,-23.5411979],[-46.7666203,-23.5413725],[-46.7666766,-23.5415003],[-46.7667169,-23.5415888],[-46.7667835,-23.5416332]]}},{"type":"Feature","id":"way/952102558","properties":{"highway":"tertiary","horse":"no","lanes":"2","lit":"yes","name":"Rua Deputado Emílio Carlos","surface":"asphalt","id":"way/952102558"},"geometry":{"type":"LineString","coordinates":[[-46.7653651,-23.5448623],[-46.765022,-23.5450166],[-46.7648909,-23.5450758],[-46.7647347,-23.5451372],[-46.7644051,-23.5452468],[-46.7642442,-23.5452902],[-46.7641251,-23.5453432],[-46.7640185,-23.5454029],[-46.7638274,-23.545527],[-46.7637304,-23.5456033],[-46.7635404,-23.5457397],[-46.7634172,-23.545824],[-46.7629868,-23.5461187],[-46.7626928,-23.54632]]}},{"type":"Feature","id":"way/963785353","properties":{"highway":"residential","lit":"yes","name":"Rua Santa Terezinha","oneway":"yes","surface":"asphalt","id":"way/963785353"},"geometry":{"type":"LineString","coordinates":[[-46.761357,-23.5475163],[-46.7614133,-23.5475939],[-46.7626995,-23.5492854]]}},{"type":"Feature","id":"way/965517463","properties":{"highway":"service","maxspeed":"20","service":"driveway","surface":"paved","id":"way/965517463"},"geometry":{"type":"LineString","coordinates":[[-46.7747597,-23.547997],[-46.7747788,-23.5479496],[-46.7747708,-23.5479269],[-46.7747553,-23.5479085]]}},{"type":"Feature","id":"way/965517464","properties":{"highway":"service","maxspeed":"20","service":"parking_aisle","surface":"paved","id":"way/965517464"},"geometry":{"type":"LineString","coordinates":[[-46.7736509,-23.5475586],[-46.7741056,-23.5476798],[-46.7747553,-23.5479085]]}},{"type":"Feature","id":"way/965517465","properties":{"highway":"service","id":"way/965517465"},"geometry":{"type":"LineString","coordinates":[[-46.775279,-23.5482613],[-46.775222,-23.5478876],[-46.775215,-23.5478171]]}},{"type":"Feature","id":"way/965517466","properties":{"highway":"service","id":"way/965517466"},"geometry":{"type":"LineString","coordinates":[[-46.7750493,-23.5483075],[-46.7750913,-23.5482994],[-46.775279,-23.5482613],[-46.7754561,-23.5482281]]}},{"type":"Feature","id":"way/965517467","properties":{"highway":"service","id":"way/965517467"},"geometry":{"type":"LineString","coordinates":[[-46.7707282,-23.5496056],[-46.7707638,-23.5494973]]}},{"type":"Feature","id":"way/965517468","properties":{"highway":"service","id":"way/965517468"},"geometry":{"type":"LineString","coordinates":[[-46.7683773,-23.5485729],[-46.7688015,-23.5488637]]}},{"type":"Feature","id":"way/965517469","properties":{"highway":"service","id":"way/965517469"},"geometry":{"type":"LineString","coordinates":[[-46.76782,-23.548446],[-46.7679433,-23.5483916],[-46.7684367,-23.5481691]]}},{"type":"Feature","id":"way/965517470","properties":{"highway":"service","id":"way/965517470"},"geometry":{"type":"LineString","coordinates":[[-46.7697672,-23.5468739],[-46.7697022,-23.5467292]]}},{"type":"Feature","id":"way/965517471","properties":{"highway":"service","id":"way/965517471"},"geometry":{"type":"LineString","coordinates":[[-46.7670572,-23.5478734],[-46.7675476,-23.5475273],[-46.7676288,-23.5474762],[-46.7676591,-23.5474461]]}},{"type":"Feature","id":"way/965517472","properties":{"highway":"service","id":"way/965517472"},"geometry":{"type":"LineString","coordinates":[[-46.767408,-23.5473133],[-46.7675476,-23.5475273],[-46.7678435,-23.5478152]]}},{"type":"Feature","id":"way/965517473","properties":{"highway":"service","id":"way/965517473"},"geometry":{"type":"LineString","coordinates":[[-46.767671,-23.5468831],[-46.767801,-23.5467903],[-46.7678091,-23.5467546],[-46.7677407,-23.5466464],[-46.7677065,-23.5466268],[-46.7676582,-23.5466354],[-46.767563,-23.5466901],[-46.7674785,-23.5466864],[-46.7674607,-23.5466785],[-46.7673675,-23.5466373]]}},{"type":"Feature","id":"way/965517474","properties":{"highway":"service","id":"way/965517474"},"geometry":{"type":"LineString","coordinates":[[-46.7673679,-23.5466974],[-46.767319,-23.5467146],[-46.7668667,-23.5468948],[-46.7668122,-23.5469199],[-46.7667489,-23.5469483],[-46.7667007,-23.5469581],[-46.7666128,-23.5469163],[-46.7665672,-23.5469212],[-46.7665324,-23.5469446],[-46.7662467,-23.5474708]]}},{"type":"Feature","id":"way/965517475","properties":{"highway":"service","id":"way/965517475"},"geometry":{"type":"LineString","coordinates":[[-46.7668143,-23.5467535],[-46.7668667,-23.5468948],[-46.7669271,-23.5470518],[-46.7669146,-23.5470731],[-46.7668717,-23.5470903],[-46.7667409,-23.5471327]]}},{"type":"Feature","id":"way/965517476","properties":{"highway":"service","id":"way/965517476"},"geometry":{"type":"LineString","coordinates":[[-46.7668143,-23.5467535],[-46.7667308,-23.5465659],[-46.7667241,-23.5464946],[-46.7667644,-23.5464503],[-46.7670755,-23.5463249],[-46.7675811,-23.5461258],[-46.7677112,-23.5460323],[-46.7678185,-23.54587],[-46.768017,-23.5456487],[-46.7681068,-23.5456008],[-46.768202,-23.5455811],[-46.768493,-23.5455922]]}},{"type":"Feature","id":"way/965517477","properties":{"highway":"service","id":"way/965517477"},"geometry":{"type":"LineString","coordinates":[[-46.7690885,-23.5475457],[-46.7691059,-23.5473786]]}},{"type":"Feature","id":"way/965517478","properties":{"highway":"service","service":"parking_aisle","id":"way/965517478"},"geometry":{"type":"LineString","coordinates":[[-46.7686822,-23.5470749],[-46.7683978,-23.5471118],[-46.7682476,-23.5471437],[-46.7681591,-23.5472138],[-46.768139,-23.54729],[-46.7681994,-23.5473638],[-46.7683925,-23.5473675],[-46.7689236,-23.5473872],[-46.7691059,-23.5473786],[-46.7694627,-23.5473405],[-46.7696692,-23.5472372],[-46.7698677,-23.5470651],[-46.7699642,-23.5469261],[-46.7699669,-23.5468536],[-46.769928,-23.5468278],[-46.7698744,-23.5468266],[-46.7697672,-23.5468739]]}},{"type":"Feature","id":"way/965517479","properties":{"highway":"service","id":"way/965517479"},"geometry":{"type":"LineString","coordinates":[[-46.7706157,-23.5463747],[-46.7705282,-23.5461325],[-46.7705282,-23.5460957],[-46.770549,-23.5460625],[-46.7709627,-23.5459635]]}},{"type":"Feature","id":"way/965517480","properties":{"highway":"service","id":"way/965517480"},"geometry":{"type":"LineString","coordinates":[[-46.7693232,-23.5486867],[-46.769405,-23.5486117],[-46.7694721,-23.5485809],[-46.7695485,-23.5485945],[-46.7697537,-23.5486744],[-46.7701265,-23.5487162]]}},{"type":"Feature","id":"way/965517482","properties":{"highway":"residential","name":"Praça Josefa Poli Pregnolato","id":"way/965517482"},"geometry":{"type":"LineString","coordinates":[[-46.7760493,-23.5463959],[-46.7762138,-23.5464012],[-46.776371,-23.54639]]}},{"type":"Feature","id":"way/965518848","properties":{"access":"private","highway":"residential","horse":"no","maxspeed":"30","name":"Alameda Sapucaia","surface":"paved","id":"way/965518848"},"geometry":{"type":"LineString","coordinates":[[-46.769497,-23.5591962],[-46.7694836,-23.5591776],[-46.7694799,-23.5591547],[-46.7694853,-23.559133],[-46.7695813,-23.5588856],[-46.769694,-23.5587403]]}},{"type":"Feature","id":"way/965518849","properties":{"access":"permissive","highway":"residential","maxspeed":"30","name":"Alameda Jequitibá","surface":"paved","id":"way/965518849"},"geometry":{"type":"LineString","coordinates":[[-46.770348,-23.5592],[-46.7704117,-23.5591233]]}},{"type":"Feature","id":"way/965541335","properties":{"highway":"service","id":"way/965541335"},"geometry":{"type":"LineString","coordinates":[[-46.7749024,-23.5484578],[-46.7749344,-23.5483892],[-46.7749035,-23.5480326],[-46.774862,-23.5478513],[-46.7748318,-23.5478175],[-46.7747761,-23.547788],[-46.7738816,-23.5475322],[-46.7737716,-23.5475126],[-46.773667,-23.547515],[-46.7735517,-23.5475212]]}},{"type":"Feature","id":"way/965541336","properties":{"highway":"service","id":"way/965541336"},"geometry":{"type":"LineString","coordinates":[[-46.7722515,-23.5499314],[-46.7726505,-23.5500538],[-46.7727459,-23.550077],[-46.7728932,-23.5501128],[-46.7731011,-23.5501116],[-46.7732359,-23.5500298],[-46.7734156,-23.5499001],[-46.7735524,-23.5498227],[-46.773726,-23.549787],[-46.7738374,-23.5497802],[-46.7740432,-23.5498251],[-46.774349,-23.5499493],[-46.7745575,-23.5500187],[-46.7746018,-23.5500175],[-46.774625,-23.5499897]]}},{"type":"Feature","id":"way/965541338","properties":{"highway":"service","id":"way/965541338"},"geometry":{"type":"LineString","coordinates":[[-46.7690663,-23.5571386],[-46.7689846,-23.5571171],[-46.7688149,-23.5570667],[-46.7687767,-23.5570692],[-46.7687324,-23.5570938],[-46.7686647,-23.5572481]]}},{"type":"Feature","id":"way/965541340","properties":{"highway":"service","id":"way/965541340"},"geometry":{"type":"LineString","coordinates":[[-46.770726,-23.5561484],[-46.7708399,-23.5561782]]}},{"type":"Feature","id":"way/965541341","properties":{"highway":"residential","id":"way/965541341"},"geometry":{"type":"LineString","coordinates":[[-46.7707662,-23.5563113],[-46.770671,-23.5562793]]}},{"type":"Feature","id":"way/965541342","properties":{"highway":"service","service":"driveway","id":"way/965541342"},"geometry":{"type":"LineString","coordinates":[[-46.7700149,-23.5546621],[-46.7702901,-23.5543738]]}},{"type":"Feature","id":"way/965541343","properties":{"highway":"service","id":"way/965541343"},"geometry":{"type":"LineString","coordinates":[[-46.7711793,-23.5540948],[-46.770907,-23.5543935],[-46.7704806,-23.5548926],[-46.7704189,-23.5549197],[-46.7703787,-23.5549197],[-46.7702394,-23.5548233],[-46.7700149,-23.5546621],[-46.7697215,-23.554439],[-46.7696947,-23.5543775],[-46.7697161,-23.554305],[-46.7699026,-23.5541132],[-46.7701245,-23.5538305]]}},{"type":"Feature","id":"way/965541344","properties":{"highway":"service","id":"way/965541344"},"geometry":{"type":"LineString","coordinates":[[-46.771595,-23.5536711],[-46.7715606,-23.5537072],[-46.7713965,-23.5538796],[-46.7711793,-23.5540948]]}},{"type":"Feature","id":"way/965541345","properties":{"highway":"service","id":"way/965541345"},"geometry":{"type":"LineString","coordinates":[[-46.7701245,-23.5538305],[-46.7703666,-23.5535981],[-46.7704377,-23.5535674],[-46.7705087,-23.5535686],[-46.7706053,-23.5536399],[-46.7708698,-23.5538495],[-46.7711793,-23.5540948]]}},{"type":"Feature","id":"way/965541346","properties":{"highway":"service","id":"way/965541346"},"geometry":{"type":"LineString","coordinates":[[-46.770021,-23.5537321],[-46.7700956,-23.553803],[-46.7701245,-23.5538305]]}},{"type":"Feature","id":"way/965568432","properties":{"highway":"service","service":"driveway","id":"way/965568432"},"geometry":{"type":"LineString","coordinates":[[-46.765312,-23.5578764],[-46.7655078,-23.5578369],[-46.765717,-23.5577042],[-46.7658135,-23.5575775],[-46.7658618,-23.5573845],[-46.7658404,-23.5572247],[-46.7657948,-23.5570833]]}},{"type":"Feature","id":"way/965568433","properties":{"highway":"residential","name":"Rua Eutiquiano Bonfa","id":"way/965568433"},"geometry":{"type":"LineString","coordinates":[[-46.76403,-23.5510606],[-46.7633608,-23.5515216]]}},{"type":"Feature","id":"way/965568434","properties":{"highway":"service","service":"driveway","id":"way/965568434"},"geometry":{"type":"LineString","coordinates":[[-46.7652824,-23.5511528],[-46.7655614,-23.5509476],[-46.7656606,-23.5508799]]}},{"type":"Feature","id":"way/965568435","properties":{"highway":"service","id":"way/965568435"},"geometry":{"type":"LineString","coordinates":[[-46.7769641,-23.5495534],[-46.7767295,-23.5495909],[-46.7766522,-23.5496057]]}},{"type":"Feature","id":"way/965568436","properties":{"highway":"service","id":"way/965568436"},"geometry":{"type":"LineString","coordinates":[[-46.7751518,-23.5488678],[-46.7752284,-23.5488726],[-46.7752562,-23.5488865],[-46.775277,-23.5489166],[-46.7755567,-23.5499235],[-46.7755835,-23.5499542],[-46.7756425,-23.549964],[-46.7763479,-23.5498054],[-46.7763869,-23.5497953]]}},{"type":"Feature","id":"way/965568437","properties":{"highway":"service","id":"way/965568437"},"geometry":{"type":"LineString","coordinates":[[-46.7679433,-23.5483916],[-46.7680398,-23.548431],[-46.7682651,-23.5484174],[-46.7684729,-23.548367],[-46.7685092,-23.5483387],[-46.7685373,-23.5482441],[-46.7685078,-23.5481961],[-46.7684367,-23.5481691]]}},{"type":"Feature","id":"way/965568438","properties":{"access":"private","highway":"service","service":"driveway","surface":"paved","id":"way/965568438"},"geometry":{"type":"LineString","coordinates":[[-46.7764753,-23.5445336],[-46.7767938,-23.544707]]}},{"type":"Feature","id":"way/965568439","properties":{"highway":"service","id":"way/965568439"},"geometry":{"type":"LineString","coordinates":[[-46.7696444,-23.5415655],[-46.7695961,-23.5414347],[-46.7695552,-23.5413143]]}},{"type":"Feature","id":"way/965568440","properties":{"highway":"service","id":"way/965568440"},"geometry":{"type":"LineString","coordinates":[[-46.7681819,-23.5411958],[-46.7681316,-23.5411261],[-46.7681061,-23.5411022],[-46.768084,-23.5410966],[-46.7678433,-23.5412264],[-46.7678359,-23.5412399],[-46.7678386,-23.5412528],[-46.7678976,-23.5413505],[-46.7679124,-23.5413604],[-46.7679312,-23.5413591]]}},{"type":"Feature","id":"way/965568441","properties":{"highway":"service","id":"way/965568441"},"geometry":{"type":"LineString","coordinates":[[-46.7667899,-23.5434198],[-46.7667523,-23.5433669],[-46.7667456,-23.5433214],[-46.7667751,-23.5432747],[-46.7672002,-23.5428898]]}},{"type":"Feature","id":"way/965568442","properties":{"highway":"service","id":"way/965568442"},"geometry":{"type":"LineString","coordinates":[[-46.7649814,-23.5443117],[-46.764982,-23.5443357],[-46.764972,-23.5443603],[-46.7647178,-23.5445398],[-46.764689,-23.5445398],[-46.7646555,-23.5445355]]}},{"type":"Feature","id":"way/965568443","properties":{"highway":"service","service":"parking_aisle","id":"way/965568443"},"geometry":{"type":"LineString","coordinates":[[-46.7648788,-23.5441884],[-46.7645462,-23.5444048]]}},{"type":"Feature","id":"way/965586909","properties":{"highway":"service","id":"way/965586909"},"geometry":{"type":"LineString","coordinates":[[-46.7658484,-23.5441537],[-46.7657914,-23.5440953],[-46.7655078,-23.5437738]]}},{"type":"Feature","id":"way/967469670","properties":{"highway":"service","id":"way/967469670"},"geometry":{"type":"LineString","coordinates":[[-46.763299,-23.5588499],[-46.7636208,-23.5591253],[-46.7636277,-23.5592]]}},{"type":"Feature","id":"way/967469671","properties":{"highway":"service","id":"way/967469671"},"geometry":{"type":"LineString","coordinates":[[-46.7629731,-23.5579962],[-46.7629878,-23.5580582],[-46.7630857,-23.5582918],[-46.7631944,-23.558518],[-46.763299,-23.5588499],[-46.7631682,-23.5592]]}},{"type":"Feature","id":"way/967469671","properties":{"highway":"service","id":"way/967469671"},"geometry":{"type":"LineString","coordinates":[[-46.761948,-23.5592],[-46.7618975,-23.5591462],[-46.7617996,-23.5590859],[-46.7616494,-23.5590466],[-46.7610499,-23.5589163],[-46.760433,-23.5587983],[-46.7603245,-23.5587895]]}},{"type":"Feature","id":"way/967745946","properties":{"highway":"service","id":"way/967745946"},"geometry":{"type":"LineString","coordinates":[[-46.7666263,-23.5357648],[-46.76646,-23.5358265],[-46.7663396,-23.5358712],[-46.7662072,-23.5359204]]}},{"type":"Feature","id":"way/967848433","properties":{"highway":"service","service":"driveway","id":"way/967848433"},"geometry":{"type":"LineString","coordinates":[[-46.7751154,-23.5376214],[-46.7753676,-23.5376091],[-46.7754829,-23.537646],[-46.7755607,-23.537769],[-46.7756775,-23.5380889]]}},{"type":"Feature","id":"way/967848434","properties":{"highway":"service","id":"way/967848434"},"geometry":{"type":"LineString","coordinates":[[-46.7785698,-23.5358235],[-46.7784897,-23.535798],[-46.7783917,-23.5356]]}},{"type":"Feature","id":"way/968070812","properties":{"highway":"service","id":"way/968070812"},"geometry":{"type":"LineString","coordinates":[[-46.7622596,-23.5568854],[-46.762336,-23.556792],[-46.7623602,-23.5567502],[-46.7623615,-23.5566813],[-46.7623012,-23.5565375],[-46.7622824,-23.5564797],[-46.7622958,-23.556433],[-46.7623495,-23.5564047],[-46.762442,-23.5564133],[-46.7626083,-23.5565363],[-46.762674,-23.5565387],[-46.7627384,-23.5565178],[-46.7629677,-23.5561552]]}},{"type":"Feature","id":"way/968070813","properties":{"access":"private","highway":"service","id":"way/968070813"},"geometry":{"type":"LineString","coordinates":[[-46.7619807,-23.556417],[-46.7621389,-23.5562253],[-46.7623414,-23.5559806],[-46.7623588,-23.5559339],[-46.7623441,-23.5558982],[-46.7620692,-23.5557642]]}},{"type":"Feature","id":"way/968139257","properties":{"access":"customers","highway":"service","layer":"-1","service":"driveway","surface":"paved","id":"way/968139257"},"geometry":{"type":"LineString","coordinates":[[-46.7690015,-23.5392753],[-46.7689745,-23.5393907],[-46.7689088,-23.539462],[-46.7688069,-23.5394928],[-46.7686419,-23.5395296],[-46.7683589,-23.5395899],[-46.7683402,-23.5396194],[-46.7683227,-23.5397374],[-46.7683361,-23.5398186],[-46.76843,-23.5399342],[-46.768544,-23.5399637],[-46.7685977,-23.5399501],[-46.7687988,-23.5398985]]}},{"type":"Feature","id":"way/968515880","properties":{"highway":"residential","horse":"no","maxspeed":"60","name":"Rua Machado de Assis","oneway":"yes","surface":"asphalt","id":"way/968515880"},"geometry":{"type":"LineString","coordinates":[[-46.7778245,-23.5400269],[-46.7775794,-23.540622]]}},{"type":"Feature","id":"way/972351458","properties":{"highway":"primary","horse":"no","lanes":"3","lit":"yes","maxspeed":"50","name":"Rua Aurora Soares Barbosa","oneway":"yes","surface":"asphalt","id":"way/972351458"},"geometry":{"type":"LineString","coordinates":[[-46.7750591,-23.5477554],[-46.774925,-23.5477179]]}},{"type":"Feature","id":"way/978553238","properties":{"highway":"primary_link","lanes":"2","motorroad":"no","oneway":"yes","surface":"paved","id":"way/978553238"},"geometry":{"type":"LineString","coordinates":[[-46.7622648,-23.5458453],[-46.7621496,-23.5459745],[-46.7619216,-23.5462635],[-46.7617292,-23.5465499],[-46.7616534,-23.5466077]]}},{"type":"Feature","id":"way/978553239","properties":{"highway":"primary","lanes":"4","maxspeed":"60","name":"Avenida dos Autonomistas","oneway":"yes","surface":"asphalt","id":"way/978553239"},"geometry":{"type":"LineString","coordinates":[[-46.7625506,-23.5453352],[-46.7622648,-23.5458453]]}},{"type":"Feature","id":"way/978553241","properties":{"highway":"primary","lanes":"4","maxspeed":"60","name":"Avenida dos Autonomistas","oneway":"yes","surface":"asphalt","id":"way/978553241"},"geometry":{"type":"LineString","coordinates":[[-46.7626583,-23.5451432],[-46.7626228,-23.5452073],[-46.7625506,-23.5453352]]}},{"type":"Feature","id":"way/983229078","properties":{"highway":"primary","lanes":"3","lit":"yes","maxspeed":"60","name":"Avenida dos Autonomistas","oneway":"yes","surface":"asphalt","id":"way/983229078"},"geometry":{"type":"LineString","coordinates":[[-46.7664487,-23.541952],[-46.7666963,-23.5417774],[-46.7669105,-23.5416431],[-46.7679966,-23.5408083],[-46.7680648,-23.5407573],[-46.7682032,-23.5406538]]}},{"type":"Feature","id":"way/983229079","properties":{"highway":"primary","lanes":"3","lit":"yes","maxspeed":"60","name":"Avenida dos Autonomistas","oneway":"yes","surface":"asphalt","id":"way/983229079"},"geometry":{"type":"LineString","coordinates":[[-46.765713,-23.5424708],[-46.7657634,-23.5424352],[-46.7664487,-23.541952]]}},{"type":"Feature","id":"way/997044647","properties":{"boat":"no","name":"Ribeirão Bussocaba","waterway":"river","id":"way/997044647"},"geometry":{"type":"LineString","coordinates":[[-46.7792,-23.5534412],[-46.7791228,-23.5533911],[-46.778905,-23.553219],[-46.7778725,-23.5522887],[-46.7776305,-23.5520466],[-46.7774046,-23.5517536],[-46.7772433,-23.5515008],[-46.7771061,-23.5512265],[-46.7769797,-23.5509603],[-46.7768775,-23.5507183],[-46.7767754,-23.5504333],[-46.7766803,-23.5501002],[-46.7765575,-23.5496983],[-46.7764942,-23.5494713],[-46.7763938,-23.549222],[-46.77623,-23.5488201],[-46.776137,-23.5485819],[-46.7760589,-23.5484033],[-46.7759398,-23.548221],[-46.7758095,-23.548061],[-46.7756495,-23.5478972],[-46.7754597,-23.5477595],[-46.7752662,-23.5476516],[-46.7750318,-23.5475735],[-46.7739601,-23.5472497],[-46.7733386,-23.5470823],[-46.7731786,-23.5470265],[-46.7730335,-23.5469558],[-46.772907,-23.5468739],[-46.7728028,-23.5467883],[-46.7726874,-23.5466804],[-46.7725795,-23.5465501],[-46.7725013,-23.5464273],[-46.7724344,-23.5463008],[-46.7723773,-23.5461492],[-46.7722847,-23.5458028],[-46.7721118,-23.5452061],[-46.772079,-23.5450131],[-46.7720608,-23.5448274],[-46.7720717,-23.5446526],[-46.7720826,-23.5444778],[-46.77213,-23.5442629],[-46.7722683,-23.5436839],[-46.7724643,-23.5427957]]}},{"type":"Feature","id":"way/997044648","properties":{"footway":"crossing","highway":"footway","surface":"asphalt","id":"way/997044648"},"geometry":{"type":"LineString","coordinates":[[-46.7779158,-23.552271],[-46.7779814,-23.5522163]]}},{"type":"Feature","id":"way/997044649","properties":{"bridge":"yes","footway":"crossing","highway":"footway","layer":"1","surface":"asphalt","id":"way/997044649"},"geometry":{"type":"LineString","coordinates":[[-46.7778291,-23.5523432],[-46.7779158,-23.552271]]}},{"type":"Feature","id":"way/1059373244","properties":{"highway":"service","id":"way/1059373244"},"geometry":{"type":"LineString","coordinates":[[-46.7730246,-23.5484346],[-46.7729992,-23.5484408],[-46.7729509,-23.5484617],[-46.7728879,-23.5484998],[-46.7722481,-23.5492185],[-46.7716927,-23.5498309]]}},{"type":"Feature","id":"way/1147080206","properties":{"highway":"residential","lanes":"2","name":"Rua Ouro Fino","oneway":"no","surface":"asphalt","id":"way/1147080206"},"geometry":{"type":"LineString","coordinates":[[-46.7784513,-23.5483125],[-46.7782006,-23.5484654],[-46.7781792,-23.5484832],[-46.7781685,-23.5485053],[-46.7781638,-23.5485367],[-46.7782295,-23.5486532],[-46.7782355,-23.548675],[-46.7782415,-23.5486953],[-46.7782368,-23.5487307],[-46.7780605,-23.5488111]]}},{"type":"Feature","id":"way/1155217494","properties":{"access":"no","covered":"yes","highway":"busway","layer":"-1","name":"Plataforma B","oneway":"yes","surface":"concrete","id":"way/1155217494"},"geometry":{"type":"LineString","coordinates":[[-46.7613164,-23.5467467],[-46.76,-23.5480421]]}},{"type":"Feature","id":"way/1155217495","properties":{"access":"no","covered":"yes","highway":"busway","layer":"-1","name":"Plataforma C","oneway":"yes","surface":"concrete","id":"way/1155217495"},"geometry":{"type":"LineString","coordinates":[[-46.7614051,-23.546821],[-46.7600374,-23.5481704]]}},{"type":"Feature","id":"way/1155217496","properties":{"access":"no","covered":"yes","highway":"busway","layer":"-1","name":"Plataforma D","oneway":"yes","surface":"concrete","id":"way/1155217496"},"geometry":{"type":"LineString","coordinates":[[-46.7614092,-23.5470026],[-46.7603173,-23.5480622]]}},{"type":"Feature","id":"way/1155217497","properties":{"access":"no","covered":"yes","highway":"busway","layer":"-1","name":"Plataforma E","oneway":"yes","surface":"concrete","id":"way/1155217497"},"geometry":{"type":"LineString","coordinates":[[-46.7612953,-23.5472495],[-46.7605763,-23.5479621]]}},{"type":"Feature","id":"way/1155217498","properties":{"access":"no","covered":"no","highway":"busway","oneway":"yes","surface":"concrete","id":"way/1155217498"},"geometry":{"type":"LineString","coordinates":[[-46.7615274,-23.5467466],[-46.7614092,-23.5470026],[-46.7612953,-23.5472495]]}},{"type":"Feature","id":"way/1155217499","properties":{"access":"no","covered":"no","highway":"busway","layer":"-1","oneway":"yes","surface":"concrete","id":"way/1155217499"},"geometry":{"type":"LineString","coordinates":[[-46.7605763,-23.5479621],[-46.7603173,-23.5480622],[-46.7600374,-23.5481704],[-46.76,-23.5481849]]}},{"type":"Feature","id":"way/1155217708","properties":{"access":"no","bus":"yes","covered":"no","highway":"busway","oneway":"yes","surface":"concrete","id":"way/1155217708"},"geometry":{"type":"LineString","coordinates":[[-46.7613164,-23.5467467],[-46.7612189,-23.5467036],[-46.7611679,-23.5467184]]}},{"type":"Feature","id":"way/1163644676","properties":{"footway":"sidewalk","highway":"footway","surface":"concrete","id":"way/1163644676"},"geometry":{"type":"LineString","coordinates":[[-46.7626294,-23.5356],[-46.7634142,-23.5357663],[-46.763792,-23.5357923],[-46.7639478,-23.5357837],[-46.7642273,-23.5357114],[-46.7646668,-23.5356]]}},{"type":"Feature","id":"way/1231109185","properties":{"highway":"service","id":"way/1231109185"},"geometry":{"type":"LineString","coordinates":[[-46.7745226,-23.5493325],[-46.7740724,-23.5493857]]}},{"type":"Feature","id":"way/1238989916","properties":{"footway":"crossing","highway":"footway","id":"way/1238989916"},"geometry":{"type":"LineString","coordinates":[[-46.773767,-23.5473263],[-46.773749,-23.5473727]]}},{"type":"Feature","id":"way/1238989917","properties":{"bridge":"yes","footway":"crossing","highway":"footway","layer":"1","id":"way/1238989917"},"geometry":{"type":"LineString","coordinates":[[-46.7738166,-23.5471763],[-46.773767,-23.5473263]]}},{"type":"Feature","id":"way/1247472685","properties":{"highway":"service","id":"way/1247472685"},"geometry":{"type":"LineString","coordinates":[[-46.7619121,-23.5564959],[-46.7619807,-23.556417]]}},{"type":"Feature","id":"way/1268488208","properties":{"crossing":"uncontrolled","crossing:markings":"yes","footway":"crossing","highway":"footway","id":"way/1268488208"},"geometry":{"type":"LineString","coordinates":[[-46.7721377,-23.5396545],[-46.772008,-23.5396521]]}},{"type":"Feature","id":"way/1268488209","properties":{"crossing":"uncontrolled","crossing:markings":"yes","footway":"crossing","highway":"footway","id":"way/1268488209"},"geometry":{"type":"LineString","coordinates":[[-46.7730433,-23.5386508],[-46.7730348,-23.5385053]]}},{"type":"Feature","id":"way/1268488210","properties":{"crossing":"uncontrolled","crossing:markings":"zebra","footway":"crossing","highway":"footway","surface":"asphalt","id":"way/1268488210"},"geometry":{"type":"LineString","coordinates":[[-46.7759638,-23.5381729],[-46.7759467,-23.5381107],[-46.7759181,-23.5380128],[-46.7759012,-23.5379445]]}},{"type":"Feature","id":"way/1268488211","properties":{"crossing":"uncontrolled","crossing:markings":"zebra","footway":"crossing","highway":"footway","surface":"asphalt","id":"way/1268488211"},"geometry":{"type":"LineString","coordinates":[[-46.7762731,-23.5380693],[-46.7762569,-23.5380089],[-46.7762431,-23.5379657],[-46.7762279,-23.5379146],[-46.7762157,-23.5378713]]}},{"type":"Feature","id":"way/1268488213","properties":{"crossing":"uncontrolled","crossing:markings":"yes","footway":"crossing","highway":"footway","id":"way/1268488213"},"geometry":{"type":"LineString","coordinates":[[-46.7783547,-23.5372535],[-46.7783922,-23.5373397]]}},{"type":"Feature","id":"way/1283837667","properties":{"highway":"service","id":"way/1283837667"},"geometry":{"type":"LineString","coordinates":[[-46.7720108,-23.5540235],[-46.7720751,-23.5540825],[-46.7721167,-23.5541427],[-46.7721623,-23.5542226],[-46.7722602,-23.5543038],[-46.7726961,-23.5546406]]}},{"type":"Feature","id":"way/1284087316","properties":{"highway":"service","oneway":"yes","id":"way/1284087316"},"geometry":{"type":"LineString","coordinates":[[-46.7725104,-23.5360467],[-46.7725204,-23.5359542],[-46.7725284,-23.5358656]]}},{"type":"Feature","id":"way/1284087317","properties":{"highway":"service","oneway":"yes","id":"way/1284087317"},"geometry":{"type":"LineString","coordinates":[[-46.772512,-23.5363841],[-46.7724989,-23.5362561],[-46.7725104,-23.5360467]]}},{"type":"Feature","id":"way/1284087319","properties":{"access":"customers","highway":"service","oneway":"yes","surface":"paved","id":"way/1284087319"},"geometry":{"type":"LineString","coordinates":[[-46.7725284,-23.5358656],[-46.7725459,-23.5357808],[-46.772566,-23.5356665],[-46.772578,-23.5356]]}},{"type":"Feature","id":"way/1286929585","properties":{"bridge":"yes","foot":"no","highway":"unclassified","horse":"no","layer":"1","maxspeed":"40","oneway":"yes","id":"way/1286929585"},"geometry":{"type":"LineString","coordinates":[[-46.7729748,-23.5356551],[-46.7728812,-23.5356222],[-46.7728429,-23.5356]]}},{"type":"Feature","id":"way/1286929587","properties":{"foot":"no","highway":"unclassified","horse":"no","maxspeed":"40","oneway":"yes","id":"way/1286929587"},"geometry":{"type":"LineString","coordinates":[[-46.7730312,-23.5356686],[-46.7729748,-23.5356551]]}},{"type":"Feature","id":"way/1286929588","properties":{"highway":"residential","name":"Rua Nelson Camargo","note":"There is a slight spelling difference between IGBE data (Rua Nelson de Camargo) and OSM data (Rua Nelson Camargo)","oneway":"yes","surface":"asphalt","id":"way/1286929588"},"geometry":{"type":"LineString","coordinates":[[-46.7737509,-23.5385261],[-46.7737463,-23.5384565],[-46.7737417,-23.5383869],[-46.7737279,-23.538216],[-46.7736961,-23.5375757],[-46.773691,-23.5374728]]}},{"type":"Feature","id":"way/1286929589","properties":{"highway":"residential","name":"Rua Itabuna","oneway":"yes","surface":"asphalt","id":"way/1286929589"},"geometry":{"type":"LineString","coordinates":[[-46.7729334,-23.5374722],[-46.773691,-23.5374728]]}},{"type":"Feature","id":"way/1286929590","properties":{"highway":"residential","name":"Rua Nelson Camargo","note":"There is a slight spelling difference between IGBE data (Rua Nelson de Camargo) and OSM data (Rua Nelson Camargo)","oneway":"yes","surface":"asphalt","id":"way/1286929590"},"geometry":{"type":"LineString","coordinates":[[-46.773691,-23.5374728],[-46.7736942,-23.5373932]]}},{"type":"Feature","id":"way/1313243852","properties":{"highway":"tertiary","lanes":"2","name":"Rua Pedro Fioretti","surface":"paved","id":"way/1313243852"},"geometry":{"type":"LineString","coordinates":[[-46.7778904,-23.5356386],[-46.7779215,-23.5357221],[-46.7780327,-23.5360224],[-46.7781031,-23.5362125],[-46.7781457,-23.5363274],[-46.7781518,-23.536344],[-46.7781813,-23.5364239]]}},{"type":"Feature","id":"way/1338258670","properties":{"highway":"service","service":"driveway","surface":"paved","id":"way/1338258670"},"geometry":{"type":"LineString","coordinates":[[-46.7767938,-23.544707],[-46.7768869,-23.5447602]]}},{"type":"Feature","id":"way/1339809097","properties":{"highway":"service","oneway":"yes","service":"driveway","surface":"paved","id":"way/1339809097"},"geometry":{"type":"LineString","coordinates":[[-46.7648479,-23.5535625],[-46.7647854,-23.5535068]]}},{"type":"Feature","id":"way/1339809098","properties":{"access":"private","highway":"service","oneway":"yes","service":"driveway","surface":"paved","id":"way/1339809098"},"geometry":{"type":"LineString","coordinates":[[-46.7651054,-23.5532846],[-46.7652395,-23.5534211]]}},{"type":"Feature","id":"way/1348025017","properties":{"layer":"-1","name":"Córrego Continental","tunnel":"culvert","waterway":"stream","id":"way/1348025017"},"geometry":{"type":"LineString","coordinates":[[-46.76,-23.5371685],[-46.7608459,-23.5360738],[-46.7608175,-23.5356]]}},{"type":"Feature","id":"way/1351273655","properties":{"highway":"primary_link","oneway":"yes","id":"way/1351273655"},"geometry":{"type":"LineString","coordinates":[[-46.7723515,-23.544009],[-46.7723789,-23.544075],[-46.7723887,-23.5441215],[-46.77239,-23.5441525],[-46.7723903,-23.5441771],[-46.7723823,-23.5443566],[-46.7723702,-23.5447094],[-46.7723689,-23.5447725]]}},{"type":"Feature","id":"way/1352238989","properties":{"highway":"tertiary","horse":"no","lanes":"2","lit":"yes","name":"Rua Deputado Emílio Carlos","oneway":"yes","surface":"asphalt","id":"way/1352238989"},"geometry":{"type":"LineString","coordinates":[[-46.7626928,-23.54632],[-46.7623701,-23.5465595],[-46.7619133,-23.5469028]]}},{"type":"Feature","id":"way/1355287474","properties":{"highway":"path","id":"way/1355287474"},"geometry":{"type":"LineString","coordinates":[[-46.7606781,-23.5592],[-46.7606851,-23.5591886]]}},{"type":"Feature","id":"way/1356221263","properties":{"footway":"sidewalk","highway":"footway","surface":"concrete","id":"way/1356221263"},"geometry":{"type":"LineString","coordinates":[[-46.7792,-23.5361501],[-46.7787483,-23.5362943],[-46.7782793,-23.536444],[-46.7782569,-23.5364612],[-46.7782613,-23.5364867],[-46.7784733,-23.5370444],[-46.7784953,-23.5370962],[-46.7785139,-23.5371111],[-46.7785385,-23.5371219],[-46.7785678,-23.537121],[-46.7786151,-23.5371074],[-46.7792,-23.5369278]]}},{"type":"Feature","id":"way/1356221273","properties":{"footway":"sidewalk","highway":"footway","surface":"concrete","id":"way/1356221273"},"geometry":{"type":"LineString","coordinates":[[-46.778187,-23.5356],[-46.7780117,-23.5356561],[-46.7780063,-23.5356578],[-46.7779911,-23.5356732],[-46.7779728,-23.5357053],[-46.7781937,-23.536329],[-46.7781998,-23.5363464],[-46.7782166,-23.536366],[-46.7782501,-23.5363646],[-46.7787168,-23.5362161],[-46.7790142,-23.5361215],[-46.7792,-23.5360624]]}},{"type":"Feature","id":"way/1356221295","properties":{"crossing":"uncontrolled","crossing:markings":"zebra","footway":"crossing","highway":"footway","surface":"asphalt","id":"way/1356221295"},"geometry":{"type":"LineString","coordinates":[[-46.7781937,-23.536329],[-46.7781518,-23.536344],[-46.7781043,-23.5363599]]}},{"type":"Feature","id":"way/1356221296","properties":{"crossing":"uncontrolled","crossing:markings":"zebra","footway":"crossing","highway":"footway","surface":"asphalt","id":"way/1356221296"},"geometry":{"type":"LineString","coordinates":[[-46.7782501,-23.5363646],[-46.7782621,-23.5363981],[-46.7782793,-23.536444]]}},{"type":"Feature","id":"way/1356221297","properties":{"crossing":"uncontrolled","crossing:markings":"zebra","footway":"crossing","highway":"footway","surface":"asphalt","id":"way/1356221297"},"geometry":{"type":"LineString","coordinates":[[-46.7779728,-23.5357053],[-46.7779215,-23.5357221],[-46.7778586,-23.5357422]]}},{"type":"Feature","id":"way/1356221298","properties":{"crossing":"uncontrolled","crossing:markings":"zebra","footway":"crossing","highway":"footway","surface":"asphalt","id":"way/1356221298"},"geometry":{"type":"LineString","coordinates":[[-46.7780117,-23.5356561],[-46.7779922,-23.5356061],[-46.7779898,-23.5356]]}},{"type":"Feature","id":"way/1356304912","properties":{"crossing":"uncontrolled","crossing:markings":"zebra","footway":"crossing","highway":"footway","surface":"asphalt","id":"way/1356304912"},"geometry":{"type":"LineString","coordinates":[[-46.778371,-23.5371537],[-46.7784349,-23.5371355],[-46.7785139,-23.5371111]]}},{"type":"Feature","id":"way/1356313796","properties":{"crossing":"uncontrolled","crossing:markings":"zebra","footway":"crossing","highway":"footway","surface":"asphalt","id":"way/1356313796"},"geometry":{"type":"LineString","coordinates":[[-46.7759509,-23.5363048],[-46.7759432,-23.5362606],[-46.775935,-23.5362135]]}},{"type":"Feature","id":"way/1356434404","properties":{"highway":"path","id":"way/1356434404"},"geometry":{"type":"LineString","coordinates":[[-46.766962,-23.5589583],[-46.7669905,-23.5590173],[-46.7670787,-23.5592]]}},{"type":"Feature","id":"way/1361344415","properties":{"highway":"service","id":"way/1361344415"},"geometry":{"type":"LineString","coordinates":[[-46.7714205,-23.5369234],[-46.7714093,-23.5368167],[-46.7714173,-23.5367522],[-46.7714281,-23.5366624],[-46.771474,-23.5365265],[-46.7714851,-23.5365173],[-46.7715028,-23.5365084],[-46.7715286,-23.5364983],[-46.7715494,-23.5364768],[-46.7715555,-23.5364399],[-46.7715588,-23.5364079]]}},{"type":"Feature","id":"way/1361344416","properties":{"highway":"service","id":"way/1361344416"},"geometry":{"type":"LineString","coordinates":[[-46.7720474,-23.5356],[-46.7720094,-23.5363403],[-46.7718579,-23.5363612],[-46.7717144,-23.5363901],[-46.7715588,-23.5364079]]}},{"type":"Feature","id":"way/1361344417","properties":{"highway":"service","id":"way/1361344417"},"geometry":{"type":"LineString","coordinates":[[-46.7719034,-23.5356],[-46.7718579,-23.5363612]]}},{"type":"Feature","id":"way/1361344418","properties":{"highway":"service","id":"way/1361344418"},"geometry":{"type":"LineString","coordinates":[[-46.7717559,-23.5356],[-46.7717144,-23.5363901]]}},{"type":"Feature","id":"way/1361344419","properties":{"highway":"service","oneway":"yes","id":"way/1361344419"},"geometry":{"type":"LineString","coordinates":[[-46.7715588,-23.5364079],[-46.7715696,-23.5362849],[-46.7715856,-23.5361319],[-46.7716137,-23.5356]]}},{"type":"Feature","id":"way/1362352001","properties":{"gauge":"mista","name":"Ramal Industrial Jaguaré","operator":"EFS","railway":"razed","service":"spur","usage":"industrial","id":"way/1362352001"},"geometry":{"type":"LineString","coordinates":[[-46.7644607,-23.5356],[-46.7636378,-23.5358867],[-46.7631205,-23.5359667],[-46.7624142,-23.5357043],[-46.7622865,-23.5356]]}},{"type":"Feature","id":"way/1370957026","properties":{"layer":"-1","tunnel":"culvert","waterway":"stream","id":"way/1370957026"},"geometry":{"type":"LineString","coordinates":[[-46.7649102,-23.5467876],[-46.7652785,-23.5455798],[-46.7675023,-23.5439564],[-46.7714453,-23.5423026],[-46.7726446,-23.5415022]]}},{"type":"Feature","id":"way/1370957027","properties":{"layer":"-1","name":"Córrego Golfe Clube","tunnel":"culvert","waterway":"stream","id":"way/1370957027"},"geometry":{"type":"LineString","coordinates":[[-46.7623268,-23.5523281],[-46.7635825,-23.5521853],[-46.7649824,-23.5519048],[-46.7666185,-23.5512074],[-46.7688786,-23.5513151],[-46.770206,-23.5502906],[-46.7709003,-23.5493306],[-46.7714345,-23.548592],[-46.7726874,-23.5466804]]}},{"type":"Feature","id":"way/1370957028","properties":{"layer":"-1","name":"Córrego Golfe Clube","tunnel":"culvert","waterway":"stream","id":"way/1370957028"},"geometry":{"type":"LineString","coordinates":[[-46.7666242,-23.5592],[-46.7669355,-23.5580507],[-46.7671787,-23.5572887],[-46.7673484,-23.5558906],[-46.7669207,-23.5553669],[-46.767427,-23.554539],[-46.7677252,-23.5540516],[-46.7680328,-23.5535486],[-46.7689836,-23.5522512],[-46.7688786,-23.5513151]]}},{"type":"Feature","id":"way/1370957029","properties":{"layer":"-1","tunnel":"culvert","waterway":"stream","id":"way/1370957029"},"geometry":{"type":"LineString","coordinates":[[-46.7677374,-23.548506],[-46.7692164,-23.5487984],[-46.7709003,-23.5493306]]}},{"type":"Feature","id":"way/1370957030","properties":{"layer":"-1","name":"Córrego Olho d'Água","tunnel":"culvert","waterway":"stream","id":"way/1370957030"},"geometry":{"type":"LineString","coordinates":[[-46.7758656,-23.5592],[-46.7760307,-23.558871],[-46.7764926,-23.5581145],[-46.7777826,-23.5568737],[-46.7785765,-23.5561895],[-46.779169,-23.5559364],[-46.7792,-23.5559334]]}},{"type":"Feature","id":"way/1370957031","properties":{"layer":"-1","name":"Córrego Umuarama","tunnel":"culvert","waterway":"stream","id":"way/1370957031"},"geometry":{"type":"LineString","coordinates":[[-46.7730689,-23.5556586],[-46.7736458,-23.5553407],[-46.7739203,-23.5549947],[-46.7753194,-23.5531752],[-46.7772433,-23.5515008]]}},{"type":"Feature","id":"way/1376523483","properties":{"access":"private","highway":"service","service":"parking_aisle","id":"way/1376523483"},"geometry":{"type":"LineString","coordinates":[[-46.7641302,-23.5356],[-46.7641137,-23.5356788]]}},{"type":"Feature","id":"way/1377956775","properties":{"barrier":"wall","id":"way/1377956775"},"geometry":{"type":"LineString","coordinates":[[-46.7757015,-23.5425078],[-46.7755857,-23.5426497]]}},{"type":"Feature","id":"way/1378814683","properties":{"highway":"footway","id":"way/1378814683"},"geometry":{"type":"LineString","coordinates":[[-46.7717514,-23.5385214],[-46.7717224,-23.5385731]]}},{"type":"Feature","id":"way/1378823559","properties":{"access":"permit","highway":"service","service":"driveway","id":"way/1378823559"},"geometry":{"type":"LineString","coordinates":[[-46.7678174,-23.5580362],[-46.7679868,-23.5580597]]}},{"type":"Feature","id":"way/1378823560","properties":{"access":"permissive","highway":"service","id":"way/1378823560"},"geometry":{"type":"LineString","coordinates":[[-46.7676646,-23.558015],[-46.7677618,-23.5580285],[-46.7678174,-23.5580362]]}},{"type":"Feature","id":"way/1378823619","properties":{"highway":"service","service":"driveway","id":"way/1378823619"},"geometry":{"type":"LineString","coordinates":[[-46.7708698,-23.5538495],[-46.7706103,-23.5541401]]}},{"type":"Feature","id":"way/1378823620","properties":{"highway":"service","service":"driveway","id":"way/1378823620"},"geometry":{"type":"LineString","coordinates":[[-46.7703683,-23.5546844],[-46.7702394,-23.5548233]]}},{"type":"Feature","id":"way/1378823623","properties":{"highway":"footway","id":"way/1378823623"},"geometry":{"type":"LineString","coordinates":[[-46.76,-23.5478316],[-46.7602449,-23.5475927]]}},{"type":"Feature","id":"way/1378823625","properties":{"footway":"crossing","highway":"footway","id":"way/1378823625"},"geometry":{"type":"LineString","coordinates":[[-46.7602449,-23.5475927],[-46.7602813,-23.547623]]}},{"type":"Feature","id":"way/1378911880","properties":{"highway":"footway","id":"way/1378911880"},"geometry":{"type":"LineString","coordinates":[[-46.7657948,-23.5570833],[-46.7655913,-23.5567589],[-46.7654164,-23.5565114],[-46.7651339,-23.5563053],[-46.7650605,-23.5562108],[-46.7648981,-23.5560649],[-46.7647498,-23.5559905],[-46.7646827,-23.5559876],[-46.7646874,-23.5559418],[-46.7646515,-23.555886],[-46.7645906,-23.5558502],[-46.7645391,-23.5558288]]}},{"type":"Feature","id":"way/1378911881","properties":{"highway":"service","service":"driveway","id":"way/1378911881"},"geometry":{"type":"LineString","coordinates":[[-46.765312,-23.5578764],[-46.7653546,-23.5574924],[-46.7654011,-23.5572832],[-46.7652717,-23.5573045],[-46.7651802,-23.5573351],[-46.7651656,-23.5574018]]}},{"type":"Feature","id":"way/1378911882","properties":{"highway":"service","id":"way/1378911882"},"geometry":{"type":"LineString","coordinates":[[-46.7649713,-23.5579416],[-46.7652583,-23.5578873],[-46.7652739,-23.5578843],[-46.765312,-23.5578764]]}},{"type":"Feature","id":"way/1378911883","properties":{"highway":"footway","id":"way/1378911883"},"geometry":{"type":"LineString","coordinates":[[-46.7651802,-23.5573351],[-46.765106,-23.5572685],[-46.7649083,-23.5572259],[-46.7649331,-23.5571619],[-46.7650784,-23.5569301],[-46.7649432,-23.5568262],[-46.7649301,-23.5568182],[-46.7649447,-23.5567992],[-46.7649958,-23.5567328],[-46.7650246,-23.5566969],[-46.7650731,-23.5567333]]}},{"type":"Feature","id":"way/1378911884","properties":{"highway":"footway","id":"way/1378911884"},"geometry":{"type":"LineString","coordinates":[[-46.7649958,-23.5567328],[-46.7649483,-23.5566975]]}},{"type":"Feature","id":"way/1378911885","properties":{"highway":"footway","id":"way/1378911885"},"geometry":{"type":"LineString","coordinates":[[-46.7649447,-23.5567992],[-46.7648676,-23.5567526],[-46.7648433,-23.5567828]]}},{"type":"Feature","id":"way/1378913243","properties":{"highway":"secondary","lanes":"2","lit":"yes","maxspeed":"40","name":"Avenida Martin Luther King","name:etymology:wikidata":"Q8027","oneway":"yes","surface":"asphalt","id":"way/1378913243"},"geometry":{"type":"LineString","coordinates":[[-46.7684072,-23.5563725],[-46.7683643,-23.5564969]]}},{"type":"Feature","id":"way/1378913244","properties":{"highway":"secondary","lanes":"2","lit":"yes","maxspeed":"40","name":"Avenida Martin Luther King","name:etymology:wikidata":"Q8027","oneway":"yes","surface":"asphalt","id":"way/1378913244"},"geometry":{"type":"LineString","coordinates":[[-46.7682929,-23.5563081],[-46.7683683,-23.5561029],[-46.76866,-23.5553086],[-46.7686854,-23.5552562],[-46.7687486,-23.5551257],[-46.7688196,-23.5550078],[-46.7689482,-23.5549061]]}},{"type":"Feature","id":"way/1378913245","properties":{"highway":"secondary_link","lanes":"1","oneway":"yes","surface":"asphalt","id":"way/1378913245"},"geometry":{"type":"LineString","coordinates":[[-46.7683018,-23.5563917],[-46.7683356,-23.5563763],[-46.7683723,-23.5563695],[-46.7684072,-23.5563725]]}},{"type":"Feature","id":"way/1378913246","properties":{"highway":"secondary_link","lanes":"1","oneway":"yes","surface":"asphalt","id":"way/1378913246"},"geometry":{"type":"LineString","coordinates":[[-46.7683018,-23.5563917],[-46.7682953,-23.5563586],[-46.7682929,-23.5563081]]}},{"type":"Feature","id":"way/1378913247","properties":{"highway":"secondary","lanes":"2","lit":"yes","maxspeed":"40","name":"Avenida Martin Luther King","name:etymology:wikidata":"Q8027","oneway":"yes","surface":"asphalt","id":"way/1378913247"},"geometry":{"type":"LineString","coordinates":[[-46.7682461,-23.5564356],[-46.7682929,-23.5563081]]}},{"type":"Feature","id":"way/1378913248","properties":{"access":"private","highway":"residential","horse":"no","name":"Alameda Pinheiros","oneway":"yes","surface":"paved","id":"way/1378913248"},"geometry":{"type":"LineString","coordinates":[[-46.7685848,-23.5564197],[-46.7688548,-23.5564941],[-46.7690437,-23.5565461],[-46.7692685,-23.5566081],[-46.7696253,-23.556723],[-46.7697839,-23.5567711],[-46.7698757,-23.5568049],[-46.769989,-23.5568528],[-46.7701761,-23.5569469],[-46.7703243,-23.557036],[-46.7706268,-23.5572253],[-46.7708018,-23.5573397],[-46.7709627,-23.5574521],[-46.7710868,-23.5575241],[-46.7712551,-23.5576089],[-46.771503,-23.5577138]]}},{"type":"Feature","id":"way/1378913249","properties":{"access":"private","highway":"residential","horse":"no","oneway":"yes","surface":"paved","id":"way/1378913249"},"geometry":{"type":"LineString","coordinates":[[-46.7688548,-23.5564941],[-46.7688649,-23.5565292],[-46.7688613,-23.5565811],[-46.7688339,-23.5566217],[-46.7687966,-23.5566496]]}},{"type":"Feature","id":"way/1378913250","properties":{"natural":"tree_row","id":"way/1378913250"},"geometry":{"type":"LineString","coordinates":[[-46.7686226,-23.5555934],[-46.7683502,-23.5563584]]}},{"type":"Feature","id":"way/1381587757","properties":{"name":"Crista de Osasco","natural":"ridge","id":"way/1381587757"},"geometry":{"type":"LineString","coordinates":[[-46.76,-23.5496642],[-46.76013,-23.549707],[-46.76,-23.5505045]]}},{"type":"Feature","id":"way/1381587757","properties":{"name":"Crista de Osasco","natural":"ridge","id":"way/1381587757"},"geometry":{"type":"LineString","coordinates":[[-46.76,-23.5552696],[-46.7600441,-23.5554901],[-46.7623616,-23.5567489],[-46.7638636,-23.5576144],[-46.7633406,-23.5592]]}},{"type":"Feature","id":"way/1382118658","properties":{"natural":"tree_row","id":"way/1382118658"},"geometry":{"type":"LineString","coordinates":[[-46.7681531,-23.5568775],[-46.7680524,-23.5571628]]}},{"type":"Feature","id":"way/1382118659","properties":{"natural":"tree_row","id":"way/1382118659"},"geometry":{"type":"LineString","coordinates":[[-46.7682886,-23.5565115],[-46.7681833,-23.5568021]]}},{"type":"Feature","id":"way/1382118660","properties":{"highway":"secondary_link","maxspeed":"40","name":"Avenida Martin Luther King","name:etymology:wikidata":"Q8027","oneway":"yes","id":"way/1382118660"},"geometry":{"type":"LineString","coordinates":[[-46.7686854,-23.5552562],[-46.7687146,-23.555231],[-46.7687314,-23.5552204],[-46.7687451,-23.5552176],[-46.7687619,-23.5552208],[-46.7687774,-23.5552271],[-46.7687877,-23.5552425],[-46.7687946,-23.5552681],[-46.7687959,-23.5552961],[-46.7687919,-23.5553354]]}},{"type":"Feature","id":"way/1384453170","properties":{"natural":"ridge","id":"way/1384453170"},"geometry":{"type":"LineString","coordinates":[[-46.7732011,-23.549046],[-46.7737675,-23.5521077],[-46.7706283,-23.555429],[-46.7702152,-23.558285],[-46.7707143,-23.5592]]}},{"type":"Feature","id":"way/1384453171","properties":{"natural":"ridge","id":"way/1384453171"},"geometry":{"type":"LineString","coordinates":[[-46.7766354,-23.554834],[-46.7738856,-23.5577116],[-46.7718557,-23.5580903],[-46.7708019,-23.5592]]}},{"type":"Feature","id":"way/1384453172","properties":{"natural":"ridge","id":"way/1384453172"},"geometry":{"type":"LineString","coordinates":[[-46.7792,-23.5570593],[-46.7784528,-23.5585554],[-46.7777006,-23.5592]]}},{"type":"Feature","id":"way/1384453181","properties":{"natural":"ridge","id":"way/1384453181"},"geometry":{"type":"LineString","coordinates":[[-46.76,-23.5586743],[-46.7627514,-23.5592]]}},{"type":"Feature","id":"way/1384453184","properties":{"natural":"ridge","id":"way/1384453184"},"geometry":{"type":"LineString","coordinates":[[-46.76013,-23.549707],[-46.76291,-23.5476287],[-46.76291,-23.5432794],[-46.7649989,-23.5427277],[-46.7662852,-23.540672],[-46.7652349,-23.5368418]]}},{"type":"Feature","id":"way/1384453185","properties":{"natural":"ridge","id":"way/1384453185"},"geometry":{"type":"LineString","coordinates":[[-46.7623081,-23.539828],[-46.7624143,-23.5430414],[-46.76291,-23.5432794]]}},{"type":"Feature","id":"way/1384453186","properties":{"natural":"ridge","id":"way/1384453186"},"geometry":{"type":"LineString","coordinates":[[-46.7710885,-23.5437879],[-46.7681145,-23.5467199],[-46.7664151,-23.5483644],[-46.7639249,-23.5482562],[-46.76291,-23.5476287]]}},{"type":"Feature","id":"way/1388014919","properties":{"crossing":"marked","crossing:markings":"yes","footway":"crossing","highway":"footway","surface":"asphalt","id":"way/1388014919"},"geometry":{"type":"LineString","coordinates":[[-46.7751774,-23.5476652],[-46.7751717,-23.5476807],[-46.7751275,-23.5477732],[-46.7751036,-23.5478386]]}},{"type":"Feature","id":"way/1388014920","properties":{"crossing":"marked","crossing:island":"yes","crossing:markings":"yes","footway":"crossing","highway":"footway","surface":"asphalt","id":"way/1388014920"},"geometry":{"type":"LineString","coordinates":[[-46.7754123,-23.5471976],[-46.7753625,-23.5472377],[-46.7753197,-23.5472721],[-46.7753175,-23.5472788],[-46.7752989,-23.547334],[-46.7752653,-23.5474255],[-46.7752318,-23.5475167],[-46.7752056,-23.5475883]]}},{"type":"Feature","id":"way/1390703973","properties":{"highway":"residential","name":"Rua Pedro Alexandre Brotto","oneway":"yes","surface":"asphalt","id":"way/1390703973"},"geometry":{"type":"LineString","coordinates":[[-46.7780434,-23.5502405],[-46.7786262,-23.5499759]]}},{"type":"Feature","id":"way/1396654923","properties":{"highway":"secondary","lanes":"2","name":"Avenida Doutor Cândido Mota Filho","oneway":"yes","sidewalk":"right","surface":"asphalt","id":"way/1396654923"},"geometry":{"type":"LineString","coordinates":[[-46.7624132,-23.55787],[-46.7623013,-23.5579196],[-46.7622314,-23.5579648],[-46.762155,-23.5580225]]}},{"type":"Feature","id":"way/1396654924","properties":{"highway":"secondary","lanes":"2","name":"Avenida Doutor Cândido Mota Filho","oneway":"yes","sidewalk":"right","surface":"asphalt","id":"way/1396654924"},"geometry":{"type":"LineString","coordinates":[[-46.7620931,-23.5579597],[-46.7621355,-23.5579198],[-46.7621986,-23.5578567],[-46.7622863,-23.5577526]]}},{"type":"Feature","id":"way/1414641416","properties":{"highway":"primary_link","oneway":"yes","id":"way/1414641416"},"geometry":{"type":"LineString","coordinates":[[-46.7682032,-23.5406538],[-46.7682362,-23.5405716],[-46.7682564,-23.5405175],[-46.7682724,-23.5404555],[-46.7682745,-23.5404143],[-46.7682738,-23.5403737],[-46.768269,-23.5402434]]}},{"type":"Feature","id":"way/1414641417","properties":{"access":"customers","highway":"service","oneway":"yes","id":"way/1414641417"},"geometry":{"type":"LineString","coordinates":[[-46.7676681,-23.5390199],[-46.7676734,-23.5389903],[-46.7676906,-23.5389649],[-46.7677171,-23.5389474],[-46.7677489,-23.5389406],[-46.7677811,-23.5389454],[-46.7678089,-23.5389612],[-46.7678279,-23.5389855],[-46.7678354,-23.5390146],[-46.7678301,-23.5390442],[-46.7678129,-23.5390696],[-46.7677864,-23.5390871],[-46.7677546,-23.5390939],[-46.7677224,-23.5390891],[-46.7676947,-23.5390733],[-46.7676756,-23.539049],[-46.7676681,-23.5390199]]}},{"type":"Feature","id":"way/1414647731","properties":{"highway":"footway","id":"way/1414647731"},"geometry":{"type":"LineString","coordinates":[[-46.768593,-23.5393669],[-46.7685977,-23.5393858],[-46.768534,-23.5393919],[-46.7683931,-23.5394424],[-46.7683382,-23.5394694],[-46.7683093,-23.5395026],[-46.7682503,-23.5395696],[-46.7681792,-23.5396434],[-46.7681551,-23.5396944],[-46.7681119,-23.539746]]}},{"type":"Feature","id":"way/1414654944","properties":{"highway":"footway","id":"way/1414654944"},"geometry":{"type":"LineString","coordinates":[[-46.7737733,-23.5478433],[-46.7736711,-23.5479779]]}},{"type":"Feature","id":"way/1414654945","properties":{"footway":"crossing","highway":"footway","id":"way/1414654945"},"geometry":{"type":"LineString","coordinates":[[-46.7736711,-23.5479779],[-46.7735822,-23.5479456],[-46.7734732,-23.54787],[-46.7734146,-23.5477895],[-46.7734079,-23.5477612],[-46.7733799,-23.5477334]]}},{"type":"Feature","id":"way/1414654946","properties":{"footway":"crossing","highway":"footway","id":"way/1414654946"},"geometry":{"type":"LineString","coordinates":[[-46.7735041,-23.5476404],[-46.7734518,-23.5476656],[-46.7733799,-23.5477334],[-46.7733045,-23.5478045],[-46.7731942,-23.5479591]]}},{"type":"Feature","id":"way/1414654947","properties":{"footway":"crossing","highway":"footway","id":"way/1414654947"},"geometry":{"type":"LineString","coordinates":[[-46.773667,-23.547515],[-46.7736509,-23.5475586],[-46.7736302,-23.5475759],[-46.7735202,-23.54763],[-46.7735041,-23.5476404],[-46.773549,-23.5476749],[-46.7737733,-23.5478433],[-46.7738367,-23.5478697],[-46.7738528,-23.5478439]]}},{"type":"Feature","id":"way/1417182603","properties":{"highway":"footway","id":"way/1417182603"},"geometry":{"type":"LineString","coordinates":[[-46.7736878,-23.5474517],[-46.773667,-23.547515]]}},{"type":"Feature","id":"way/1417182604","properties":{"highway":"steps","id":"way/1417182604"},"geometry":{"type":"LineString","coordinates":[[-46.7737193,-23.5474609],[-46.7736878,-23.5474517]]}},{"type":"Feature","id":"way/1417182605","properties":{"highway":"footway","id":"way/1417182605"},"geometry":{"type":"LineString","coordinates":[[-46.773749,-23.5473727],[-46.7737193,-23.5474609]]}},{"type":"Feature","id":"way/1418335661","properties":{"highway":"residential","id":"way/1418335661"},"geometry":{"type":"LineString","coordinates":[[-46.767253,-23.5482035],[-46.7668528,-23.5481124]]}},{"type":"Feature","id":"way/1442257998","properties":{"footway":"no","highway":"service","name":"Rua Cinco","id":"way/1442257998"},"geometry":{"type":"LineString","coordinates":[[-46.7674725,-23.5471425],[-46.7674326,-23.547145],[-46.7674107,-23.5471514]]}},{"type":"Feature","id":"way/1442257999","properties":{"footway":"no","highway":"service","name":"Rua Um","oneway":"yes","id":"way/1442257999"},"geometry":{"type":"LineString","coordinates":[[-46.7674998,-23.5471825],[-46.7674725,-23.5471425]]}},{"type":"Feature","id":"way/1442258000","properties":{"footway":"no","highway":"service","name":"Rua Três","oneway":"yes","id":"way/1442258000"},"geometry":{"type":"LineString","coordinates":[[-46.7674725,-23.5471425],[-46.7675553,-23.5471064]]}},{"type":"Feature","id":"way/1442258001","properties":{"footway":"no","highway":"service","id":"way/1442258001"},"geometry":{"type":"LineString","coordinates":[[-46.7674414,-23.5470768],[-46.7674725,-23.5471425]]}},{"type":"Feature","id":"way/1442258002","properties":{"highway":"footway","id":"way/1442258002"},"geometry":{"type":"LineString","coordinates":[[-46.7668122,-23.5469199],[-46.7668717,-23.5470903],[-46.7669308,-23.5473141]]}},{"type":"Feature","id":"way/1442258003","properties":{"footway":"crossing","highway":"footway","id":"way/1442258003"},"geometry":{"type":"LineString","coordinates":[[-46.7675553,-23.5471064],[-46.7675344,-23.5470485],[-46.7674414,-23.5470768],[-46.7673894,-23.5470926],[-46.7674107,-23.5471514],[-46.7674297,-23.5472038],[-46.7674998,-23.5471825],[-46.7675746,-23.5471597],[-46.7675553,-23.5471064]]}},{"type":"Feature","id":"way/1446243340","properties":{"footway":"crossing","highway":"footway","id":"way/1446243340"},"geometry":{"type":"LineString","coordinates":[[-46.772289,-23.5465745],[-46.7721771,-23.5463544]]}},{"type":"Feature","id":"way/1446251727","properties":{"footway":"crossing","highway":"footway","id":"way/1446251727"},"geometry":{"type":"LineString","coordinates":[[-46.7754857,-23.550413],[-46.7755044,-23.550489],[-46.7755133,-23.5505539]]}},{"type":"Feature","id":"way/1448305214","properties":{"highway":"service","name":"Passagem Pedro Marcondes","service":"alley","surface":"asphalt","id":"way/1448305214"},"geometry":{"type":"LineString","coordinates":[[-46.7636625,-23.5519151],[-46.7641041,-23.5516093]]}},{"type":"Feature","id":"way/1448305215","properties":{"highway":"residential","lanes":"2","lit":"yes","name":"Rua  Silvio Eloy","postal_code":"06026-075","related_law:url":"http://leismunicipa.is/0isdf","surface":"asphalt","id":"way/1448305215"},"geometry":{"type":"LineString","coordinates":[[-46.7631431,-23.5518781],[-46.762324,-23.5522114]]}},{"type":"Feature","id":"way/1448305216","properties":{"highway":"residential","name":"Rua Artur Eloy","id":"way/1448305216"},"geometry":{"type":"LineString","coordinates":[[-46.7631394,-23.5512328],[-46.762552,-23.5514959],[-46.7620826,-23.551695]]}},{"type":"Feature","id":"way/1458499517","properties":{"barrier":"kerb","footway":"sidewalk","height":"0,15","highway":"footway","surface":"concrete","id":"way/1458499517"},"geometry":{"type":"LineString","coordinates":[[-46.7727194,-23.539872],[-46.7726638,-23.5398557],[-46.7726177,-23.5398509],[-46.7725487,-23.539866],[-46.7725177,-23.5398599],[-46.7725117,-23.539846],[-46.7725122,-23.5398144],[-46.772513,-23.5397611],[-46.7725155,-23.5397473],[-46.772517,-23.5397387],[-46.7725355,-23.5397217],[-46.7725878,-23.5397223],[-46.7726975,-23.5397332],[-46.7727458,-23.5397362],[-46.772763,-23.5397599],[-46.7727621,-23.5397682],[-46.7727575,-23.5398094],[-46.7727544,-23.5398369],[-46.7727458,-23.5398642],[-46.7727194,-23.539872]]}},{"type":"Feature","id":"way/1458499518","properties":{"crossing":"uncontrolled","crossing:island":"yes","crossing:markings":"zebra","footway":"crossing","highway":"footway","surface":"asphalt","id":"way/1458499518"},"geometry":{"type":"LineString","coordinates":[[-46.7727621,-23.5397682],[-46.772825,-23.5397728],[-46.7729206,-23.5397797]]}},{"type":"Feature","id":"way/1458499519","properties":{"crossing":"uncontrolled","crossing:island":"yes","crossing:markings":"zebra","footway":"crossing","highway":"footway","surface":"asphalt","id":"way/1458499519"},"geometry":{"type":"LineString","coordinates":[[-46.7725155,-23.5397473],[-46.7724329,-23.5397378],[-46.7723708,-23.5397306]]}},{"type":"Feature","id":"way/1459130385","properties":{"crossing":"uncontrolled","crossing:markings":"zebra","footway":"crossing","highway":"footway","surface":"asphalt","id":"way/1459130385"},"geometry":{"type":"LineString","coordinates":[[-46.7750215,-23.5474894],[-46.7750305,-23.5474614],[-46.7750495,-23.5474025]]}},{"type":"Feature","id":"way/1459130386","properties":{"crossing":"uncontrolled","crossing:markings":"zebra","footway":"crossing","highway":"footway","surface":"asphalt","id":"way/1459130386"},"geometry":{"type":"LineString","coordinates":[[-46.7751717,-23.5476807],[-46.7750953,-23.5476562],[-46.7750082,-23.5476283]]}},{"type":"Feature","id":"way/1459130387","properties":{"crossing":"uncontrolled","crossing:markings":"zebra","footway":"crossing","highway":"footway","surface":"asphalt","id":"way/1459130387"},"geometry":{"type":"LineString","coordinates":[[-46.7752653,-23.5474255],[-46.7751857,-23.5474043],[-46.7751061,-23.5473852],[-46.7750495,-23.5474025]]}},{"type":"Feature","id":"way/1459283613","properties":{"access":"customers","highway":"service","oneway":"yes","id":"way/1459283613"},"geometry":{"type":"LineString","coordinates":[[-46.7721167,-23.5356],[-46.7721161,-23.5356437],[-46.7721254,-23.5357347]]}},{"type":"Feature","id":"way/1530738942","properties":{"bicycle":"yes","cycleway":"no","foot":"yes","highway":"primary","lanes":"3","lit":"yes","maxspeed":"50","name":"Avenida Prefeito Hirant Sanazar","oneway":"yes","surface":"asphalt","id":"way/1530738942"},"geometry":{"type":"LineString","coordinates":[[-46.7763721,-23.5497395],[-46.7762755,-23.5494501],[-46.7762312,-23.5493174],[-46.7761588,-23.5491366],[-46.7761232,-23.5490564],[-46.7759509,-23.5486682],[-46.7757873,-23.5483105],[-46.7757377,-23.548222],[-46.7756505,-23.548115],[-46.775558,-23.5480228],[-46.7754293,-23.5479306],[-46.775215,-23.5478171],[-46.7751275,-23.5477732],[-46.7750591,-23.5477554]]}},{"type":"Feature","id":"way/1531963384","properties":{"highway":"primary","lanes":"3","maxspeed":"60","name":"Avenida dos Autonomistas","oneway":"yes","sidewalk:right":"separate","surface":"asphalt","id":"way/1531963384"},"geometry":{"type":"LineString","coordinates":[[-46.7684971,-23.5405796],[-46.7684306,-23.5406269]]}},{"type":"Feature","id":"way/1531963385","properties":{"highway":"primary","lanes":"3","lit":"yes","maxspeed":"60","name":"Avenida dos Autonomistas","oneway":"yes","surface":"asphalt","id":"way/1531963385"},"geometry":{"type":"LineString","coordinates":[[-46.7684365,-23.540483],[-46.7686208,-23.5403594],[-46.7688596,-23.5402053]]}},{"type":"Feature","id":"way/1531963386","properties":{"highway":"primary","lanes":"3","lit":"yes","maxspeed":"60","name":"Avenida dos Autonomistas","oneway":"yes","sidewalk:right":"separate","surface":"asphalt","id":"way/1531963386"},"geometry":{"type":"LineString","coordinates":[[-46.7682032,-23.5406538],[-46.768357,-23.5405387],[-46.7683881,-23.540517],[-46.7684365,-23.540483]]}},{"type":"Feature","id":"way/1531963387","properties":{"highway":"service","oneway":"yes","service":"driveway","sidewalk:right":"separate","surface":"asphalt","id":"way/1531963387"},"geometry":{"type":"LineString","coordinates":[[-46.7684365,-23.540483],[-46.7683986,-23.5404335]]}},{"type":"Feature","id":"way/1531963388","properties":{"highway":"primary_link","lanes":"2","lit":"yes","noname":"yes","note":"Retorno","oneway":"yes","sidewalk:right":"separate","surface":"asphalt","id":"way/1531963388"},"geometry":{"type":"LineString","coordinates":[[-46.7685441,-23.5406617],[-46.7684971,-23.5405796],[-46.7684365,-23.540483]]}},{"type":"Feature","id":"way/1531963389","properties":{"footway":"crossing","highway":"footway","id":"way/1531963389"},"geometry":{"type":"LineString","coordinates":[[-46.7685441,-23.5406617],[-46.768483,-23.5406937],[-46.7684306,-23.5406269]]}},{"type":"Feature","id":"way/1531963390","properties":{"footway":"crossing","highway":"footway","id":"way/1531963390"},"geometry":{"type":"LineString","coordinates":[[-46.7683143,-23.5404833],[-46.768357,-23.5405387]]}},{"type":"Feature","id":"way/1531963391","properties":{"footway":"crossing","highway":"footway","id":"way/1531963391"},"geometry":{"type":"LineString","coordinates":[[-46.7682564,-23.5405175],[-46.7683143,-23.5404833],[-46.7683986,-23.5404335]]}},{"type":"Feature","id":"way/1536818196","properties":{"highway":"service","oneway":"yes","id":"way/1536818196"},"geometry":{"type":"LineString","coordinates":[[-46.7631607,-23.5393479],[-46.7631792,-23.5393918],[-46.7634551,-23.5400123],[-46.7634581,-23.5400545],[-46.7634343,-23.5400845],[-46.7633703,-23.5401063],[-46.7631696,-23.5401111]]}},{"type":"Feature","id":"way/1536818197","properties":{"highway":"service","id":"way/1536818197"},"geometry":{"type":"LineString","coordinates":[[-46.7630381,-23.5390344],[-46.7631607,-23.5393479]]}},{"type":"Feature","id":"way/1536818198","properties":{"highway":"service","id":"way/1536818198"},"geometry":{"type":"LineString","coordinates":[[-46.7630381,-23.5390344],[-46.7628173,-23.5390385]]}},{"type":"Feature","id":"way/1536818199","properties":{"highway":"service","oneway":"yes","id":"way/1536818199"},"geometry":{"type":"LineString","coordinates":[[-46.7626374,-23.5393073],[-46.7628017,-23.5393792],[-46.7628812,-23.5394276]]}},{"type":"Feature","id":"way/1536818200","properties":{"highway":"service","oneway":"yes","id":"way/1536818200"},"geometry":{"type":"LineString","coordinates":[[-46.7631792,-23.5393918],[-46.7634276,-23.5392279],[-46.7634395,-23.5392021],[-46.7634328,-23.5391768],[-46.7633726,-23.5390215],[-46.7633503,-23.5390078],[-46.7632878,-23.5390133],[-46.7630381,-23.5390344]]}},{"type":"Feature","id":"way/1536818201","properties":{"highway":"service","oneway":"yes","id":"way/1536818201"},"geometry":{"type":"LineString","coordinates":[[-46.7631696,-23.5401111],[-46.7628812,-23.5394276]]}},{"type":"Feature","id":"way/1536818202","properties":{"highway":"service","id":"way/1536818202"},"geometry":{"type":"LineString","coordinates":[[-46.7631696,-23.5401111],[-46.7628902,-23.5401377],[-46.7628597,-23.5401227],[-46.7628426,-23.5400954],[-46.7627326,-23.5398637],[-46.7627214,-23.5398276],[-46.762737,-23.5398099],[-46.7628991,-23.5397479]]}},{"type":"Feature","id":"way/1536818203","properties":{"highway":"service","oneway":"yes","id":"way/1536818203"},"geometry":{"type":"LineString","coordinates":[[-46.7628812,-23.5394276],[-46.7627831,-23.5394372],[-46.7625821,-23.5394221]]}},{"type":"Feature","id":"way/1536818204","properties":{"highway":"service","oneway":"yes","id":"way/1536818204"},"geometry":{"type":"LineString","coordinates":[[-46.7628812,-23.5394276],[-46.7629556,-23.5394079],[-46.7631607,-23.5393479]]}},{"type":"Feature","id":"way/1545304773","properties":{"highway":"footway","id":"way/1545304773"},"geometry":{"type":"LineString","coordinates":[[-46.7772546,-23.5467943],[-46.7768952,-23.546608]]}},{"type":"Feature","id":"way/1558167166","properties":{"access":"private","highway":"service","id":"way/1558167166"},"geometry":{"type":"LineString","coordinates":[[-46.7642419,-23.5356168],[-46.7642457,-23.5356]]}},{"type":"Feature","id":"way/1564013637","properties":{"highway":"service","id":"way/1564013637"},"geometry":{"type":"LineString","coordinates":[[-46.7697168,-23.5462874],[-46.7697879,-23.5462887],[-46.7701533,-23.54636]]}},{"type":"Feature","id":"way/1564013638","properties":{"highway":"service","oneway":"yes","id":"way/1564013638"},"geometry":{"type":"LineString","coordinates":[[-46.769584,-23.5463176],[-46.7697168,-23.5462874],[-46.7696833,-23.5463809]]}},{"type":"Feature","id":"way/1564015518","properties":{"highway":"service","id":"way/1564015518"},"geometry":{"type":"LineString","coordinates":[[-46.7711793,-23.5463569],[-46.7711625,-23.5464829],[-46.7711411,-23.5465844],[-46.7710794,-23.5466409],[-46.7707226,-23.5467946]]}},{"type":"Feature","id":"way/1564020468","properties":{"highway":"service","id":"way/1564020468"},"geometry":{"type":"LineString","coordinates":[[-46.7724936,-23.5449861],[-46.7724171,-23.5450512],[-46.7723139,-23.5450918],[-46.772236,-23.5451177]]}},{"type":"Feature","id":"way/1564020469","properties":{"highway":"service","id":"way/1564020469"},"geometry":{"type":"LineString","coordinates":[[-46.7724116,-23.5447719],[-46.7724936,-23.5449861],[-46.7727672,-23.5449381],[-46.7728262,-23.5450144],[-46.7728503,-23.5450893],[-46.7728812,-23.5451951]]}},{"type":"Feature","id":"way/1564032713","properties":{"highway":"service","id":"way/1564032713"},"geometry":{"type":"LineString","coordinates":[[-46.7624728,-23.5407505],[-46.7623222,-23.5407261]]}},{"type":"Feature","id":"way/1564032714","properties":{"access":"private","highway":"service","oneway":"yes","id":"way/1564032714"},"geometry":{"type":"LineString","coordinates":[[-46.7633924,-23.5405311],[-46.7631707,-23.5402786]]}},{"type":"Feature","id":"way/1564032715","properties":{"access":"private","highway":"service","id":"way/1564032715"},"geometry":{"type":"LineString","coordinates":[[-46.7630217,-23.5406057],[-46.7631239,-23.5407226]]}},{"type":"Feature","id":"way/1564032716","properties":{"access":"private","highway":"service","id":"way/1564032716"},"geometry":{"type":"LineString","coordinates":[[-46.7632112,-23.5402496],[-46.7624487,-23.5402772]]}},{"type":"Feature","id":"way/1564032717","properties":{"access":"private","highway":"service","id":"way/1564032717"},"geometry":{"type":"LineString","coordinates":[[-46.762731,-23.5407776],[-46.7628403,-23.5409079],[-46.7629918,-23.5408243],[-46.7631239,-23.5407226],[-46.7633924,-23.5405311],[-46.7635658,-23.5404075],[-46.763598,-23.540378],[-46.7635967,-23.5403473],[-46.7635269,-23.540196],[-46.763476,-23.5401788],[-46.7633808,-23.540185],[-46.7632788,-23.540201],[-46.7632112,-23.5402496],[-46.7631707,-23.5402786],[-46.7629037,-23.5404705],[-46.7625654,-23.5407137],[-46.7624728,-23.5407505]]}},{"type":"Feature","id":"way/909181762","properties":{"barrier":"fence","id":"way/909181762"},"geometry":{"type":"LineString","coordinates":[[-46.7763084,-23.5414913],[-46.7763882,-23.5414649],[-46.7766392,-23.5413918]]}},{"type":"Feature","id":"way/909181765","properties":{"barrier":"hedge","id":"way/909181765"},"geometry":{"type":"LineString","coordinates":[[-46.7765768,-23.5409137],[-46.776406,-23.5409141],[-46.7762508,-23.5409059]]}},{"type":"Feature","id":"way/909181769","properties":{"barrier":"fence","id":"way/909181769"},"geometry":{"type":"LineString","coordinates":[[-46.7747818,-23.54032],[-46.7748613,-23.5402441],[-46.7748985,-23.5402087]]}},{"type":"Feature","id":"way/909181772","properties":{"barrier":"fence","id":"way/909181772"},"geometry":{"type":"LineString","coordinates":[[-46.7748376,-23.54054],[-46.774813,-23.540523],[-46.7747996,-23.5404996],[-46.7747788,-23.5404542]]}},{"type":"Feature","id":"way/909181773","properties":{"barrier":"fence","id":"way/909181773"},"geometry":{"type":"LineString","coordinates":[[-46.7749869,-23.540544],[-46.7749332,-23.540558],[-46.7749082,-23.5405574],[-46.7748865,-23.5405569],[-46.7748376,-23.54054],[-46.7745957,-23.5410357],[-46.774674,-23.5410503]]}},{"type":"Feature","id":"way/909181774","properties":{"barrier":"fence","id":"way/909181774"},"geometry":{"type":"LineString","coordinates":[[-46.7747788,-23.5404542],[-46.7747798,-23.5403945],[-46.7747818,-23.54032]]}},{"type":"Feature","id":"way/909181777","properties":{"barrier":"fence","id":"way/909181777"},"geometry":{"type":"LineString","coordinates":[[-46.7748985,-23.5402087],[-46.7748954,-23.5399804],[-46.7748933,-23.5398181]]}},{"type":"Feature","id":"way/1377956774","properties":{"barrier":"wall","id":"way/1377956774"},"geometry":{"type":"LineString","coordinates":[[-46.7753745,-23.5422306],[-46.7757015,-23.5425078],[-46.7757199,-23.54249],[-46.7760571,-23.5427916]]}},{"type":"Feature","id":"way/1377956782","properties":{"barrier":"fence","id":"way/1377956782"},"geometry":{"type":"LineString","coordinates":[[-46.7760571,-23.5427916],[-46.7759786,-23.5428694],[-46.7759444,-23.5429034],[-46.7758757,-23.5430048]]}},{"type":"Feature","id":"way/1377956783","properties":{"barrier":"wall","id":"way/1377956783"},"geometry":{"type":"LineString","coordinates":[[-46.7755857,-23.5426497],[-46.7752249,-23.5423847]]}},{"type":"Feature","id":"way/1377956784","properties":{"barrier":"fence","id":"way/1377956784"},"geometry":{"type":"LineString","coordinates":[[-46.7752249,-23.5423847],[-46.7753192,-23.5422823],[-46.7753745,-23.5422306]]}},{"type":"Feature","id":"way/1377956788","properties":{"barrier":"wall","id":"way/1377956788"},"geometry":{"type":"LineString","coordinates":[[-46.775774,-23.5424354],[-46.7758437,-23.5423672],[-46.7759148,-23.5423064],[-46.7760596,-23.5421946],[-46.7758265,-23.5418994],[-46.7758008,-23.5418668]]}},{"type":"Feature","id":"way/1377956789","properties":{"barrier":"wall","id":"way/1377956789"},"geometry":{"type":"LineString","coordinates":[[-46.7754521,-23.5421508],[-46.7754724,-23.5421688],[-46.775774,-23.5424354]]}},{"type":"Feature","id":"way/681301023","properties":{"barrier":"fence","id":"way/681301023"},"geometry":{"type":"LineString","coordinates":[[-46.7678631,-23.5407306],[-46.7669244,-23.5414434],[-46.7667567,-23.5414835]]}},{"type":"Feature","id":"way/1177998064","properties":{"barrier":"wall","id":"way/1177998064"},"geometry":{"type":"LineString","coordinates":[[-46.7667567,-23.5414835],[-46.7664992,-23.5408983],[-46.7669337,-23.5407409]]}},{"type":"Feature","id":"way/1177998065","properties":{"barrier":"fence","id":"way/1177998065"},"geometry":{"type":"LineString","coordinates":[[-46.7677059,-23.5402004],[-46.7679494,-23.5406632]]}},{"type":"Feature","id":"way/1177998066","properties":{"barrier":"gate","id":"way/1177998066"},"geometry":{"type":"LineString","coordinates":[[-46.7679494,-23.5406632],[-46.7679184,-23.5406876],[-46.7678823,-23.540716],[-46.7678631,-23.5407306]]}},{"type":"Feature","id":"way/922882142","properties":{"barrier":"wall","id":"way/922882142"},"geometry":{"type":"LineString","coordinates":[[-46.7704956,-23.5356],[-46.7705891,-23.5358111],[-46.7707144,-23.5356]]}},{"type":"Feature","id":"node/960605035","properties":{"highway":"traffic_signals","traffic_signals":"signal","id":"node/960605035"},"geometry":{"type":"Point","coordinates":[-46.7751548,-23.547494]}},{"type":"Feature","id":"node/960605229","properties":{"highway":"traffic_signals","traffic_signals":"signal","id":"node/960605229"},"geometry":{"type":"Point","coordinates":[-46.7780169,-23.5522495]}},{"type":"Feature","id":"node/960605345","properties":{"highway":"traffic_signals","traffic_signals":"signal","id":"node/960605345"},"geometry":{"type":"Point","coordinates":[-46.7726786,-23.54258]}},{"type":"Feature","id":"node/1604243223","properties":{"highway":"traffic_signals","traffic_signals":"signal","id":"node/1604243223"},"geometry":{"type":"Point","coordinates":[-46.7750591,-23.5477554]}},{"type":"Feature","id":"node/1604243227","properties":{"highway":"traffic_signals","traffic_signals":"signal","id":"node/1604243227"},"geometry":{"type":"Point","coordinates":[-46.7756288,-23.550544]}},{"type":"Feature","id":"node/1644135412","properties":{"highway":"traffic_signals","traffic_signals":"signal","id":"node/1644135412"},"geometry":{"type":"Point","coordinates":[-46.7624259,-23.5449406]}},{"type":"Feature","id":"node/1644135458","properties":{"highway":"traffic_signals","traffic_signals":"signal","id":"node/1644135458"},"geometry":{"type":"Point","coordinates":[-46.7626418,-23.5447267]}},{"type":"Feature","id":"node/1657758661","properties":{"highway":"traffic_signals","traffic_signals":"signal","id":"node/1657758661"},"geometry":{"type":"Point","coordinates":[-46.7778245,-23.5400269]}},{"type":"Feature","id":"node/1687693531","properties":{"highway":"traffic_signals","traffic_signals":"signal","id":"node/1687693531"},"geometry":{"type":"Point","coordinates":[-46.7723668,-23.5425905]}},{"type":"Feature","id":"node/1687693544","properties":{"highway":"traffic_signals","traffic_signals":"signal","id":"node/1687693544"},"geometry":{"type":"Point","coordinates":[-46.7642442,-23.5452902]}},{"type":"Feature","id":"node/1687693551","properties":{"highway":"traffic_signals","traffic_signals":"signal","id":"node/1687693551"},"geometry":{"type":"Point","coordinates":[-46.7730256,-23.5505063]}},{"type":"Feature","id":"node/1696990100","properties":{"amenity":"restaurant","cuisine":"steak_house","name":"Estância Churrascaria","id":"node/1696990100"},"geometry":{"type":"Point","coordinates":[-46.7739818,-23.5390446]}},{"type":"Feature","id":"node/1696990108","properties":{"addr:city":"Osasco","addr:country":"BR","addr:housenumber":"2009","addr:street":"Avenida dos Autonomistas","addr:suburb":"Vila Yara","amenity":"restaurant","contact:phone":"+55 11 3668 3106","cuisine":"regional;gaucho","email":"contato@rincaogauchogrill.com.br","name":"Rincão Gaúcho Grill","opening_hours":"Mo-Fr 12:00-15:00, 18:00-23:00; Sa 12:00-24:00; Su 12:00-22:00; PH off","phone":"+55 11 3688 3440","website":"http://www.rincaogauchogrill.com.br/","id":"node/1696990108"},"geometry":{"type":"Point","coordinates":[-46.7707846,-23.540097]}},{"type":"Feature","id":"node/1699952039","properties":{"highway":"traffic_signals","traffic_signals":"signal","id":"node/1699952039"},"geometry":{"type":"Point","coordinates":[-46.7778003,-23.5524351]}},{"type":"Feature","id":"node/1700542397","properties":{"highway":"traffic_signals","traffic_signals":"signal","id":"node/1700542397"},"geometry":{"type":"Point","coordinates":[-46.7729925,-23.5363833]}},{"type":"Feature","id":"node/1701023329","properties":{"highway":"traffic_signals","id":"node/1701023329"},"geometry":{"type":"Point","coordinates":[-46.7684365,-23.540483]}},{"type":"Feature","id":"node/1701023334","properties":{"highway":"traffic_signals","id":"node/1701023334"},"geometry":{"type":"Point","coordinates":[-46.7684971,-23.5405796]}},{"type":"Feature","id":"node/2104362840","properties":{"shop":"bakery","id":"node/2104362840"},"geometry":{"type":"Point","coordinates":[-46.7770222,-23.5487802]}},{"type":"Feature","id":"node/2104363112","properties":{"addr:street":"Avenida Analice Sakatauskas","name":"+Saúde Hortifruti","old_name":"Supermercado Lopesa","shop":"greengrocer","wheelchair":"yes","id":"node/2104363112"},"geometry":{"type":"Point","coordinates":[-46.7762934,-23.5479052]}},{"type":"Feature","id":"node/2104364328","properties":{"name":"Açougue Torrão","shop":"butcher","id":"node/2104364328"},"geometry":{"type":"Point","coordinates":[-46.776534,-23.5481655]}},{"type":"Feature","id":"node/3155106723","properties":{"highway":"traffic_signals","traffic_signals":"signal","id":"node/3155106723"},"geometry":{"type":"Point","coordinates":[-46.766531,-23.5444254]}},{"type":"Feature","id":"node/4278463334","properties":{"addr:city":"Osasco","addr:housenumber":"940","addr:postcode":"06016-008","addr:street":"Rua Dona Primitiva Vianco","addr:suburb":"Centro","amenity":"pharmacy","brand":"Drogaria São Paulo","brand:wikidata":"Q5308184","contact:phone":"+55 11 3681 3582","dispensing":"yes","drive_through":"no","healthcare":"pharmacy","name":"Drogaria São Paulo","opening_hours":"24/7","phone":"+55 11 3682 1668","website":"https://www.drogariasaopaulo.com.br/","id":"node/4278463334"},"geometry":{"type":"Point","coordinates":[-46.7760943,-23.5366749]}},{"type":"Feature","id":"node/5270118502","properties":{"addr:city":"Osasco","addr:housenumber":"2423","addr:postcode":"06090-020","addr:street":"Avenida dos Autonomistas","addr:suburb":"Centro","amenity":"bank","atm":"yes","brand":"Caixa Econômica Federal","brand:wikidata":"Q835283","drive_through":"no","name":"Caixa Econômica Federal","opening_hours":"Mo-Fr 10:00-16:00","id":"node/5270118502"},"geometry":{"type":"Point","coordinates":[-46.7763339,-23.538168]}},{"type":"Feature","id":"node/5320428934","properties":{"addr:street":"Rua Narciso Sturlini","amenity":"pharmacy","contact:phone":"+55 11 98504 2573","dispensing":"yes","drive_through":"no","healthcare":"pharmacy","name":"Droga Forte","phone":"+55 11 3699 3157","id":"node/5320428934"},"geometry":{"type":"Point","coordinates":[-46.774041,-23.5418286]}},{"type":"Feature","id":"node/5648640052","properties":{"highway":"traffic_signals","traffic_signals":"signal","id":"node/5648640052"},"geometry":{"type":"Point","coordinates":[-46.773889,-23.5471429]}},{"type":"Feature","id":"node/5648640059","properties":{"crossing":"traffic_signals","highway":"traffic_signals","traffic_signals":"signal","id":"node/5648640059"},"geometry":{"type":"Point","coordinates":[-46.7718825,-23.5447492]}},{"type":"Feature","id":"node/5648640087","properties":{"highway":"traffic_signals","traffic_signals":"signal","id":"node/5648640087"},"geometry":{"type":"Point","coordinates":[-46.767313,-23.5442046]}},{"type":"Feature","id":"node/6058199083","properties":{"amenity":"bench","id":"node/6058199083"},"geometry":{"type":"Point","coordinates":[-46.7786542,-23.542212]}},{"type":"Feature","id":"node/6058199084","properties":{"amenity":"bench","id":"node/6058199084"},"geometry":{"type":"Point","coordinates":[-46.7786348,-23.5423546]}},{"type":"Feature","id":"node/6093884715","properties":{"brand":"Cobasi","brand:wikidata":"Q86739236","name":"Cobasi","shop":"pet","id":"node/6093884715"},"geometry":{"type":"Point","coordinates":[-46.7712769,-23.5373805]}},{"type":"Feature","id":"node/6143364540","properties":{"natural":"tree","id":"node/6143364540"},"geometry":{"type":"Point","coordinates":[-46.7704179,-23.5442332]}},{"type":"Feature","id":"node/6143364541","properties":{"natural":"tree","id":"node/6143364541"},"geometry":{"type":"Point","coordinates":[-46.7695167,-23.5442529]}},{"type":"Feature","id":"node/6143364542","properties":{"natural":"tree","id":"node/6143364542"},"geometry":{"type":"Point","coordinates":[-46.7705038,-23.5441914]}},{"type":"Feature","id":"node/6143364543","properties":{"natural":"tree","id":"node/6143364543"},"geometry":{"type":"Point","coordinates":[-46.7703777,-23.5442013]}},{"type":"Feature","id":"node/6143367306","properties":{"natural":"tree","id":"node/6143367306"},"geometry":{"type":"Point","coordinates":[-46.7702758,-23.5436357]}},{"type":"Feature","id":"node/6143367307","properties":{"natural":"tree","id":"node/6143367307"},"geometry":{"type":"Point","coordinates":[-46.7704689,-23.5435005]}},{"type":"Feature","id":"node/6143367308","properties":{"natural":"tree","id":"node/6143367308"},"geometry":{"type":"Point","coordinates":[-46.7702597,-23.5435275]}},{"type":"Feature","id":"node/6143367309","properties":{"natural":"tree","id":"node/6143367309"},"geometry":{"type":"Point","coordinates":[-46.7693424,-23.5435964]}},{"type":"Feature","id":"node/6143367310","properties":{"natural":"tree","id":"node/6143367310"},"geometry":{"type":"Point","coordinates":[-46.7691573,-23.5435669]}},{"type":"Feature","id":"node/6143367311","properties":{"natural":"tree","id":"node/6143367311"},"geometry":{"type":"Point","coordinates":[-46.7691197,-23.5435054]}},{"type":"Feature","id":"node/6143367312","properties":{"natural":"tree","id":"node/6143367312"},"geometry":{"type":"Point","coordinates":[-46.7688676,-23.5452463]}},{"type":"Feature","id":"node/6143367315","properties":{"natural":"tree","id":"node/6143367315"},"geometry":{"type":"Point","coordinates":[-46.768991,-23.5450127]}},{"type":"Feature","id":"node/6143367316","properties":{"natural":"tree","id":"node/6143367316"},"geometry":{"type":"Point","coordinates":[-46.7688703,-23.5451381]}},{"type":"Feature","id":"node/6157717964","properties":{"shop":"convenience","id":"node/6157717964"},"geometry":{"type":"Point","coordinates":[-46.7779377,-23.5529514]}},{"type":"Feature","id":"node/6157717965","properties":{"addr:street":"Avenida Prefeito Hirant Sanazar","service:vehicle:oil_change":"yes","shop":"car_repair","id":"node/6157717965"},"geometry":{"type":"Point","coordinates":[-46.7780599,-23.5530447]}},{"type":"Feature","id":"node/6203195195","properties":{"crossing":"traffic_signals","highway":"traffic_signals","traffic_signals":"signal","id":"node/6203195195"},"geometry":{"type":"Point","coordinates":[-46.7694083,-23.5401876]}},{"type":"Feature","id":"node/6203195196","properties":{"crossing":"traffic_signals","highway":"traffic_signals","traffic_signals":"signal","id":"node/6203195196"},"geometry":{"type":"Point","coordinates":[-46.7693595,-23.5400375]}},{"type":"Feature","id":"node/6203195242","properties":{"highway":"traffic_signals","traffic_signals":"signal","id":"node/6203195242"},"geometry":{"type":"Point","coordinates":[-46.7658196,-23.5425038]}},{"type":"Feature","id":"node/6203195243","properties":{"highway":"traffic_signals","traffic_signals":"signal","id":"node/6203195243"},"geometry":{"type":"Point","coordinates":[-46.7657634,-23.5424352]}},{"type":"Feature","id":"node/6203195245","properties":{"highway":"traffic_signals","traffic_signals":"signal","id":"node/6203195245"},"geometry":{"type":"Point","coordinates":[-46.762792,-23.5448988]}},{"type":"Feature","id":"node/6203210761","properties":{"crossing":"traffic_signals","highway":"traffic_signals","traffic_signals":"signal","id":"node/6203210761"},"geometry":{"type":"Point","coordinates":[-46.7721915,-23.54474]}},{"type":"Feature","id":"node/6203765954","properties":{"addr:housenumber":"31","addr:postcode":"06080-010","addr:street":"Avenida Lucianinho Melli","hairdresser":"barber","name":"Retro Barbearia","shop":"hairdresser","id":"node/6203765954"},"geometry":{"type":"Point","coordinates":[-46.7788923,-23.5421507]}},{"type":"Feature","id":"node/6204168759","properties":{"highway":"traffic_signals","traffic_signals":"signal","id":"node/6204168759"},"geometry":{"type":"Point","coordinates":[-46.7738052,-23.5473896]}},{"type":"Feature","id":"node/6204169095","properties":{"highway":"traffic_signals","traffic_signals":"signal","id":"node/6204169095"},"geometry":{"type":"Point","coordinates":[-46.7610077,-23.5479158]}},{"type":"Feature","id":"node/6205282105","properties":{"highway":"traffic_signals","traffic_signals":"signal","id":"node/6205282105"},"geometry":{"type":"Point","coordinates":[-46.7755416,-23.5503735]}},{"type":"Feature","id":"node/8677736066","properties":{"crossing":"traffic_signals","highway":"traffic_signals","id":"node/8677736066"},"geometry":{"type":"Point","coordinates":[-46.7611092,-23.5478137]}},{"type":"Feature","id":"node/9444695155","properties":{"addr:postcode":"06023-180","addr:street":"Praça Pedro Salgado","addr:suburb":"Vila Campesina","amenity":"school","email":"osasco2@fundacao.bradesco","name":"E.E.I.E.F. Embaixador Assis Chateaubriand","operator":"Fundação Bradesco","operator:type":"charitable","operator:wikidata":"Q10286258","phone":"+55 11 3684 5172","source":"Fundação Bradesco;INEP","start_date":"1990-02-12","website":"https://fundacao.bradesco/pt-BR/Escolas?ID=4","id":"node/9444695155"},"geometry":{"type":"Point","coordinates":[-46.7716009,-23.5454904]}},{"type":"Feature","id":"node/9444695156","properties":{"amenity":"school","contact:phone":"+55 11 3684 4824","email":"osasco1@fundacao.bradesco","name":"E.E.F.M.E.P.J.A. Embaixador Assis Chateaubriand","operator":"Fundação Bradesco","operator:type":"private","phone":"+55 11 3684 4272","ref":"INEP-35109423","source":"Fundação Bradesco;INEP","start_date":"1962-06-29","id":"node/9444695156"},"geometry":{"type":"Point","coordinates":[-46.7661052,-23.5466974]}},{"type":"Feature","id":"node/10678385053","properties":{"addr:street":"Rua Narciso Sturlini","name":"Padaria Casa Carolina","shop":"bakery","id":"node/10678385053"},"geometry":{"type":"Point","coordinates":[-46.7740489,-23.5419882]}},{"type":"Feature","id":"node/10678385062","properties":{"addr:housenumber":"794","addr:street":"Rua Narciso Sturlini","amenity":"restaurant","cuisine":"japanese","name":"Dakoto Restaurante Japonês","id":"node/10678385062"},"geometry":{"type":"Point","coordinates":[-46.7740766,-23.5424377]}},{"type":"Feature","id":"node/10678398692","properties":{"addr:city":"Osasco","addr:housenumber":"78","addr:postcode":"06060-000","addr:street":"Avenida Analice Sakatauskas","addr:suburb":"bela vista","amenity":"restaurant","cuisine":"fish_and_chips","name":"Peixe Godói","phone":"+55 11 4237 6004","website":"https://www.instagram.com/peixe_godoy/","id":"node/10678398692"},"geometry":{"type":"Point","coordinates":[-46.7759341,-23.5475809]}},{"type":"Feature","id":"node/10678398694","properties":{"addr:housenumber":"76","addr:street":"Avenida Analice Sakatauskas","amenity":"pharmacy","contact:mobile":"+55 11 95821 8054","delivery":"yes","dispensing":"yes","drive_through":"no","healthcare":"pharmacy","name":"DrogaMed","phone":"+55 11 3685 1836","id":"node/10678398694"},"geometry":{"type":"Point","coordinates":[-46.7758592,-23.5475241]}},{"type":"Feature","id":"node/10678398695","properties":{"addr:housenumber":"70-A","addr:street":"Avenida Analice Sakatauskas","male":"yes","name":"Barbearia OSS","phone":"+55 11 4575 3191","shop":"hairdresser","id":"node/10678398695"},"geometry":{"type":"Point","coordinates":[-46.7758006,-23.5474973]}},{"type":"Feature","id":"node/10678398702","properties":{"addr:housenumber":"50","addr:street":"Avenida Analice Sakatauskas","amenity":"dojo","name":"Academia de Lutas Pitbull Brothers","id":"node/10678398702"},"geometry":{"type":"Point","coordinates":[-46.7758885,-23.547142]}},{"type":"Feature","id":"node/10678507906","properties":{"addr:street":"Avenida Analice Sakatauskas","amenity":"restaurant","name":"Alex Bar e Restaurante","phone":"+55 11 96925 6576","id":"node/10678507906"},"geometry":{"type":"Point","coordinates":[-46.7756378,-23.5473122]}},{"type":"Feature","id":"node/11623793044","properties":{"addr:city":"Osasco","addr:housenumber":"253 sala 912","addr:postcode":"06023-080","addr:street":"Rua Ana Pereira Melo","addr:suburb":"Vila Campesina","amenity":"dentist","healthcare":"dentist","healthcare:speciality":"dental_oral_maxillo_facial_surgery","name":"Maia Clínica Odontológica","id":"node/11623793044"},"geometry":{"type":"Point","coordinates":[-46.7666828,-23.5440667]}},{"type":"Feature","id":"node/12071857491","properties":{"addr:street":"Avenida dos Autonomistas","branch":"Osasco","name":"Swift","payment:cash":"yes","payment:credit_cards":"yes","payment:debit_cards":"yes","shop":"butcher","id":"node/12071857491"},"geometry":{"type":"Point","coordinates":[-46.7785273,-23.5374456]}},{"type":"Feature","id":"node/12559374437","properties":{"amenity":"pharmacy","healthcare":"pharmacy","name":"Bifarma","id":"node/12559374437"},"geometry":{"type":"Point","coordinates":[-46.7766492,-23.5377064]}},{"type":"Feature","id":"node/12615942884","properties":{"addr:city":"Osasco","addr:housenumber":"2435","addr:postcode":"06090-020","addr:street":"Avenida dos Autonomistas","addr:suburb":"Centro","amenity":"clinic","check_date":"2025-02-24","contact:email":"angiohealth@gmail.com","currency:XBT":"yes","healthcare":"clinic","name":"Angiohealth Cirurgia Vascular","payment:lightning":"yes","payment:lightning_contactless":"yes","payment:onchain":"yes","phone":"+55 11 3682 3200","id":"node/12615942884"},"geometry":{"type":"Point","coordinates":[-46.7768116,-23.5382378]}},{"type":"Feature","id":"node/12766210541","properties":{"amenity":"fuel","id":"node/12766210541"},"geometry":{"type":"Point","coordinates":[-46.7666389,-23.5584481]}},{"type":"Feature","id":"node/12766210542","properties":{"amenity":"pharmacy","branch":"Adalgisa","brand":"Drogaria São Paulo","brand:wikidata":"Q5308184","healthcare":"pharmacy","name":"Drogaria São Paulo","id":"node/12766210542"},"geometry":{"type":"Point","coordinates":[-46.7665966,-23.55881]}},{"type":"Feature","id":"node/12848943867","properties":{"addr:city":"Osasco","addr:housenumber":"810","addr:postcode":"06020-015","addr:street":"Avenida dos Autonomistas","addr:suburb":"Vila Yara","branch":"Osasco","brand":"Telhanorte","brand:wikidata":"Q10379294","contact:website":"https://www.telhanorte.com.br/","name":"Telhanorte","shop":"hardware","smoking":"outside","id":"node/12848943867"},"geometry":{"type":"Point","coordinates":[-46.7628687,-23.5432989]}},{"type":"Feature","id":"node/13086892532","properties":{"addr:city":"Osasco","addr:housenumber":"1001","addr:street":"Avenida dos Autonomistas","alt_name":"Bajaj; Bajaj Osasco","brand":"Bajaj","brand:wikidata":"Q10910065","contact:phone":"+11 5554 1280","name":"Carrera Osasco","opening_hours":"Mo-Fr 08:00-19:00; Sa 08:00+17:00; Su off; PH closed","shop":"motorcycle","id":"node/13086892532"},"geometry":{"type":"Point","coordinates":[-46.7644183,-23.5436806]}},{"type":"Feature","id":"node/13287872348","properties":{"addr:housenumber":"930","addr:street":"Avenida Franz Voegeli","addr:suburb":"Jardim Wilson","amenity":"veterinary","name":"Hospital Veterinário Renato Rafael da Silva","opening_hours":"Tu-Su 08:00-20:00; PH off","id":"node/13287872348"},"geometry":{"type":"Point","coordinates":[-46.7627316,-23.5371553]}},{"type":"Feature","id":"node/13450642872","properties":{"addr:housenumber":"815","addr:street":"Avenida Manoel da Nóbrega","addr:suburb":"Jardim Adalgisa","amenity":"community_centre","name":"Associação dos Amigos do Jardim Adalgisa II","id":"node/13450642872"},"geometry":{"type":"Point","coordinates":[-46.7672152,-23.5585873]}},{"type":"Feature","id":"node/13450839649","properties":{"addr:city":"Osasco","addr:housenumber":"307","addr:postcode":"06018-160","addr:street":"Rua Alice Manholer Piteri","addr:suburb":"Bela Vista","amenity":"place_of_worship","denomination":"pentecostal","description":"Ministério Belém","name":"Assembléia de Deus","religion":"christian","id":"node/13450839649"},"geometry":{"type":"Point","coordinates":[-46.7759756,-23.5407063]}},{"type":"Feature","id":"node/13510779201","properties":{"addr:housenumber":"279","addr:street":"Rua Manoel Saraiva","amenity":"school","name":"Nova Acrópole Osasco","id":"node/13510779201"},"geometry":{"type":"Point","coordinates":[-46.7692871,-23.5431852]}},{"type":"Feature","id":"node/13651338572","properties":{"amenity":"police","name":"Delegacia de Polícia","operator":"Polícia Civil do Estado de São Paulo","operator:wikidata":"Q10350993","id":"node/13651338572"},"geometry":{"type":"Point","coordinates":[-46.7710622,-23.5451456]}},{"type":"Feature","id":"node/13651375066","properties":{"amenity":"police","name":"Delegacia de Defesa da Mulher","operator":"Polícia Civil do Estado de São Paulo","operator:wikidata":"Q10350993","id":"node/13651375066"},"geometry":{"type":"Point","coordinates":[-46.7750163,-23.5369223]}},{"type":"Feature","id":"node/14087734638","properties":{"addr:city":"Osasco","addr:housenumber":"167","addr:postcode":"06030302","addr:state":"SP","addr:street":"Al. Sibipiruna Jd. Lorian","amenity":"doctors","fixme":"Confirmar se é consultório (amenity=doctors) ou residência antes de subir","name":"Dr. Jorge Emilio Eljach","id":"node/14087734638"},"geometry":{"type":"Point","coordinates":[-46.7702,-23.5552]}}]}